#VRML V2.0 utf8
# 3D model generated by easyeda2kicad.py (https://github.com/uPesy/easyeda2kicad.py)

Shape{
    appearance Appearance {
        material  Material 	{
            diffuseColor 1.0 1.0 1.0
            specularColor 0.5019607843137255 0.5019607843137255 0.5019607843137255
            ambientIntensity 1.0
            transparency 0.0
            shininess 0.5
        }
    }
    geometry IndexedFaceSet {
        ccw TRUE
        solid FALSE
        coord DEF co Coordinate {
            point [
                0.5346 0.5906 0.5551, 0.5074 0.5906 0.5551, 0.5074 -0.3407 0.5551, 0.3468 -0.4259 0.5551, 0.3637 -0.4259 0.5551, 0.3637 -0.4107 0.5551, 0.2902 -0.4794 0.5551, 0.2879 -0.4797 0.5551, 0.3013 -0.4797 0.5551, 0.1437 -0.395 0.5551, 0.1771 -0.395 0.5551, 0.1419 -0.3923 0.5551, 0.1771 -0.3407 0.5551, 0.1318 -0.3834 0.5551, 0.0803 -0.3352 0.5551, 0.0885 -0.3407 0.5551, 0.0972 -0.3466 0.5551, 0.1096 -0.3609 0.5551, 0.1177 -0.3766 0.5551, 0.1206 -0.3776 0.5551, 0.0093 -0.3359 0.5551, 0.0268 -0.3292 0.5551, -0.2031 0.5906 0.5551, 0.1771 0.5906 0.5551, 0.0456 -0.3269 0.5551, 0.0612 -0.3285 0.5551, 0.0015 -0.3407 0.5551, -0.2031 -0.3407 0.5551, 0.0 -0.3417 0.5551, -0.2031 -0.395 0.5551, -0.0815 -0.395 0.5551, -0.0782 -0.3876 0.5551, -0.069 -0.3758 0.5551, -0.0404 -0.3595 0.5551, -0.0254 -0.3576 0.5551, -0.0089 -0.3493 0.5551, -0.021 -0.3578 0.5551, -0.0166 -0.3584 0.5551, -0.0665 -0.3734 0.5551, -0.0545 -0.3649 0.5551, -0.0454 -0.4772 0.5551, -0.0591 -0.4705 0.5551, -0.2031 -0.4797 0.5551, -0.0406 -0.4787 0.5551, -0.0401 -0.4797 0.5551, -0.0368 -0.4868 0.5551, -0.0709 -0.4605 0.5551, -0.0795 -0.4482 0.5551, -0.085 -0.4341 0.5551, -0.0869 -0.4191 0.5551, -0.2031 -0.4107 0.5551, -0.0868 -0.4156 0.5551, -0.0859 -0.4107 0.5551, -0.0842 -0.4013 0.5551, -0.0237 -0.4994 0.5551, -0.0289 -0.4954 0.5551, -0.2031 -0.4954 0.5551, -0.0311 -0.4938 0.5551, 0.0199 -0.4954 0.5551, 0.0131 -0.5001 0.5551, 0.1771 -0.5906 0.5551, 0.0047 -0.5034 0.5551, -0.0045 -0.5045 0.5551, -0.2031 -0.5906 0.5551, -0.006 -0.5044 0.5551, -0.015 -0.503 0.5551, 0.0311 -0.4797 0.5551, 0.031 -0.4798 0.5551, 0.1771 -0.4954 0.5551, 0.0266 -0.4882 0.5551, 0.0207 -0.4948 0.5551, 0.024 -0.4411 0.5551, 0.0748 -0.4145 0.5551, 0.0173 -0.4351 0.5551, 0.0093 -0.4307 0.5551, 0.1494 -0.4033 0.5551, 0.1522 -0.4107 0.5551, 0.1771 -0.4107 0.5551, 0.1538 -0.4149 0.5551, 0.1299 -0.4717 0.5551, 0.1182 -0.4771 0.5551, 0.1771 -0.4797 0.5551, 0.1067 -0.4794 0.5551, 0.0778 -0.4768 0.5551, 0.0761 -0.4753 0.5551, 0.1316 -0.4234 0.5551, 0.1298 -0.4161 0.5551, 0.1269 -0.4107 0.5551, -0.062 -0.4107 0.5551, 0.0774 -0.4588 0.5551, 0.0798 -0.4572 0.5551, 0.0866 -0.4346 0.5551, 0.0824 -0.4562 0.5551, 0.1482 -0.4529 0.5551, 0.1412 -0.4624 0.5551, 0.1399 -0.4637 0.5551, 0.0843 -0.4794 0.5551, 0.0829 -0.4792 0.5551, 0.0803 -0.4784 0.5551, -0.0598 -0.4334 0.5551, -0.0552 -0.4412 0.5551, -0.036 -0.4451 0.5551, -0.0484 -0.4482 0.5551, -0.0402 -0.4532 0.5551, -0.0219 -0.4325 0.5551, -0.0297 -0.4379 0.5551, -0.063 -0.4183 0.5551, -0.0625 -0.4241 0.5551, 0.1553 -0.4263 0.5551, 0.1552 -0.4286 0.5551, 0.1532 -0.441 0.5551, 0.0733 -0.4677 0.5551, 0.0734 -0.4665 0.5551, 0.0334 -0.4627 0.5551, 0.074 -0.4636 0.5551, 0.0754 -0.4609 0.5551, -0.0135 -0.4293 0.5551, -0.0045 -0.4282 0.5551, 0.0001 -0.4285 0.5551, 0.0745 -0.4729 0.5551, 0.0736 -0.4703 0.5551, 0.0333 -0.4704 0.5551, 0.0334 -0.4665 0.5551, 0.0851 -0.4559 0.5551, 0.0854 -0.4559 0.5551, 0.0866 -0.4562 0.5551, 0.1241 -0.4467 0.5551, 0.1282 -0.4408 0.5551, 0.1308 -0.434 0.5551, 0.1317 -0.4267 0.5551, 0.0873 -0.4563 0.5551, 0.1044 -0.4563 0.5551, 0.1112 -0.455 0.5551, 0.1179 -0.4519 0.5551, 0.1235 -0.4473 0.5551, 0.0991 -0.3971 0.5551, -0.0586 -0.4007 0.5551, -0.0618 -0.4092 0.5551, 0.1021 -0.3971 0.5551, 0.1263 -0.4096 0.5551, 0.1219 -0.4046 0.5551, 0.116 -0.4005 0.5551, 0.1093 -0.398 0.5551, -0.0546 -0.395 0.5551, -0.0049 -0.3861 0.5551, -0.0077 -0.3845 0.5551, 0.093 -0.3777 0.5551, 0.0852 -0.3669 0.5551, 0.0804 -0.3623 0.5551, 0.0696 -0.3552 0.5551, 0.0576 -0.3509 0.5551, -0.0162 -0.3814 0.5551, -0.025 -0.3804 0.5551, -0.0289 -0.3806 0.5551, 0.0987 -0.395 0.5551, 0.0979 -0.3904 0.5551, 0.046 -0.3496 0.5551, 0.0437 -0.3497 0.5551, 0.0002 -0.3753 0.5551, 0.0311 -0.3517 0.5551, 0.0084 -0.3649 0.5551, 0.0188 -0.3569 0.5551, -0.0382 -0.3828 0.5551, -0.0467 -0.3872 0.5551, -0.0533 -0.3931 0.5551, 0.2265 -0.432 0.5551, 0.2059 -0.432 0.5551, 0.2059 -0.4491 0.5551, 0.2274 -0.4797 0.5551, 0.199 -0.4792 0.5551, 0.2274 -0.4792 0.5551, 0.2059 -0.4552 0.5551, 0.2059 -0.4732 0.5551, 0.225 -0.4552 0.5551, 0.2274 -0.4732 0.5551, 0.225 -0.4491 0.5551, 0.199 -0.4259 0.5551, 0.2274 -0.4107 0.5551, 0.2265 -0.4259 0.5551, 0.2285 -0.4107 0.5551, 0.2277 -0.4792 0.5551, 0.2285 -0.4797 0.5551, 0.2277 -0.4732 0.5551, 0.4306 -0.395 0.5551, 0.4132 -0.3946 0.5551, 0.4056 -0.3946 0.5551, 0.3929 -0.3412 0.5551, 0.4306 -0.3407 0.5551, 0.3806 -0.3407 0.5551, 0.3806 -0.38 0.5551, 0.3779 -0.38 0.5551, 0.3806 -0.395 0.5551, 0.3728 -0.3946 0.5551, 0.3637 -0.395 0.5551, 0.3652 -0.3946 0.5551, 0.3637 -0.3407 0.5551, 0.3806 -0.3542 0.5551, 0.3855 -0.3412 0.5551, 0.3188 -0.3946 0.5551, 0.3188 -0.3412 0.5551, 0.3075 -0.3473 0.5551, 0.3075 -0.3412 0.5551, 0.334 -0.3412 0.5551, 0.3432 -0.3407 0.5551, 0.3013 -0.3407 0.5551, 0.3013 -0.3412 0.5551, 0.2869 -0.3705 0.5551, 0.2869 -0.3885 0.5551, 0.3013 -0.3705 0.5551, 0.3013 -0.3885 0.5551, 0.306 -0.3705 0.5551, 0.3087 -0.3885 0.5551, 0.3087 -0.3946 0.5551, 0.3426 -0.3934 0.5551, 0.3335 -0.3946 0.5551, 0.3432 -0.395 0.5551, 0.3013 -0.395 0.5551, 0.2869 -0.3473 0.5551, 0.2869 -0.3644 0.5551, 0.3013 -0.3473 0.5551, 0.3013 -0.3644 0.5551, 0.306 -0.3644 0.5551, 0.28 -0.3412 0.5551, 0.2769 -0.3407 0.5551, 0.28 -0.3946 0.5551, 0.2715 -0.395 0.5551, 0.2693 -0.3497 0.5551, 0.2693 -0.3857 0.5551, 0.2687 -0.3493 0.5551, 0.267 -0.3868 0.5551, 0.267 -0.3487 0.5551, 0.2641 -0.3881 0.5551, 0.258 -0.3892 0.5551, 0.2392 -0.3801 0.5551, 0.2418 -0.3837 0.5551, 0.2428 -0.3847 0.5551, 0.2463 -0.3872 0.5551, 0.2393 -0.3564 0.5551, 0.25 -0.3475 0.5551, 0.2422 -0.3524 0.5551, 0.2458 -0.3494 0.5551, 0.2633 -0.3473 0.5551, 0.2567 -0.3465 0.5551, 0.2366 -0.3704 0.5551, 0.2546 -0.3466 0.5551, 0.2366 -0.3685 0.5551, 0.2375 -0.361 0.5551, 0.2501 -0.3887 0.5551, 0.2555 -0.3893 0.5551, 0.2375 -0.3758 0.5551, 0.2693 -0.3425 0.5551, 0.2715 -0.3407 0.5551, 0.267 -0.3418 0.5551, 0.267 -0.3407 0.5551, 0.2637 -0.3408 0.5551, 0.2623 -0.3407 0.5551, 0.2568 -0.3403 0.5551, 0.267 0.5906 0.5551, 0.2566 -0.3403 0.5551, 0.2285 0.5906 0.5551, 0.253 -0.3407 0.5551, 0.2498 -0.395 0.5551, 0.2455 -0.3941 0.5551, 0.2285 -0.395 0.5551, 0.2405 -0.3917 0.5551, 0.2362 -0.3882 0.5551, 0.2285 -0.3407 0.5551, 0.2332 -0.3532 0.5551, 0.237 -0.3481 0.5551, 0.2353 -0.3872 0.5551, 0.2323 -0.3826 0.5551, 0.2302 -0.3769 0.5551, 0.2383 -0.3469 0.5551, 0.2433 -0.3434 0.5551, 0.2489 -0.3412 0.5551, 0.2293 -0.3689 0.5551, 0.2294 -0.3661 0.5551, 0.2306 -0.3591 0.5551, 0.2513 -0.3953 0.5551, 0.2545 -0.3955 0.5551, 0.267 -0.4107 0.5551, 0.2592 -0.395 0.5551, 0.2693 -0.3924 0.5551, 0.2684 -0.3928 0.5551, 0.267 -0.395 0.5551, 0.267 -0.3933 0.5551, 0.2627 -0.3947 0.5551, -0.6465 0.5906 0.5551, -0.4251 -0.3284 0.5551, -0.4034 -0.3255 0.5551, -0.4762 -0.3676 0.5551, -0.4628 -0.3502 0.5551, -0.6465 -0.3407 0.5551, -0.4505 -0.3407 0.5551, -0.4454 -0.3368 0.5551, -0.6465 -0.4107 0.5551, -0.4874 -0.4096 0.5551, -0.6465 -0.395 0.5551, -0.4855 -0.395 0.5551, -0.4846 -0.3878 0.5551, -0.4628 -0.469 0.5551, -0.4762 -0.4516 0.5551, -0.6465 -0.4797 0.5551, -0.4846 -0.4313 0.5551, -0.4873 -0.4107 0.5551, -0.3579 -0.4797 0.5551, -0.3614 -0.4824 0.5551, -0.6465 -0.4954 0.5551, -0.4454 -0.4824 0.5551, -0.4489 -0.4797 0.5551, -0.3816 -0.4907 0.5551, -0.4034 -0.4936 0.5551, -0.4251 -0.4907 0.5551, -0.3222 -0.4313 0.5551, -0.3306 -0.4516 0.5551, -0.344 -0.469 0.5551, -0.3195 -0.4107 0.5551, -0.3816 -0.3284 0.5551, -0.3614 -0.3368 0.5551, -0.3563 -0.3407 0.5551, -0.344 -0.3502 0.5551, -0.3306 -0.3676 0.5551, -0.3222 -0.3878 0.5551, -0.3213 -0.395 0.5551, -0.3194 -0.4096 0.5551, 0.3608 -0.3768 0.5551, 0.3582 -0.3823 0.5551, 0.356 -0.35 0.5551, 0.3593 -0.3547 0.5551, 0.3542 -0.3871 0.5551, 0.3487 -0.391 0.5551, 0.3432 -0.3932 0.5551, 0.3542 -0.3483 0.5551, 0.3421 -0.3421 0.5551, 0.3432 -0.3425 0.5551, 0.3486 -0.3444 0.5551, 0.3613 -0.3598 0.5551, 0.3622 -0.3672 0.5551, 0.3621 -0.3706 0.5551, 0.2424 -0.4797 0.5551, 0.242 -0.4796 0.5551, 0.2378 -0.4438 0.5551, 0.2378 -0.4503 0.5551, 0.2647 -0.4547 0.5551, 0.2647 -0.4792 0.5551, 0.267 -0.4797 0.5551, 0.258 -0.4792 0.5551, 0.2577 -0.4414 0.5551, 0.26 -0.4427 0.5551, 0.2395 -0.4786 0.5551, 0.2374 -0.4771 0.5551, 0.2365 -0.4762 0.5551, 0.2368 -0.4611 0.5551, 0.2388 -0.4593 0.5551, 0.2417 -0.4578 0.5551, 0.2425 -0.4474 0.5551, 0.2468 -0.4566 0.5551, 0.2526 -0.4459 0.5551, 0.2503 -0.4457 0.5551, 0.2467 -0.446 0.5551, 0.2549 -0.4406 0.5551, 0.2618 -0.4444 0.5551, 0.2631 -0.4465 0.5551, 0.2642 -0.4496 0.5551, 0.258 -0.4733 0.5551, 0.2579 -0.4733 0.5551, 0.2567 -0.4751 0.5551, 0.2546 -0.4773 0.5551, 0.2352 -0.4743 0.5551, 0.2344 -0.472 0.5551, 0.2341 -0.469 0.5551, 0.2341 -0.4682 0.5551, 0.2345 -0.4654 0.5551, 0.2355 -0.463 0.5551, 0.2392 -0.443 0.5551, 0.2441 -0.4411 0.5551, 0.251 -0.4402 0.5551, 0.258 -0.455 0.5551, 0.2578 -0.4521 0.5551, 0.2571 -0.4497 0.5551, 0.2564 -0.4483 0.5551, 0.2554 -0.4472 0.5551, 0.2542 -0.4465 0.5551, 0.2498 -0.4797 0.5551, 0.2494 -0.4798 0.5551, 0.267 -0.4954 0.5551, 0.2285 -0.4954 0.5551, 0.2462 -0.4801 0.5551, 0.2452 -0.4801 0.5551, 0.2715 -0.4107 0.5551, 0.2748 -0.447 0.5551, 0.2761 -0.4452 0.5551, 0.2762 -0.4725 0.5551, 0.2769 -0.4728 0.5551, 0.2769 -0.4586 0.5551, 0.2769 -0.4107 0.5551, 0.2757 -0.4574 0.5551, 0.2749 -0.4562 0.5551, 0.2738 -0.471 0.5551, 0.2768 -0.4586 0.5551, 0.2742 -0.4541 0.5551, 0.2738 -0.4514 0.5551, 0.2741 -0.4491 0.5551, 0.2738 -0.4779 0.5551, 0.2715 -0.4797 0.5551, 0.2769 -0.479 0.5551, 0.2769 -0.4797 0.5551, 0.2785 -0.4796 0.5551, 0.2798 -0.4797 0.5551, 0.2841 -0.4801 0.5551, 0.2769 -0.4954 0.5551, 0.3013 -0.4954 0.5551, 0.2977 -0.4419 0.5551, 0.2977 -0.4484 0.5551, 0.2985 -0.4735 0.5551, 0.2973 -0.4753 0.5551, 0.2769 -0.4444 0.5551, 0.2781 -0.4433 0.5551, 0.2797 -0.4423 0.5551, 0.2993 -0.4714 0.5551, 0.2833 -0.4409 0.5551, 0.2887 -0.4402 0.5551, 0.3013 -0.4107 0.5551, 0.2934 -0.4407 0.5551, 0.2952 -0.4771 0.5551, 0.2937 -0.478 0.5551, 0.2973 -0.4626 0.5551, 0.2985 -0.4643 0.5551, 0.2992 -0.4662 0.5551, 0.2995 -0.4689 0.5551, 0.288 -0.4457 0.5551, 0.286 -0.4458 0.5551, 0.2807 -0.4508 0.5551, 0.2843 -0.4463 0.5551, 0.2828 -0.4471 0.5551, 0.2808 -0.4517 0.5551, 0.2811 -0.4527 0.5551, 0.2815 -0.4536 0.5551, 0.2822 -0.4544 0.5551, 0.2845 -0.4558 0.5551, 0.2927 -0.4462 0.5551, 0.2887 -0.4576 0.5551, 0.2965 -0.4477 0.5551, 0.2913 -0.4587 0.5551, 0.2957 -0.4611 0.5551, 0.2818 -0.448 0.5551, 0.2812 -0.4488 0.5551, 0.2808 -0.4497 0.5551, 0.2804 -0.4741 0.5551, 0.284 -0.4625 0.5551, 0.28 -0.4607 0.5551, 0.2848 -0.4747 0.5551, 0.2851 -0.4747 0.5551, 0.2884 -0.4643 0.5551, 0.2885 -0.4743 0.5551, 0.2927 -0.4695 0.5551, 0.2926 -0.4687 0.5551, 0.2902 -0.4737 0.5551, 0.2909 -0.4733 0.5551, 0.2916 -0.4726 0.5551, 0.2922 -0.4718 0.5551, 0.2925 -0.4708 0.5551, 0.2923 -0.4677 0.5551, 0.2918 -0.4668 0.5551, 0.291 -0.4659 0.5551, 0.3327 -0.4411 0.5551, 0.3396 -0.4411 0.5551, 0.3432 -0.4107 0.5551, 0.3432 -0.4797 0.5551, 0.3178 -0.4797 0.5551, 0.318 -0.4792 0.5551, 0.303 -0.4411 0.5551, 0.3105 -0.4411 0.5551, 0.3205 -0.4698 0.5551, 0.3223 -0.4698 0.5551, 0.3213 -0.4729 0.5551, 0.3215 -0.4729 0.5551, 0.3218 -0.4716 0.5551, 0.3082 -0.4915 0.5551, 0.3087 -0.4915 0.5551, 0.3044 -0.4967 0.5551, 0.3044 -0.4954 0.5551, 0.3044 -0.4907 0.5551, 0.3058 -0.4912 0.5551, 0.3124 -0.49 0.5551, 0.3136 -0.4887 0.5551, 0.315 -0.4861 0.5551, 0.3103 -0.4912 0.5551, 0.3117 -0.4905 0.5551, 0.3147 -0.4954 0.5551, 0.3141 -0.4959 0.5551, 0.3432 -0.5906 0.5551, 0.3115 -0.4969 0.5551, 0.3013 -0.5906 0.5551, 0.3087 -0.4972 0.5551, 0.3071 -0.4971 0.5551, 0.3244 -0.4797 0.5551, 0.3223 -0.485 0.5551, 0.3432 -0.4954 0.5551, 0.3192 -0.491 0.5551, 0.3167 -0.4939 0.5551, 0.3164 -0.4942 0.5551, 0.3537 -0.4552 0.5551, 0.3537 -0.4732 0.5551, 0.3637 -0.4552 0.5551, 0.3637 -0.4732 0.5551, 0.3728 -0.4552 0.5551, 0.3806 -0.4107 0.5551, 0.3743 -0.4259 0.5551, 0.3743 -0.432 0.5551, 0.3755 -0.4732 0.5551, 0.3806 -0.4797 0.5551, 0.3755 -0.4792 0.5551, 0.3637 -0.4797 0.5551, 0.3537 -0.432 0.5551, 0.3537 -0.4491 0.5551, 0.3637 -0.432 0.5551, 0.3637 -0.4491 0.5551, 0.3728 -0.4491 0.5551, 0.3637 -0.4792 0.5551, 0.3468 -0.4792 0.5551, -0.6465 -0.5906 0.5551, 0.2271 -0.3885 0.5551, 0.2271 -0.3946 0.5551, 0.2274 -0.395 0.5551, 0.199 -0.3946 0.5551, 0.2059 -0.3412 0.5551, 0.2274 -0.3407 0.5551, 0.199 -0.3412 0.5551, 0.2274 0.5906 0.5551, 0.2059 -0.3885 0.5551, 0.2274 -0.4954 0.5551, 0.2769 -0.395 0.5551, 0.3013 -0.3946 0.5551, 0.2521 -0.4789 0.5551, 0.2715 -0.4954 0.5551, 0.2274 -0.5906 0.5551, 0.2285 -0.5906 0.5551, 0.267 -0.5906 0.5551, 0.2715 -0.5906 0.5551, 0.2769 -0.5906 0.5551, 0.2715 0.5906 0.5551, 0.2769 0.5906 0.5551, 0.3013 0.5906 0.5551, 0.3432 0.5906 0.5551, 0.3637 0.5906 0.5551, 0.3806 0.5906 0.5551, 0.4306 0.5906 0.5551, 0.409 -0.4268 0.5551, 0.4154 -0.4291 0.5551, 0.4306 -0.4107 0.5551, 0.4262 -0.4394 0.5551, 0.4282 -0.4444 0.5551, 0.4291 -0.4519 0.5551, 0.4306 -0.4797 0.5551, 0.4289 -0.4553 0.5551, 0.4276 -0.4615 0.5551, 0.425 -0.467 0.5551, 0.421 -0.4718 0.5551, 0.4155 -0.4757 0.5551, 0.4095 -0.4781 0.5551, 0.4003 -0.4792 0.5551, 0.3856 -0.4792 0.5551, 0.3856 -0.4259 0.5551, 0.4008 -0.4259 0.5551, 0.4002 -0.38 0.5551, 0.421 -0.4329 0.5551, 0.4229 -0.4347 0.5551, 0.4801 -0.4792 0.5551, 0.5074 -0.4797 0.5551, 0.4597 -0.4259 0.5551, 0.5074 -0.4107 0.5551, 0.5074 -0.395 0.5551, 0.467 -0.4646 0.5551, 0.4448 -0.4646 0.5551, 0.4725 -0.4792 0.5551, 0.4397 -0.4792 0.5551, 0.432 -0.4792 0.5551, 0.4524 -0.4259 0.5551, 0.5346 -0.3407 0.5551, 0.5346 -0.395 0.5551, 0.5346 -0.4107 0.5551, 0.5346 -0.4797 0.5551, 0.3637 -0.4954 0.5551, 0.3806 -0.4954 0.5551, 0.4306 -0.4954 0.5551, 0.5074 -0.4954 0.5551, 0.5346 -0.4954 0.5551, 0.3637 -0.5906 0.5551, 0.3806 -0.5906 0.5551, 0.4306 -0.5906 0.5551, 0.5074 -0.5906 0.5551, 0.5346 -0.5906 0.5551
            ]
        }
        coordIndex [
            0,1,2,-1,3,4,5,-1,6,7,8,-1,9,10,11,-1,11,10,12,-1,11,12,13,-1,14,15,12,-1,12,15,16,-1,12,16,17,-1,17,18,12,-1,12,18,19,-1,12,19,13,-1,20,21,22,-1,22,21,23,-1,23,21,24,-1,23,24,25,-1,20,22,26,-1,26,22,27,-1,26,27,28,-1,29,30,27,-1,27,30,31,-1,27,31,32,-1,27,33,28,-1,28,33,34,-1,28,34,35,-1,35,34,36,-1,35,36,37,-1,32,38,27,-1,27,38,39,-1,27,39,33,-1,40,41,42,-1,43,40,44,-1,44,40,42,-1,44,42,45,-1,41,46,42,-1,42,46,47,-1,42,47,48,-1,48,49,50,-1,49,51,50,-1,50,51,52,-1,50,52,29,-1,29,52,53,-1,29,53,30,-1,54,55,56,-1,56,55,57,-1,56,57,45,-1,58,59,60,-1,59,61,60,-1,60,61,62,-1,60,62,63,-1,63,62,64,-1,63,64,65,-1,66,67,68,-1,68,67,69,-1,68,69,70,-1,71,72,73,-1,73,72,74,-1,75,76,77,-1,77,76,78,-1,79,80,81,-1,81,80,82,-1,66,83,84,-1,85,86,72,-1,72,86,87,-1,72,87,88,-1,89,90,91,-1,91,90,92,-1,93,94,81,-1,81,94,95,-1,81,95,79,-1,96,97,66,-1,66,97,98,-1,66,98,83,-1,99,100,101,-1,101,100,102,-1,101,102,103,-1,104,88,105,-1,105,88,106,-1,105,106,101,-1,101,106,107,-1,101,107,99,-1,78,108,77,-1,77,108,109,-1,77,109,81,-1,81,109,110,-1,81,110,93,-1,111,112,113,-1,113,112,114,-1,113,114,91,-1,91,114,115,-1,91,115,89,-1,104,116,88,-1,88,116,117,-1,88,117,72,-1,72,117,118,-1,72,118,74,-1,84,119,66,-1,66,119,120,-1,66,120,121,-1,121,120,111,-1,121,111,122,-1,122,111,113,-1,92,123,91,-1,91,123,124,-1,91,124,125,-1,126,127,91,-1,91,127,128,-1,91,128,72,-1,72,128,129,-1,72,129,85,-1,125,130,91,-1,91,130,131,-1,91,131,132,-1,132,133,91,-1,91,133,134,-1,91,134,126,-1,135,136,137,-1,137,88,135,-1,135,88,87,-1,135,87,138,-1,138,87,139,-1,139,140,138,-1,138,140,141,-1,138,141,142,-1,143,144,145,-1,146,147,144,-1,147,148,144,-1,144,148,149,-1,144,149,150,-1,145,151,143,-1,143,151,152,-1,143,152,153,-1,136,135,143,-1,143,135,154,-1,143,154,144,-1,144,154,155,-1,144,155,146,-1,150,156,144,-1,144,156,157,-1,144,157,158,-1,158,157,159,-1,158,159,160,-1,160,159,161,-1,162,163,153,-1,153,163,164,-1,153,164,143,-1,165,166,167,-1,81,168,169,-1,169,168,170,-1,171,172,173,-1,173,172,174,-1,173,174,175,-1,81,169,77,-1,77,169,176,-1,77,176,177,-1,177,176,178,-1,177,178,165,-1,167,175,165,-1,165,175,174,-1,165,174,177,-1,177,174,179,-1,170,168,180,-1,180,168,181,-1,180,181,182,-1,183,184,185,-1,184,183,186,-1,186,183,187,-1,186,187,188,-1,189,190,191,-1,191,190,192,-1,191,192,193,-1,193,192,194,-1,193,194,195,-1,195,194,196,-1,195,196,188,-1,188,196,197,-1,188,197,186,-1,198,199,200,-1,200,199,201,-1,202,203,199,-1,199,203,204,-1,199,204,201,-1,201,204,205,-1,206,207,208,-1,208,207,209,-1,208,209,210,-1,211,212,198,-1,213,214,215,-1,215,214,198,-1,215,198,216,-1,216,198,212,-1,217,218,219,-1,219,218,220,-1,219,220,200,-1,200,220,221,-1,200,221,198,-1,198,221,210,-1,198,210,211,-1,211,210,209,-1,205,204,222,-1,222,204,223,-1,222,223,224,-1,225,226,227,-1,227,226,228,-1,227,228,229,-1,229,228,230,-1,229,230,231,-1,231,230,232,-1,233,234,230,-1,230,234,235,-1,230,235,236,-1,237,238,239,-1,239,238,240,-1,241,242,243,-1,243,242,244,-1,243,244,245,-1,245,244,238,-1,245,238,246,-1,246,238,237,-1,236,247,230,-1,230,247,248,-1,230,248,232,-1,241,243,230,-1,230,243,249,-1,230,249,233,-1,250,251,252,-1,252,251,253,-1,252,253,254,-1,254,253,255,-1,256,257,258,-1,258,257,259,-1,258,259,260,-1,261,262,263,-1,263,262,264,-1,263,264,265,-1,266,267,268,-1,265,269,263,-1,263,269,270,-1,263,270,271,-1,268,272,266,-1,266,272,273,-1,266,273,274,-1,275,276,266,-1,266,276,277,-1,266,277,267,-1,278,179,279,-1,279,179,280,-1,279,280,281,-1,227,282,225,-1,225,282,283,-1,225,283,284,-1,284,283,285,-1,284,285,286,-1,287,288,22,-1,22,288,289,-1,290,291,292,-1,292,291,293,-1,292,293,287,-1,287,293,294,-1,287,294,288,-1,295,296,297,-1,297,296,298,-1,297,298,292,-1,292,298,299,-1,292,299,290,-1,300,301,302,-1,302,301,303,-1,302,303,295,-1,295,303,304,-1,295,304,296,-1,45,42,56,-1,56,42,305,-1,56,305,306,-1,307,308,302,-1,302,308,309,-1,302,309,300,-1,306,310,56,-1,56,310,311,-1,56,311,307,-1,307,311,312,-1,307,312,308,-1,313,314,42,-1,42,314,315,-1,42,315,305,-1,48,50,42,-1,42,50,316,-1,42,316,313,-1,289,317,22,-1,22,317,318,-1,22,318,27,-1,27,318,319,-1,27,319,320,-1,320,321,27,-1,27,321,322,-1,27,322,29,-1,29,322,323,-1,29,323,50,-1,50,323,324,-1,50,324,316,-1,325,326,193,-1,327,328,195,-1,326,329,193,-1,193,329,330,-1,193,330,215,-1,215,330,331,-1,215,331,213,-1,327,195,332,-1,202,333,203,-1,203,333,334,-1,203,334,195,-1,195,334,335,-1,195,335,332,-1,328,336,195,-1,195,336,337,-1,195,337,193,-1,193,337,338,-1,193,338,325,-1,181,339,340,-1,174,182,179,-1,179,182,181,-1,179,181,341,-1,341,181,342,-1,343,344,345,-1,345,344,346,-1,347,348,280,-1,340,349,181,-1,181,349,350,-1,181,350,351,-1,352,353,342,-1,342,353,354,-1,342,354,355,-1,355,354,356,-1,357,358,356,-1,356,358,359,-1,356,359,355,-1,347,280,360,-1,348,361,280,-1,280,361,362,-1,280,362,363,-1,364,365,346,-1,346,365,366,-1,346,366,367,-1,351,368,181,-1,181,368,369,-1,181,369,370,-1,370,371,181,-1,181,371,372,-1,181,372,342,-1,342,372,373,-1,342,373,352,-1,341,374,179,-1,179,374,375,-1,179,375,280,-1,280,375,376,-1,280,376,360,-1,377,378,356,-1,356,378,379,-1,356,379,380,-1,380,381,356,-1,356,381,382,-1,356,382,357,-1,383,384,385,-1,385,384,386,-1,386,384,387,-1,386,387,388,-1,389,390,391,-1,392,393,394,-1,389,391,395,-1,396,397,398,-1,392,394,398,-1,398,394,399,-1,398,399,396,-1,397,400,398,-1,398,400,401,-1,398,401,389,-1,389,401,402,-1,389,402,390,-1,403,404,405,-1,405,404,406,-1,405,406,407,-1,407,406,408,-1,409,410,7,-1,7,410,411,-1,7,411,8,-1,412,413,8,-1,414,415,8,-1,391,416,395,-1,395,416,417,-1,395,417,418,-1,414,8,419,-1,418,420,395,-1,395,420,421,-1,395,421,422,-1,422,421,423,-1,422,423,412,-1,415,424,8,-1,8,424,425,-1,8,425,6,-1,426,427,413,-1,413,427,428,-1,413,428,8,-1,8,428,429,-1,8,429,419,-1,430,431,432,-1,432,431,433,-1,432,433,434,-1,432,435,430,-1,430,435,436,-1,430,436,437,-1,437,438,430,-1,430,438,439,-1,430,439,440,-1,440,439,441,-1,440,441,442,-1,442,441,443,-1,442,443,413,-1,413,443,444,-1,413,444,426,-1,445,446,434,-1,434,446,447,-1,434,447,432,-1,448,449,393,-1,393,449,450,-1,393,450,394,-1,448,451,449,-1,449,451,452,-1,449,452,453,-1,453,452,454,-1,453,455,456,-1,454,457,453,-1,453,457,458,-1,453,458,459,-1,459,460,453,-1,453,460,461,-1,453,461,455,-1,456,462,453,-1,453,462,463,-1,453,463,464,-1,465,466,467,-1,467,466,468,-1,469,470,8,-1,8,470,471,-1,412,8,422,-1,422,8,471,-1,422,471,467,-1,467,471,472,-1,467,472,465,-1,465,472,473,-1,465,473,474,-1,475,476,473,-1,473,476,477,-1,473,477,474,-1,478,479,8,-1,480,481,411,-1,411,481,482,-1,411,482,8,-1,8,482,483,-1,8,483,478,-1,484,485,8,-1,8,485,486,-1,8,486,469,-1,479,487,8,-1,8,487,488,-1,8,488,484,-1,489,490,491,-1,491,490,492,-1,491,492,493,-1,493,492,494,-1,493,494,495,-1,496,497,498,-1,497,499,498,-1,498,499,500,-1,498,500,501,-1,502,503,504,-1,504,503,505,-1,504,505,506,-1,5,4,507,-1,507,4,508,-1,507,508,509,-1,507,510,511,-1,511,510,512,-1,511,512,513,-1,514,515,516,-1,516,515,517,-1,516,517,509,-1,509,517,518,-1,509,518,507,-1,507,518,506,-1,507,506,510,-1,510,506,505,-1,512,519,513,-1,513,519,520,-1,513,520,468,-1,468,520,3,-1,468,3,467,-1,467,3,5,-1,307,521,56,-1,56,521,63,-1,56,63,54,-1,54,63,65,-1,522,523,524,-1,524,523,525,-1,526,527,528,-1,528,527,12,-1,528,12,525,-1,525,12,10,-1,525,10,524,-1,25,14,23,-1,23,14,12,-1,23,12,529,-1,529,12,527,-1,529,527,259,-1,259,527,266,-1,259,266,260,-1,260,266,274,-1,271,275,263,-1,263,275,266,-1,263,266,524,-1,524,266,527,-1,524,527,522,-1,522,527,526,-1,522,526,530,-1,9,75,10,-1,10,75,77,-1,10,77,524,-1,524,77,177,-1,524,177,263,-1,263,177,179,-1,263,179,261,-1,261,179,278,-1,388,339,386,-1,386,339,181,-1,386,181,531,-1,531,181,168,-1,531,168,68,-1,68,168,81,-1,68,81,66,-1,66,81,82,-1,66,82,96,-1,363,343,280,-1,280,343,345,-1,280,345,389,-1,389,345,404,-1,389,404,398,-1,398,404,403,-1,250,226,251,-1,251,226,225,-1,251,225,223,-1,223,225,532,-1,223,532,224,-1,224,532,216,-1,224,216,533,-1,533,216,212,-1,367,534,346,-1,346,534,383,-1,346,383,345,-1,345,383,385,-1,345,385,404,-1,404,385,535,-1,404,535,406,-1,406,535,410,-1,406,410,408,-1,408,410,409,-1,70,58,68,-1,68,58,60,-1,68,60,531,-1,531,60,536,-1,531,536,386,-1,386,536,537,-1,386,537,385,-1,385,537,538,-1,385,538,535,-1,535,538,539,-1,535,539,410,-1,410,539,540,-1,410,540,411,-1,411,540,493,-1,411,493,480,-1,480,493,495,-1,286,281,284,-1,284,281,280,-1,284,280,225,-1,225,280,389,-1,225,389,532,-1,532,389,395,-1,532,395,216,-1,216,395,422,-1,216,422,215,-1,215,422,467,-1,215,467,193,-1,193,467,5,-1,193,5,191,-1,191,5,507,-1,256,255,257,-1,257,255,253,-1,257,253,541,-1,541,253,251,-1,541,251,542,-1,542,251,223,-1,542,223,543,-1,543,223,204,-1,543,204,544,-1,544,204,203,-1,544,203,545,-1,545,203,195,-1,545,195,546,-1,546,195,188,-1,546,188,547,-1,547,188,187,-1,548,549,550,-1,551,552,550,-1,550,552,553,-1,550,553,554,-1,554,553,555,-1,554,555,556,-1,556,557,554,-1,554,557,558,-1,554,558,559,-1,559,560,554,-1,554,560,561,-1,554,561,511,-1,511,561,562,-1,511,562,507,-1,507,562,563,-1,507,563,564,-1,565,189,185,-1,185,189,191,-1,185,191,183,-1,183,191,507,-1,183,507,550,-1,550,507,564,-1,550,564,548,-1,549,566,550,-1,550,566,567,-1,550,567,551,-1,568,569,570,-1,570,569,571,-1,570,571,550,-1,550,571,572,-1,550,572,183,-1,183,572,2,-1,183,2,187,-1,187,2,1,-1,187,1,547,-1,573,574,575,-1,575,574,576,-1,568,575,569,-1,569,575,576,-1,569,576,554,-1,554,576,577,-1,554,577,550,-1,550,577,578,-1,550,578,570,-1,0,2,579,-1,579,2,572,-1,579,572,580,-1,580,572,571,-1,580,571,581,-1,581,571,569,-1,581,569,582,-1,466,496,468,-1,468,496,498,-1,468,498,513,-1,513,498,583,-1,513,583,511,-1,511,583,584,-1,511,584,554,-1,554,584,585,-1,554,585,569,-1,569,585,586,-1,569,586,582,-1,582,586,587,-1,501,489,498,-1,498,489,491,-1,498,491,583,-1,583,491,588,-1,583,588,584,-1,584,588,589,-1,584,589,585,-1,585,589,590,-1,585,590,586,-1,586,590,591,-1,586,591,587,-1,587,591,592,-1,
        ]
    }
}
Shape{
    appearance Appearance {
        material  Material 	{
            diffuseColor 0.2235294117647059 0.2235294117647059 0.2235294117647059
            specularColor 0.11372549019607843 0.11372549019607843 0.11372549019607843
            ambientIntensity 0.2235
            transparency 0.0
            shininess 0.5
        }
    }
    geometry IndexedFaceSet {
        ccw TRUE
        solid FALSE
        coord DEF co Coordinate {
            point [
                0.385 -0.748 0.437, 0.385 -0.748 0.122, 0.387 -0.7327 0.437, 0.387 -0.7327 0.122, 0.3929 -0.7185 0.437, 0.3929 -0.7185 0.122, 0.4001 -0.7087 0.437, 0.4023 -0.7063 0.122, 0.4023 -0.7063 0.437, 0.4081 -0.7012 0.4374, 0.4146 -0.6969 0.122, 0.4146 -0.6969 0.4379, 0.4215 -0.6935 0.4385, 0.4288 -0.691 0.122, 0.4288 -0.691 0.439, 0.4364 -0.6895 0.4394, 0.4441 -0.689 0.122, 0.4441 -0.689 0.4395, 0.4518 -0.6895 0.4394, 0.4594 -0.691 0.122, 0.4594 -0.691 0.439, 0.4667 -0.6935 0.4385, 0.4736 -0.6969 0.122, 0.4736 -0.6969 0.4379, 0.4858 -0.7063 0.122, 0.4857 -0.7064 0.4371, 0.48 -0.7012 0.4374, 0.5031 -0.748 0.122, 0.5031 -0.748 0.437, 0.5011 -0.7327 0.122, 0.5011 -0.7327 0.437, 0.4952 -0.7185 0.122, 0.4952 -0.7185 0.437, 0.4881 -0.7087 0.437, 0.6921 -0.0591 0.437, 0.6921 -0.0591 0.122, 0.6768 -0.057 0.437, 0.6768 -0.057 0.122, 0.6626 -0.0511 0.437, 0.6626 -0.0511 0.122, 0.6528 -0.044 0.437, 0.6504 -0.0418 0.122, 0.6504 -0.0418 0.437, 0.6453 -0.036 0.4374, 0.641 -0.0295 0.122, 0.641 -0.0295 0.4379, 0.6376 -0.0226 0.4385, 0.6351 -0.0153 0.122, 0.6351 -0.0153 0.439, 0.6336 -0.0077 0.4394, 0.6331 0.0 0.122, 0.6331 0.0 0.4395, 0.6336 0.0077 0.4394, 0.6351 0.0153 0.122, 0.6351 0.0153 0.439, 0.6376 0.0226 0.4385, 0.641 0.0295 0.122, 0.641 0.0295 0.4379, 0.6504 0.0418 0.122, 0.6505 0.0416 0.4371, 0.6453 0.036 0.4374, 0.6921 0.0591 0.122, 0.6921 0.0591 0.437, 0.6768 0.057 0.122, 0.6768 0.057 0.437, 0.6626 0.0511 0.122, 0.6626 0.0511 0.437, 0.6528 0.044 0.437, -0.4969 0.748 0.437, -0.4969 0.748 0.122, -0.4989 0.7327 0.437, -0.4989 0.7327 0.122, -0.5048 0.7185 0.437, -0.5048 0.7185 0.122, -0.5119 0.7087 0.437, -0.5142 0.7063 0.122, -0.5142 0.7063 0.437, -0.52 0.7012 0.4374, -0.5264 0.6969 0.122, -0.5264 0.6969 0.4379, -0.5333 0.6935 0.4385, -0.5406 0.691 0.122, -0.5406 0.691 0.439, -0.5482 0.6895 0.4394, -0.5559 0.689 0.122, -0.5559 0.689 0.4395, -0.5636 0.6895 0.4394, -0.5712 0.691 0.122, -0.5712 0.691 0.439, -0.5785 0.6935 0.4385, -0.5854 0.6969 0.122, -0.5854 0.6969 0.4379, -0.5977 0.7063 0.122, -0.5975 0.7064 0.4371, -0.5919 0.7012 0.4374, -0.615 0.748 0.122, -0.615 0.748 0.437, -0.613 0.7327 0.122, -0.613 0.7327 0.437, -0.6071 0.7185 0.122, -0.6071 0.7185 0.437, -0.5999 0.7087 0.437, 0.0031 0.748 0.437, 0.0031 0.748 0.122, 0.0011 0.7327 0.437, 0.0011 0.7327 0.122, -0.0048 0.7185 0.437, -0.0048 0.7185 0.122, -0.0119 0.7087 0.437, -0.0142 0.7063 0.122, -0.0142 0.7063 0.437, -0.02 0.7012 0.4374, -0.0264 0.6969 0.122, -0.0264 0.6969 0.4379, -0.0333 0.6935 0.4385, -0.0406 0.691 0.122, -0.0406 0.691 0.439, -0.0482 0.6895 0.4394, -0.0559 0.689 0.122, -0.0559 0.689 0.4395, -0.0636 0.6895 0.4394, -0.0712 0.691 0.122, -0.0712 0.691 0.439, -0.0785 0.6935 0.4385, -0.0854 0.6969 0.122, -0.0854 0.6969 0.4379, -0.0977 0.7063 0.122, -0.0975 0.7064 0.4371, -0.0919 0.7012 0.4374, -0.115 0.748 0.122, -0.115 0.748 0.437, -0.113 0.7327 0.122, -0.113 0.7327 0.437, -0.1071 0.7185 0.122, -0.1071 0.7185 0.437, -0.0999 0.7087 0.437, -0.8039 0.0591 0.437, -0.8039 0.0591 0.122, -0.7887 0.057 0.437, -0.7887 0.057 0.122, -0.7744 0.0511 0.437, -0.7744 0.0511 0.122, -0.7646 0.044 0.437, -0.7622 0.0418 0.122, -0.7622 0.0418 0.437, -0.7571 0.036 0.4374, -0.7528 0.0295 0.122, -0.7528 0.0295 0.4379, -0.7494 0.0226 0.4385, -0.7469 0.0153 0.122, -0.7469 0.0153 0.439, -0.7454 0.0077 0.4394, -0.7449 -0.0 0.122, -0.7449 -0.0 0.4395, -0.7454 -0.0077 0.4394, -0.7469 -0.0153 0.122, -0.7469 -0.0153 0.439, -0.7494 -0.0226 0.4385, -0.7528 -0.0295 0.122, -0.7528 -0.0295 0.4379, -0.7622 -0.0418 0.122, -0.7623 -0.0416 0.4371, -0.7571 -0.036 0.4374, -0.8039 -0.0591 0.122, -0.8039 -0.0591 0.437, -0.7887 -0.057 0.122, -0.7887 -0.057 0.437, -0.7744 -0.0511 0.122, -0.7744 -0.0511 0.437, -0.7646 -0.044 0.437, -0.4378 0.748 0.0, -0.5008 0.748 0.0, -0.4378 0.748 0.0039, -0.5008 0.748 0.122, -0.111 0.748 0.0, -0.174 0.748 0.0, -0.174 0.748 0.0039, -0.111 0.748 0.122, 0.5031 0.748 0.437, 0.6331 0.748 0.437, 0.5031 0.748 0.122, 0.6331 0.748 0.0039, 0.4992 0.748 0.122, 0.5622 0.748 0.0039, 0.4992 0.748 0.0, 0.5622 0.748 0.0, 0.0622 0.748 0.0, -0.0008 0.748 0.0, 0.0622 0.748 0.0039, -0.0008 0.748 0.122, 0.389 0.748 0.0, 0.326 0.748 0.0, 0.326 0.748 0.0039, 0.385 0.748 0.437, 0.385 0.748 0.122, 0.389 0.748 0.122, -0.8039 0.1181 0.0039, -0.8039 0.1181 0.0, -0.8039 0.0551 0.0, -0.8039 0.689 0.437, -0.8039 0.0551 0.122, -0.8039 0.689 0.0039, -0.5008 -0.748 0.0, -0.4378 -0.748 0.0, -0.5008 -0.748 0.122, -0.4378 -0.748 0.0039, -0.4969 -0.748 0.122, -0.174 -0.748 0.0, -0.111 -0.748 0.0, -0.174 -0.748 0.0039, -0.111 -0.748 0.122, -0.115 -0.748 0.122, -0.115 -0.748 0.437, -0.4969 -0.748 0.437, -0.615 -0.748 0.437, -0.7449 -0.748 0.437, -0.615 -0.748 0.122, -0.7449 -0.748 0.0039, -0.611 -0.748 0.122, -0.674 -0.748 0.0039, -0.611 -0.748 0.0, -0.674 -0.748 0.0, 0.326 -0.748 0.0, 0.389 -0.748 0.0, 0.326 -0.748 0.0039, 0.389 -0.748 0.122, -0.0008 -0.748 0.0, 0.0622 -0.748 0.0, 0.0622 -0.748 0.0039, 0.0031 -0.748 0.437, 0.0031 -0.748 0.122, -0.0008 -0.748 0.122, 0.6921 -0.1181 0.0039, 0.6921 -0.1181 0.0, 0.6921 -0.0551 0.0, 0.6921 -0.689 0.437, 0.6921 -0.0551 0.122, 0.6921 -0.689 0.0039, -0.0999 -0.7087 0.437, -0.5119 -0.7087 0.437, -0.1071 -0.7185 0.437, -0.113 -0.7327 0.437, -0.4989 -0.7327 0.437, -0.5048 -0.7185 0.437, -0.7623 -0.6136 0.437, -0.7646 -0.5906 0.437, -0.7887 -0.691 0.437, -0.7469 -0.7327 0.437, -0.613 -0.7327 0.437, -0.6465 -0.7087 0.437, -0.6071 -0.7185 0.437, -0.5999 -0.7087 0.437, -0.8039 -0.689 0.437, -0.6695 -0.7064 0.437, -0.6917 -0.6997 0.437, -0.7528 -0.7185 0.437, -0.7121 -0.6888 0.437, -0.7622 -0.7063 0.437, -0.73 -0.6741 0.437, -0.7744 -0.6969 0.437, -0.7447 -0.6562 0.437, -0.7556 -0.6358 0.437, -0.0119 -0.7087 0.437, 0.0011 -0.7327 0.437, -0.0048 -0.7185 0.437, 0.6528 0.5906 0.437, 0.6345 0.7349 0.437, 0.5011 0.7327 0.437, 0.6553 0.7019 0.437, 0.6665 0.6948 0.437, 0.679 0.6905 0.437, 0.5798 0.6997 0.437, 0.6003 0.6888 0.437, 0.646 0.7112 0.437, 0.6389 0.7224 0.437, 0.6921 0.689 0.437, 0.6505 0.6136 0.437, 0.5577 0.7064 0.437, 0.5346 0.7087 0.437, 0.4952 0.7185 0.437, 0.4881 0.7087 0.437, 0.6182 0.6741 0.437, 0.6328 0.6562 0.437, 0.6438 0.6358 0.437, 0.6528 -0.5906 0.437, 0.6331 -0.748 0.437, 0.6345 -0.7349 0.437, 0.5577 -0.7064 0.437, 0.5346 -0.7087 0.437, 0.6389 -0.7224 0.437, 0.646 -0.7112 0.437, 0.6553 -0.7019 0.437, 0.5798 -0.6997 0.437, 0.679 -0.6905 0.437, 0.6003 -0.6888 0.437, 0.6182 -0.6741 0.437, 0.6505 -0.6136 0.437, 0.6438 -0.6358 0.437, 0.6328 -0.6562 0.437, 0.6665 -0.6948 0.437, -0.6695 0.7064 0.437, -0.6465 0.7087 0.437, -0.7469 0.7327 0.437, -0.7449 0.748 0.437, -0.7646 0.5906 0.437, -0.7887 0.691 0.437, -0.7556 0.6358 0.437, -0.7744 0.6969 0.437, -0.7447 0.6562 0.437, -0.7622 0.7063 0.437, -0.73 0.6741 0.437, -0.7528 0.7185 0.437, -0.7121 0.6888 0.437, -0.6917 0.6997 0.437, -0.7623 0.6136 0.437, 0.387 0.7327 0.437, 0.4001 0.7087 0.437, 0.3929 0.7185 0.437, -0.611 0.748 0.0, -0.674 0.748 0.0, -0.611 0.748 0.122, -0.674 0.748 0.0039, -0.7449 0.748 0.0039, -0.8039 -0.0551 0.0, -0.8039 -0.1181 0.0, -0.8039 -0.1181 0.0039, -0.8039 -0.689 0.0039, -0.8039 -0.0551 0.122, 0.4992 -0.748 0.0, 0.5622 -0.748 0.0, 0.4992 -0.748 0.122, 0.5622 -0.748 0.0039, 0.6331 -0.748 0.0039, 0.6921 0.0551 0.0, 0.6921 0.1181 0.0, 0.6921 0.0551 0.122, 0.6921 0.1181 0.0039, 0.6921 0.689 0.0039, -0.7887 -0.691 0.0039, 0.6345 -0.7349 0.0039, 0.326 0.3543 0.0039, 0.0622 0.3543 0.0039, 0.5622 0.3543 0.0039, 0.2984 0.1181 0.0039, 0.5622 -0.3543 0.0039, 0.2984 -0.1181 0.0039, 0.326 -0.3543 0.0039, 0.679 -0.6905 0.0039, 0.6665 -0.6948 0.0039, 0.6553 -0.7019 0.0039, 0.646 -0.7112 0.0039, 0.6389 -0.7224 0.0039, -0.174 -0.3543 0.0039, -0.4378 -0.3543 0.0039, -0.7469 -0.7327 0.0039, 0.679 0.6905 0.0039, 0.6665 0.6948 0.0039, 0.6553 0.7019 0.0039, -0.674 0.3543 0.0039, -0.7887 0.691 0.0039, -0.7744 0.6969 0.0039, -0.2173 0.1181 0.0039, -0.4378 0.3543 0.0039, -0.2134 0.1142 0.0039, -0.174 0.3543 0.0039, -0.7622 0.7063 0.0039, -0.7528 0.7185 0.0039, -0.7469 0.7327 0.0039, -0.674 -0.3543 0.0039, 0.6345 0.7349 0.0039, 0.6389 0.7224 0.0039, 0.646 0.7112 0.0039, -0.2134 -0.1181 0.0039, -0.7528 -0.7185 0.0039, -0.7622 -0.7063 0.0039, -0.7744 -0.6969 0.0039, 0.0622 -0.3543 0.0039
            ]
        }
        coordIndex [
            0,1,2,-1,2,1,3,-1,2,3,4,-1,4,3,5,-1,4,5,6,-1,6,5,7,-1,6,7,8,-1,8,7,9,-1,9,7,10,-1,9,10,11,-1,11,10,12,-1,12,10,13,-1,12,13,14,-1,14,13,15,-1,15,13,16,-1,15,16,17,-1,17,16,18,-1,18,16,19,-1,18,19,20,-1,20,19,21,-1,21,19,22,-1,21,22,23,-1,24,25,22,-1,22,25,26,-1,22,26,23,-1,27,28,29,-1,29,28,30,-1,29,30,31,-1,31,30,32,-1,31,32,24,-1,24,32,33,-1,24,33,25,-1,34,35,36,-1,36,35,37,-1,36,37,38,-1,38,37,39,-1,38,39,40,-1,40,39,41,-1,40,41,42,-1,42,41,43,-1,43,41,44,-1,43,44,45,-1,45,44,46,-1,46,44,47,-1,46,47,48,-1,48,47,49,-1,49,47,50,-1,49,50,51,-1,51,50,52,-1,52,50,53,-1,52,53,54,-1,54,53,55,-1,55,53,56,-1,55,56,57,-1,58,59,56,-1,56,59,60,-1,56,60,57,-1,61,62,63,-1,63,62,64,-1,63,64,65,-1,65,64,66,-1,65,66,58,-1,58,66,67,-1,58,67,59,-1,68,69,70,-1,70,69,71,-1,70,71,72,-1,72,71,73,-1,72,73,74,-1,74,73,75,-1,74,75,76,-1,76,75,77,-1,77,75,78,-1,77,78,79,-1,79,78,80,-1,80,78,81,-1,80,81,82,-1,82,81,83,-1,83,81,84,-1,83,84,85,-1,85,84,86,-1,86,84,87,-1,86,87,88,-1,88,87,89,-1,89,87,90,-1,89,90,91,-1,92,93,90,-1,90,93,94,-1,90,94,91,-1,95,96,97,-1,97,96,98,-1,97,98,99,-1,99,98,100,-1,99,100,92,-1,92,100,101,-1,92,101,93,-1,102,103,104,-1,104,103,105,-1,104,105,106,-1,106,105,107,-1,106,107,108,-1,108,107,109,-1,108,109,110,-1,110,109,111,-1,111,109,112,-1,111,112,113,-1,113,112,114,-1,114,112,115,-1,114,115,116,-1,116,115,117,-1,117,115,118,-1,117,118,119,-1,119,118,120,-1,120,118,121,-1,120,121,122,-1,122,121,123,-1,123,121,124,-1,123,124,125,-1,126,127,124,-1,124,127,128,-1,124,128,125,-1,129,130,131,-1,131,130,132,-1,131,132,133,-1,133,132,134,-1,133,134,126,-1,126,134,135,-1,126,135,127,-1,136,137,138,-1,138,137,139,-1,138,139,140,-1,140,139,141,-1,140,141,142,-1,142,141,143,-1,142,143,144,-1,144,143,145,-1,145,143,146,-1,145,146,147,-1,147,146,148,-1,148,146,149,-1,148,149,150,-1,150,149,151,-1,151,149,152,-1,151,152,153,-1,153,152,154,-1,154,152,155,-1,154,155,156,-1,156,155,157,-1,157,155,158,-1,157,158,159,-1,160,161,158,-1,158,161,162,-1,158,162,159,-1,163,164,165,-1,165,164,166,-1,165,166,167,-1,167,166,168,-1,167,168,160,-1,160,168,169,-1,160,169,161,-1,170,171,172,-1,172,171,173,-1,174,175,176,-1,68,130,69,-1,69,130,129,-1,173,69,172,-1,172,69,129,-1,172,129,176,-1,176,129,177,-1,176,177,174,-1,178,179,180,-1,180,179,181,-1,180,181,182,-1,182,181,183,-1,182,183,184,-1,184,183,185,-1,186,187,188,-1,188,187,189,-1,190,191,192,-1,102,193,103,-1,103,193,194,-1,189,103,188,-1,188,103,194,-1,188,194,192,-1,192,194,195,-1,192,195,190,-1,196,197,198,-1,137,136,199,-1,198,200,196,-1,196,200,137,-1,196,137,201,-1,201,137,199,-1,202,203,204,-1,204,203,205,-1,204,205,206,-1,207,208,209,-1,209,208,210,-1,209,210,211,-1,212,213,211,-1,211,213,206,-1,211,206,209,-1,209,206,205,-1,214,215,216,-1,216,215,217,-1,216,217,218,-1,218,217,219,-1,218,219,220,-1,220,219,221,-1,222,223,224,-1,224,223,225,-1,226,227,228,-1,0,229,1,-1,1,229,230,-1,225,1,224,-1,224,1,230,-1,224,230,228,-1,228,230,231,-1,228,231,226,-1,232,233,234,-1,35,34,235,-1,234,236,232,-1,232,236,35,-1,232,35,237,-1,237,35,235,-1,238,239,240,-1,240,239,241,-1,213,212,242,-1,242,212,241,-1,242,241,243,-1,243,241,239,-1,244,245,246,-1,215,214,247,-1,247,214,248,-1,247,248,249,-1,249,248,250,-1,249,250,251,-1,166,245,168,-1,168,245,169,-1,166,164,245,-1,245,164,252,-1,245,252,246,-1,249,253,247,-1,247,253,254,-1,247,254,255,-1,255,254,256,-1,255,256,257,-1,257,256,258,-1,257,258,259,-1,259,258,260,-1,259,260,246,-1,246,260,261,-1,246,261,244,-1,6,262,4,-1,4,262,2,-1,229,0,263,-1,263,0,2,-1,263,2,264,-1,264,2,262,-1,64,265,66,-1,66,265,67,-1,179,178,266,-1,266,178,267,-1,268,267,269,-1,269,267,270,-1,271,272,270,-1,268,273,267,-1,267,273,274,-1,267,274,266,-1,64,62,265,-1,265,62,275,-1,265,275,276,-1,271,270,277,-1,277,270,267,-1,277,267,278,-1,278,267,279,-1,278,279,280,-1,272,281,270,-1,270,281,282,-1,270,282,275,-1,275,282,283,-1,275,283,276,-1,38,40,284,-1,28,285,30,-1,30,285,286,-1,30,287,32,-1,32,287,288,-1,32,288,33,-1,286,289,30,-1,30,289,290,-1,30,290,291,-1,292,293,294,-1,294,293,295,-1,284,296,235,-1,235,296,297,-1,235,297,293,-1,293,297,298,-1,293,298,295,-1,291,299,30,-1,30,299,293,-1,30,293,287,-1,287,293,292,-1,38,284,36,-1,36,284,235,-1,36,235,34,-1,300,301,302,-1,96,303,98,-1,98,303,302,-1,98,302,100,-1,100,302,301,-1,100,301,101,-1,142,304,140,-1,140,304,138,-1,305,306,307,-1,307,306,308,-1,307,308,309,-1,309,308,310,-1,309,310,311,-1,311,310,312,-1,311,312,302,-1,302,312,313,-1,302,313,300,-1,136,138,199,-1,199,138,304,-1,199,304,305,-1,305,304,314,-1,305,314,306,-1,193,102,315,-1,315,102,104,-1,316,317,108,-1,108,317,315,-1,108,315,106,-1,106,315,104,-1,318,319,320,-1,320,319,321,-1,320,321,95,-1,95,321,322,-1,95,322,96,-1,96,322,303,-1,252,164,163,-1,323,324,325,-1,252,163,326,-1,326,163,325,-1,325,163,327,-1,325,327,323,-1,328,329,330,-1,330,329,331,-1,330,331,27,-1,27,331,332,-1,27,332,28,-1,28,332,285,-1,275,62,61,-1,333,334,335,-1,335,334,336,-1,335,336,61,-1,61,336,337,-1,61,337,275,-1,74,135,72,-1,72,135,70,-1,130,68,132,-1,132,68,70,-1,132,70,134,-1,134,70,135,-1,338,326,325,-1,339,332,331,-1,192,340,188,-1,188,340,341,-1,342,336,340,-1,340,336,343,-1,340,343,341,-1,232,344,345,-1,345,344,346,-1,232,237,344,-1,344,237,347,-1,344,347,348,-1,348,349,344,-1,344,349,350,-1,344,350,331,-1,331,350,351,-1,331,351,339,-1,209,205,352,-1,352,205,353,-1,219,217,354,-1,337,336,355,-1,355,336,342,-1,355,342,356,-1,356,342,357,-1,196,201,358,-1,358,201,359,-1,358,359,360,-1,196,358,361,-1,361,358,362,-1,361,362,363,-1,363,362,364,-1,364,362,172,-1,364,172,176,-1,360,365,358,-1,358,365,366,-1,358,366,321,-1,321,366,367,-1,321,367,322,-1,219,354,368,-1,181,369,183,-1,183,369,370,-1,183,370,342,-1,342,370,371,-1,342,371,357,-1,364,341,363,-1,363,341,343,-1,363,343,372,-1,372,343,345,-1,354,373,368,-1,368,373,374,-1,368,374,375,-1,375,338,368,-1,368,338,325,-1,368,325,353,-1,353,325,372,-1,353,372,352,-1,352,372,345,-1,352,345,376,-1,376,345,346,-1,376,346,228,-1,228,346,224,-1,
        ]
    }
}
Shape{
    appearance Appearance {
        material  Material 	{
            diffuseColor 1.0 1.0 1.0
            specularColor 0.5019607843137255 0.5019607843137255 0.5019607843137255
            ambientIntensity 1.0
            transparency 0.0
            shininess 0.5
        }
    }
    geometry IndexedFaceSet {
        ccw TRUE
        solid FALSE
        coord DEF co Coordinate {
            point [
                0.5346 0.5906 0.5551, 0.5346 -0.5906 0.5551, 0.5448 -0.5906 0.5538, 0.5448 0.5906 0.5538, 0.5543 -0.5906 0.5498, 0.5543 0.5906 0.5498, 0.5625 -0.5906 0.5436, 0.5625 0.5906 0.5436, 0.5687 -0.5906 0.5354, 0.5687 0.5906 0.5354, 0.5727 -0.5906 0.5259, 0.5727 0.5906 0.5259, 0.574 -0.5906 0.5157, 0.574 0.5906 0.5157, 0.5733 0.5982 0.5157, 0.5725 0.6007 0.5157, 0.5714 0.6004 0.5259, 0.571 0.6056 0.5157, 0.5686 0.6102 0.5157, 0.5676 0.6096 0.5259, 0.5674 0.6124 0.5157, 0.5625 0.6184 0.5157, 0.5615 0.6174 0.5259, 0.5565 0.6233 0.5157, 0.5542 0.6245 0.5157, 0.5537 0.6235 0.5259, 0.5497 0.6269 0.5157, 0.5448 0.6284 0.5157, 0.5445 0.6273 0.5259, 0.5423 0.6292 0.5157, 0.5346 0.6299 0.5157, 0.5346 0.6286 0.5259, 0.5435 0.6235 0.5354, 0.5346 0.6246 0.5354, 0.5418 0.6174 0.5436, 0.5346 0.6184 0.5436, 0.5397 0.6096 0.5498, 0.5346 0.6102 0.5498, 0.5373 0.6004 0.5538, 0.5346 0.6007 0.5538, 0.5517 0.6201 0.5354, 0.5486 0.6147 0.5436, 0.5445 0.6076 0.5498, 0.5397 0.5994 0.5538, 0.5588 0.6147 0.5354, 0.5543 0.6102 0.5436, 0.5486 0.6045 0.5498, 0.5418 0.5978 0.5538, 0.5642 0.6076 0.5354, 0.5588 0.6045 0.5436, 0.5517 0.6004 0.5498, 0.5435 0.5956 0.5538, 0.5676 0.5994 0.5354, 0.5615 0.5978 0.5436, 0.5537 0.5956 0.5498, 0.5445 0.5932 0.5538, 0.5423 -0.6292 0.5157, 0.5448 -0.6284 0.5157, 0.5445 -0.6273 0.5259, 0.5497 -0.6269 0.5157, 0.5542 -0.6245 0.5157, 0.5537 -0.6235 0.5259, 0.5565 -0.6233 0.5157, 0.5625 -0.6184 0.5157, 0.5615 -0.6174 0.5259, 0.5674 -0.6124 0.5157, 0.5686 -0.6102 0.5157, 0.5676 -0.6096 0.5259, 0.571 -0.6056 0.5157, 0.5725 -0.6007 0.5157, 0.5714 -0.6004 0.5259, 0.5733 -0.5982 0.5157, 0.5676 -0.5994 0.5354, 0.5615 -0.5978 0.5436, 0.5537 -0.5956 0.5498, 0.5445 -0.5932 0.5538, 0.5642 -0.6076 0.5354, 0.5588 -0.6045 0.5436, 0.5517 -0.6004 0.5498, 0.5435 -0.5956 0.5538, 0.5588 -0.6147 0.5354, 0.5543 -0.6102 0.5436, 0.5486 -0.6045 0.5498, 0.5418 -0.5978 0.5538, 0.5517 -0.6201 0.5354, 0.5486 -0.6147 0.5436, 0.5445 -0.6076 0.5498, 0.5397 -0.5994 0.5538, 0.5435 -0.6235 0.5354, 0.5418 -0.6174 0.5436, 0.5397 -0.6096 0.5498, 0.5373 -0.6004 0.5538, 0.5346 -0.6299 0.5157, 0.5346 -0.6286 0.5259, 0.5346 -0.6246 0.5354, 0.5346 -0.6184 0.5436, 0.5346 -0.6102 0.5498, 0.5346 -0.6007 0.5538, -0.6465 0.5906 0.5551, -0.6465 0.6007 0.5538, -0.6465 0.6102 0.5498, -0.6465 0.6184 0.5436, -0.6465 0.6246 0.5354, -0.6465 0.6286 0.5259, -0.6465 0.6299 0.5157, -0.6465 -0.5906 0.5551, -0.6465 -0.6007 0.5538, -0.6465 -0.6102 0.5498, -0.6465 -0.6184 0.5436, -0.6465 -0.6246 0.5354, -0.6465 -0.6286 0.5259, -0.6465 -0.6299 0.5157, -0.6541 0.6292 0.5157, -0.6566 0.6284 0.5157, -0.6563 0.6273 0.5259, -0.6615 0.6269 0.5157, -0.6661 0.6245 0.5157, -0.6655 0.6235 0.5259, -0.6683 0.6233 0.5157, -0.6743 0.6184 0.5157, -0.6734 0.6174 0.5259, -0.6792 0.6124 0.5157, -0.6804 0.6102 0.5157, -0.6794 0.6096 0.5259, -0.6828 0.6056 0.5157, -0.6843 0.6007 0.5157, -0.6832 0.6004 0.5259, -0.6851 0.5982 0.5157, -0.6858 0.5906 0.5157, -0.6845 0.5906 0.5259, -0.6794 0.5994 0.5354, -0.6806 0.5906 0.5354, -0.6734 0.5978 0.5436, -0.6743 0.5906 0.5436, -0.6655 0.5956 0.5498, -0.6661 0.5906 0.5498, -0.6563 0.5932 0.5538, -0.6567 0.5906 0.5538, -0.676 0.6076 0.5354, -0.6706 0.6045 0.5436, -0.6635 0.6004 0.5498, -0.6553 0.5956 0.5538, -0.6706 0.6147 0.5354, -0.6661 0.6102 0.5436, -0.6604 0.6045 0.5498, -0.6537 0.5978 0.5538, -0.6635 0.6201 0.5354, -0.6604 0.6147 0.5436, -0.6563 0.6076 0.5498, -0.6516 0.5994 0.5538, -0.6553 0.6235 0.5354, -0.6537 0.6174 0.5436, -0.6516 0.6096 0.5498, -0.6491 0.6004 0.5538, -0.6851 -0.5982 0.5157, -0.6843 -0.6007 0.5157, -0.6832 -0.6004 0.5259, -0.6828 -0.6056 0.5157, -0.6804 -0.6102 0.5157, -0.6794 -0.6096 0.5259, -0.6792 -0.6124 0.5157, -0.6743 -0.6184 0.5157, -0.6734 -0.6174 0.5259, -0.6683 -0.6233 0.5157, -0.6661 -0.6245 0.5157, -0.6655 -0.6235 0.5259, -0.6615 -0.6269 0.5157, -0.6566 -0.6284 0.5157, -0.6563 -0.6273 0.5259, -0.6541 -0.6292 0.5157, -0.6553 -0.6235 0.5354, -0.6537 -0.6174 0.5436, -0.6516 -0.6096 0.5498, -0.6491 -0.6004 0.5538, -0.6635 -0.6201 0.5354, -0.6604 -0.6147 0.5436, -0.6563 -0.6076 0.5498, -0.6516 -0.5994 0.5538, -0.6706 -0.6147 0.5354, -0.6661 -0.6102 0.5436, -0.6604 -0.6045 0.5498, -0.6537 -0.5978 0.5538, -0.676 -0.6076 0.5354, -0.6706 -0.6045 0.5436, -0.6635 -0.6004 0.5498, -0.6553 -0.5956 0.5538, -0.6794 -0.5994 0.5354, -0.6734 -0.5978 0.5436, -0.6655 -0.5956 0.5498, -0.6563 -0.5932 0.5538, -0.6858 -0.5906 0.5157, -0.6845 -0.5906 0.5259, -0.6806 -0.5906 0.5354, -0.6743 -0.5906 0.5436, -0.6661 -0.5906 0.5498, -0.6567 -0.5906 0.5538
            ]
        }
        coordIndex [
            0,1,2,-1,0,2,3,-1,3,2,4,-1,3,4,5,-1,5,4,6,-1,5,6,7,-1,7,6,8,-1,7,8,9,-1,9,8,10,-1,9,10,11,-1,11,10,12,-1,11,12,13,-1,14,15,16,-1,17,18,19,-1,20,21,22,-1,23,24,25,-1,26,27,28,-1,29,30,31,-1,27,29,28,-1,28,29,31,-1,28,31,32,-1,32,31,33,-1,32,33,34,-1,34,33,35,-1,34,35,36,-1,36,35,37,-1,36,37,38,-1,38,37,39,-1,38,39,0,-1,24,26,25,-1,25,26,28,-1,25,28,40,-1,40,28,32,-1,40,32,41,-1,41,32,34,-1,41,34,42,-1,42,34,36,-1,42,36,43,-1,43,36,38,-1,43,38,0,-1,21,23,22,-1,22,23,25,-1,22,25,44,-1,44,25,40,-1,44,40,45,-1,45,40,41,-1,45,41,46,-1,46,41,42,-1,46,42,47,-1,47,42,43,-1,47,43,0,-1,18,20,19,-1,19,20,22,-1,19,22,48,-1,48,22,44,-1,48,44,49,-1,49,44,45,-1,49,45,50,-1,50,45,46,-1,50,46,51,-1,51,46,47,-1,51,47,0,-1,15,17,16,-1,16,17,19,-1,16,19,52,-1,52,19,48,-1,52,48,53,-1,53,48,49,-1,53,49,54,-1,54,49,50,-1,54,50,55,-1,55,50,51,-1,55,51,0,-1,13,14,11,-1,11,14,16,-1,11,16,9,-1,9,16,52,-1,9,52,7,-1,7,52,53,-1,7,53,5,-1,5,53,54,-1,5,54,3,-1,3,54,55,-1,3,55,0,-1,56,57,58,-1,59,60,61,-1,62,63,64,-1,65,66,67,-1,68,69,70,-1,71,12,10,-1,69,71,70,-1,70,71,10,-1,70,10,72,-1,72,10,8,-1,72,8,73,-1,73,8,6,-1,73,6,74,-1,74,6,4,-1,74,4,75,-1,75,4,2,-1,75,2,1,-1,66,68,67,-1,67,68,70,-1,67,70,76,-1,76,70,72,-1,76,72,77,-1,77,72,73,-1,77,73,78,-1,78,73,74,-1,78,74,79,-1,79,74,75,-1,79,75,1,-1,63,65,64,-1,64,65,67,-1,64,67,80,-1,80,67,76,-1,80,76,81,-1,81,76,77,-1,81,77,82,-1,82,77,78,-1,82,78,83,-1,83,78,79,-1,83,79,1,-1,60,62,61,-1,61,62,64,-1,61,64,84,-1,84,64,80,-1,84,80,85,-1,85,80,81,-1,85,81,86,-1,86,81,82,-1,86,82,87,-1,87,82,83,-1,87,83,1,-1,57,59,58,-1,58,59,61,-1,58,61,88,-1,88,61,84,-1,88,84,89,-1,89,84,85,-1,89,85,90,-1,90,85,86,-1,90,86,91,-1,91,86,87,-1,91,87,1,-1,92,56,93,-1,93,56,58,-1,93,58,94,-1,94,58,88,-1,94,88,95,-1,95,88,89,-1,95,89,96,-1,96,89,90,-1,96,90,97,-1,97,90,91,-1,97,91,1,-1,98,0,39,-1,98,39,99,-1,99,39,37,-1,99,37,100,-1,100,37,35,-1,100,35,101,-1,101,35,33,-1,101,33,102,-1,102,33,31,-1,102,31,103,-1,103,31,30,-1,103,30,104,-1,1,105,106,-1,1,106,97,-1,97,106,107,-1,97,107,96,-1,96,107,108,-1,96,108,95,-1,95,108,109,-1,95,109,94,-1,94,109,110,-1,94,110,93,-1,93,110,111,-1,93,111,92,-1,112,113,114,-1,115,116,117,-1,118,119,120,-1,121,122,123,-1,124,125,126,-1,127,128,129,-1,125,127,126,-1,126,127,129,-1,126,129,130,-1,130,129,131,-1,130,131,132,-1,132,131,133,-1,132,133,134,-1,134,133,135,-1,134,135,136,-1,136,135,137,-1,136,137,98,-1,122,124,123,-1,123,124,126,-1,123,126,138,-1,138,126,130,-1,138,130,139,-1,139,130,132,-1,139,132,140,-1,140,132,134,-1,140,134,141,-1,141,134,136,-1,141,136,98,-1,119,121,120,-1,120,121,123,-1,120,123,142,-1,142,123,138,-1,142,138,143,-1,143,138,139,-1,143,139,144,-1,144,139,140,-1,144,140,145,-1,145,140,141,-1,145,141,98,-1,116,118,117,-1,117,118,120,-1,117,120,146,-1,146,120,142,-1,146,142,147,-1,147,142,143,-1,147,143,148,-1,148,143,144,-1,148,144,149,-1,149,144,145,-1,149,145,98,-1,113,115,114,-1,114,115,117,-1,114,117,150,-1,150,117,146,-1,150,146,151,-1,151,146,147,-1,151,147,152,-1,152,147,148,-1,152,148,153,-1,153,148,149,-1,153,149,98,-1,104,112,103,-1,103,112,114,-1,103,114,102,-1,102,114,150,-1,102,150,101,-1,101,150,151,-1,101,151,100,-1,100,151,152,-1,100,152,99,-1,99,152,153,-1,99,153,98,-1,154,155,156,-1,157,158,159,-1,160,161,162,-1,163,164,165,-1,166,167,168,-1,169,111,110,-1,167,169,168,-1,168,169,110,-1,168,110,170,-1,170,110,109,-1,170,109,171,-1,171,109,108,-1,171,108,172,-1,172,108,107,-1,172,107,173,-1,173,107,106,-1,173,106,105,-1,164,166,165,-1,165,166,168,-1,165,168,174,-1,174,168,170,-1,174,170,175,-1,175,170,171,-1,175,171,176,-1,176,171,172,-1,176,172,177,-1,177,172,173,-1,177,173,105,-1,161,163,162,-1,162,163,165,-1,162,165,178,-1,178,165,174,-1,178,174,179,-1,179,174,175,-1,179,175,180,-1,180,175,176,-1,180,176,181,-1,181,176,177,-1,181,177,105,-1,158,160,159,-1,159,160,162,-1,159,162,182,-1,182,162,178,-1,182,178,183,-1,183,178,179,-1,183,179,184,-1,184,179,180,-1,184,180,185,-1,185,180,181,-1,185,181,105,-1,155,157,156,-1,156,157,159,-1,156,159,186,-1,186,159,182,-1,186,182,187,-1,187,182,183,-1,187,183,188,-1,188,183,184,-1,188,184,189,-1,189,184,185,-1,189,185,105,-1,190,154,191,-1,191,154,156,-1,191,156,192,-1,192,156,186,-1,192,186,193,-1,193,186,187,-1,193,187,194,-1,194,187,188,-1,194,188,195,-1,195,188,189,-1,195,189,105,-1,105,98,137,-1,105,137,195,-1,195,137,135,-1,195,135,194,-1,194,135,133,-1,194,133,193,-1,193,133,131,-1,193,131,192,-1,192,131,129,-1,192,129,191,-1,191,129,128,-1,191,128,190,-1,
        ]
    }
}
Shape{
    appearance Appearance {
        material  Material 	{
            diffuseColor 1.0 1.0 0.0
            specularColor 0.5019607843137255 0.5019607843137255 0.0
            ambientIntensity 0.886
            transparency 0.0
            shininess 0.5
        }
    }
    geometry IndexedFaceSet {
        ccw TRUE
        solid FALSE
        coord DEF co Coordinate {
            point [
                -0.6877 0.5988 0.4954, -0.6885 0.5906 0.4954, -0.6858 0.5906 0.5157, -0.6851 0.5982 0.5157, -0.6843 0.6007 0.5157, -0.6853 0.6066 0.4954, -0.6828 0.6056 0.5157, -0.6804 0.6102 0.5157, -0.6814 0.6139 0.4954, -0.6792 0.6124 0.5157, -0.6762 0.6203 0.4954, -0.6743 0.6184 0.5157, -0.6698 0.6255 0.4954, -0.6683 0.6233 0.5157, -0.6661 0.6245 0.5157, -0.6626 0.6294 0.4954, -0.6465 0.6299 0.5157, -0.6465 0.6326 0.4954, -0.6541 0.6292 0.5157, -0.6547 0.6318 0.4954, -0.6566 0.6284 0.5157, -0.6615 0.6269 0.5157, -0.6465 0.6405 0.4764, -0.6562 0.6395 0.4764, -0.6656 0.6367 0.4764, -0.6742 0.6321 0.4764, -0.6818 0.6258 0.4764, -0.688 0.6183 0.4764, -0.6926 0.6097 0.4764, -0.6954 0.6003 0.4764, -0.6964 0.5906 0.4764, -0.6465 0.653 0.4601, -0.6586 0.6518 0.4601, -0.6704 0.6482 0.4601, -0.6811 0.6425 0.4601, -0.6906 0.6347 0.4601, -0.6984 0.6252 0.4601, -0.7041 0.6144 0.4601, -0.7077 0.6027 0.4601, -0.7089 0.5906 0.4601, -0.6465 0.6693 0.4476, -0.6618 0.6678 0.4476, -0.6766 0.6633 0.4476, -0.6902 0.656 0.4476, -0.7021 0.6462 0.4476, -0.7119 0.6343 0.4476, -0.7192 0.6207 0.4476, -0.7237 0.6059 0.4476, -0.7252 0.5906 0.4476, -0.6465 0.6883 0.4397, -0.6655 0.6864 0.4397, -0.6839 0.6808 0.4397, -0.7008 0.6718 0.4397, -0.7156 0.6597 0.4397, -0.7277 0.6448 0.4397, -0.7368 0.628 0.4397, -0.7423 0.6096 0.4397, -0.7442 0.5906 0.4397, -0.6465 0.7087 0.437, -0.6695 0.7064 0.437, -0.6917 0.6997 0.437, -0.7121 0.6888 0.437, -0.73 0.6741 0.437, -0.7447 0.6562 0.437, -0.7556 0.6358 0.437, -0.7623 0.6136 0.437, -0.7646 0.5906 0.437, -0.7469 0.0153 0.439, -0.7454 0.0077 0.4394, -0.7571 0.036 0.4374, -0.7528 0.0295 0.4379, -0.7494 0.0226 0.4385, -0.7646 0.044 0.437, -0.7622 0.0418 0.437, -0.7449 -0.0 0.4395, -0.7454 -0.0077 0.4394, -0.7442 -0.5906 0.4397, -0.7469 -0.0153 0.439, -0.7494 -0.0226 0.4385, -0.7528 -0.0295 0.4379, -0.7646 -0.044 0.437, -0.7646 -0.5906 0.437, -0.7623 -0.0416 0.4371, -0.7571 -0.036 0.4374, -0.7252 -0.5906 0.4476, -0.7089 -0.5906 0.4601, -0.6964 -0.5906 0.4764, -0.6885 -0.5906 0.4954, -0.6858 -0.5906 0.5157, 0.4518 0.6895 0.4394, 0.4441 0.689 0.4395, 0.5346 0.6883 0.4397, 0.4594 0.691 0.439, 0.48 0.7012 0.4374, 0.4736 0.6969 0.4379, 0.4667 0.6935 0.4385, 0.5346 0.7087 0.437, 0.4881 0.7087 0.437, 0.4858 0.7063 0.437, -0.5559 0.689 0.4395, -0.5636 0.6895 0.4394, -0.0559 0.689 0.4395, 0.4215 0.6935 0.4385, 0.4288 0.691 0.439, 0.4364 0.6895 0.4394, 0.4146 0.6969 0.4379, 0.4081 0.7012 0.4374, -0.0482 0.6895 0.4394, -0.0636 0.6895 0.4394, -0.0712 0.691 0.439, -0.0785 0.6935 0.4385, -0.0854 0.6969 0.4379, -0.0919 0.7012 0.4374, -0.5482 0.6895 0.4394, -0.5712 0.691 0.439, -0.5785 0.6935 0.4385, -0.5854 0.6969 0.4379, -0.5264 0.6969 0.4379, -0.5333 0.6935 0.4385, -0.5406 0.691 0.439, -0.0999 0.7087 0.437, -0.5119 0.7087 0.437, -0.0975 0.7064 0.4371, -0.5142 0.7063 0.437, -0.52 0.7012 0.4374, -0.0264 0.6969 0.4379, -0.0333 0.6935 0.4385, -0.0406 0.691 0.439, 0.4001 0.7087 0.437, -0.0119 0.7087 0.437, 0.4025 0.7064 0.4371, -0.0142 0.7063 0.437, -0.02 0.7012 0.4374, -0.5999 0.7087 0.437, -0.5975 0.7064 0.4371, -0.5919 0.7012 0.4374, 0.5346 0.6299 0.5157, 0.5346 0.6326 0.4954, 0.5346 0.6405 0.4764, 0.5346 0.653 0.4601, 0.5346 0.6693 0.4476, -0.6547 -0.6318 0.4954, -0.6465 -0.6326 0.4954, -0.6465 -0.6299 0.5157, -0.6541 -0.6292 0.5157, -0.6566 -0.6284 0.5157, -0.6626 -0.6294 0.4954, -0.6615 -0.6269 0.5157, -0.6661 -0.6245 0.5157, -0.6698 -0.6255 0.4954, -0.6683 -0.6233 0.5157, -0.6762 -0.6203 0.4954, -0.6743 -0.6184 0.5157, -0.6814 -0.6139 0.4954, -0.6792 -0.6124 0.5157, -0.6804 -0.6102 0.5157, -0.6853 -0.6066 0.4954, -0.6851 -0.5982 0.5157, -0.6877 -0.5988 0.4954, -0.6843 -0.6007 0.5157, -0.6828 -0.6056 0.5157, -0.6954 -0.6003 0.4764, -0.6926 -0.6097 0.4764, -0.688 -0.6183 0.4764, -0.6818 -0.6258 0.4764, -0.6742 -0.6321 0.4764, -0.6656 -0.6367 0.4764, -0.6562 -0.6395 0.4764, -0.6465 -0.6405 0.4764, -0.7077 -0.6027 0.4601, -0.7041 -0.6144 0.4601, -0.6984 -0.6252 0.4601, -0.6906 -0.6347 0.4601, -0.6811 -0.6425 0.4601, -0.6704 -0.6482 0.4601, -0.6586 -0.6518 0.4601, -0.6465 -0.653 0.4601, -0.7237 -0.6059 0.4476, -0.7192 -0.6207 0.4476, -0.7119 -0.6343 0.4476, -0.7021 -0.6462 0.4476, -0.6902 -0.656 0.4476, -0.6766 -0.6633 0.4476, -0.6618 -0.6678 0.4476, -0.6465 -0.6693 0.4476, -0.7423 -0.6096 0.4397, -0.7368 -0.628 0.4397, -0.7277 -0.6448 0.4397, -0.7156 -0.6597 0.4397, -0.7008 -0.6718 0.4397, -0.6839 -0.6808 0.4397, -0.6655 -0.6864 0.4397, -0.6465 -0.6883 0.4397, -0.7623 -0.6136 0.437, -0.7556 -0.6358 0.437, -0.7447 -0.6562 0.437, -0.73 -0.6741 0.437, -0.7121 -0.6888 0.437, -0.6917 -0.6997 0.437, -0.6695 -0.7064 0.437, -0.6465 -0.7087 0.437, 0.5428 0.6318 0.4954, 0.5423 0.6292 0.5157, 0.5448 0.6284 0.5157, 0.5507 0.6294 0.4954, 0.5497 0.6269 0.5157, 0.5542 0.6245 0.5157, 0.558 0.6255 0.4954, 0.5565 0.6233 0.5157, 0.5644 0.6203 0.4954, 0.5625 0.6184 0.5157, 0.5696 0.6139 0.4954, 0.5674 0.6124 0.5157, 0.5686 0.6102 0.5157, 0.5735 0.6066 0.4954, 0.574 0.5906 0.5157, 0.5767 0.5906 0.4954, 0.5733 0.5982 0.5157, 0.5759 0.5988 0.4954, 0.5725 0.6007 0.5157, 0.571 0.6056 0.5157, 0.5846 0.5906 0.4764, 0.5836 0.6003 0.4764, 0.5808 0.6097 0.4764, 0.5761 0.6183 0.4764, 0.5699 0.6258 0.4764, 0.5624 0.6321 0.4764, 0.5537 0.6367 0.4764, 0.5444 0.6395 0.4764, 0.5971 0.5906 0.4601, 0.5959 0.6027 0.4601, 0.5923 0.6144 0.4601, 0.5866 0.6252 0.4601, 0.5788 0.6347 0.4601, 0.5693 0.6425 0.4601, 0.5585 0.6482 0.4601, 0.5468 0.6518 0.4601, 0.6134 0.5906 0.4476, 0.6119 0.6059 0.4476, 0.6074 0.6207 0.4476, 0.6001 0.6343 0.4476, 0.5903 0.6462 0.4476, 0.5784 0.656 0.4476, 0.5648 0.6633 0.4476, 0.55 0.6678 0.4476, 0.6324 0.5906 0.4397, 0.6305 0.6096 0.4397, 0.6249 0.628 0.4397, 0.6159 0.6448 0.4397, 0.6037 0.6597 0.4397, 0.5889 0.6718 0.4397, 0.572 0.6808 0.4397, 0.5537 0.6864 0.4397, 0.6528 0.5906 0.437, 0.6505 0.6136 0.437, 0.6438 0.6358 0.437, 0.6328 0.6562 0.437, 0.6182 0.6741 0.437, 0.6003 0.6888 0.437, 0.5798 0.6997 0.437, 0.5577 0.7064 0.437, -0.5636 -0.6895 0.4394, -0.5559 -0.689 0.4395, -0.5712 -0.691 0.439, -0.5919 -0.7012 0.4374, -0.5854 -0.6969 0.4379, -0.5785 -0.6935 0.4385, -0.5999 -0.7087 0.437, -0.5977 -0.7063 0.437, 0.4441 -0.689 0.4395, 0.4518 -0.6895 0.4394, 0.5346 -0.6883 0.4397, -0.0559 -0.689 0.4395, 0.4594 -0.691 0.439, 0.4667 -0.6935 0.4385, 0.4736 -0.6969 0.4379, -0.0482 -0.6895 0.4394, -0.0406 -0.691 0.439, -0.0333 -0.6935 0.4385, -0.0264 -0.6969 0.4379, -0.02 -0.7012 0.4374, 0.4364 -0.6895 0.4394, -0.5333 -0.6935 0.4385, -0.5406 -0.691 0.439, -0.5482 -0.6895 0.4394, -0.5264 -0.6969 0.4379, -0.52 -0.7012 0.4374, -0.0636 -0.6895 0.4394, -0.0854 -0.6969 0.4379, -0.0785 -0.6935 0.4385, -0.0712 -0.691 0.439, -0.5119 -0.7087 0.437, -0.0999 -0.7087 0.437, -0.5143 -0.7064 0.4371, -0.0977 -0.7063 0.437, -0.0919 -0.7012 0.4374, 0.4881 -0.7087 0.437, 0.5346 -0.7087 0.437, 0.4857 -0.7064 0.4371, 0.48 -0.7012 0.4374, 0.4146 -0.6969 0.4379, 0.4215 -0.6935 0.4385, 0.4288 -0.691 0.439, -0.0119 -0.7087 0.437, 0.4001 -0.7087 0.437, -0.0143 -0.7064 0.4371, 0.4023 -0.7063 0.437, 0.4081 -0.7012 0.4374, 0.5346 -0.6299 0.5157, 0.5346 -0.6326 0.4954, 0.5346 -0.6405 0.4764, 0.5346 -0.653 0.4601, 0.5346 -0.6693 0.4476, 0.6351 -0.0153 0.439, 0.6336 -0.0077 0.4394, 0.6324 -0.5906 0.4397, 0.6453 -0.036 0.4374, 0.641 -0.0295 0.4379, 0.6376 -0.0226 0.4385, 0.6528 -0.5906 0.437, 0.6528 -0.044 0.437, 0.6504 -0.0418 0.437, 0.6331 0.0 0.4395, 0.6336 0.0077 0.4394, 0.6351 0.0153 0.439, 0.6376 0.0226 0.4385, 0.641 0.0295 0.4379, 0.6528 0.044 0.437, 0.6505 0.0416 0.4371, 0.6453 0.036 0.4374, 0.6134 -0.5906 0.4476, 0.5971 -0.5906 0.4601, 0.5846 -0.5906 0.4764, 0.5767 -0.5906 0.4954, 0.574 -0.5906 0.5157, 0.5759 -0.5988 0.4954, 0.5733 -0.5982 0.5157, 0.5725 -0.6007 0.5157, 0.5735 -0.6066 0.4954, 0.571 -0.6056 0.5157, 0.5686 -0.6102 0.5157, 0.5696 -0.6139 0.4954, 0.5674 -0.6124 0.5157, 0.5644 -0.6203 0.4954, 0.5625 -0.6184 0.5157, 0.558 -0.6255 0.4954, 0.5565 -0.6233 0.5157, 0.5542 -0.6245 0.5157, 0.5507 -0.6294 0.4954, 0.5423 -0.6292 0.5157, 0.5428 -0.6318 0.4954, 0.5448 -0.6284 0.5157, 0.5497 -0.6269 0.5157, 0.5444 -0.6395 0.4764, 0.5537 -0.6367 0.4764, 0.5624 -0.6321 0.4764, 0.5699 -0.6258 0.4764, 0.5761 -0.6183 0.4764, 0.5808 -0.6097 0.4764, 0.5836 -0.6003 0.4764, 0.5468 -0.6518 0.4601, 0.5585 -0.6482 0.4601, 0.5693 -0.6425 0.4601, 0.5788 -0.6347 0.4601, 0.5866 -0.6252 0.4601, 0.5923 -0.6144 0.4601, 0.5959 -0.6027 0.4601, 0.55 -0.6678 0.4476, 0.5648 -0.6633 0.4476, 0.5784 -0.656 0.4476, 0.5903 -0.6462 0.4476, 0.6001 -0.6343 0.4476, 0.6074 -0.6207 0.4476, 0.6119 -0.6059 0.4476, 0.5537 -0.6864 0.4397, 0.572 -0.6808 0.4397, 0.5889 -0.6718 0.4397, 0.6037 -0.6597 0.4397, 0.6159 -0.6448 0.4397, 0.6249 -0.628 0.4397, 0.6305 -0.6096 0.4397, 0.5577 -0.7064 0.437, 0.5798 -0.6997 0.437, 0.6003 -0.6888 0.437, 0.6182 -0.6741 0.437, 0.6328 -0.6562 0.437, 0.6438 -0.6358 0.437, 0.6505 -0.6136 0.437
            ]
        }
        coordIndex [
            0,1,2,-1,2,3,0,-1,0,3,4,-1,0,4,5,-1,4,6,5,-1,5,6,7,-1,5,7,8,-1,8,7,9,-1,8,9,10,-1,10,9,11,-1,10,11,12,-1,11,13,12,-1,12,13,14,-1,12,14,15,-1,16,17,18,-1,18,17,19,-1,18,19,20,-1,20,19,15,-1,20,15,21,-1,21,15,14,-1,17,22,19,-1,19,22,23,-1,19,23,15,-1,15,23,24,-1,15,24,12,-1,12,24,25,-1,12,25,10,-1,10,25,26,-1,10,26,8,-1,8,26,27,-1,8,27,5,-1,5,27,28,-1,5,28,0,-1,0,28,29,-1,0,29,1,-1,1,29,30,-1,22,31,23,-1,23,31,32,-1,23,32,24,-1,24,32,33,-1,24,33,25,-1,25,33,34,-1,25,34,26,-1,26,34,35,-1,26,35,27,-1,27,35,36,-1,27,36,28,-1,28,36,37,-1,28,37,29,-1,29,37,38,-1,29,38,30,-1,30,38,39,-1,31,40,32,-1,32,40,41,-1,32,41,33,-1,33,41,42,-1,33,42,34,-1,34,42,43,-1,34,43,35,-1,35,43,44,-1,35,44,36,-1,36,44,45,-1,36,45,37,-1,37,45,46,-1,37,46,38,-1,38,46,47,-1,38,47,39,-1,39,47,48,-1,40,49,41,-1,41,49,50,-1,41,50,42,-1,42,50,51,-1,42,51,43,-1,43,51,52,-1,43,52,44,-1,44,52,53,-1,44,53,45,-1,45,53,54,-1,45,54,46,-1,46,54,55,-1,46,55,47,-1,47,55,56,-1,47,56,48,-1,48,56,57,-1,49,58,50,-1,50,58,59,-1,50,59,51,-1,51,59,60,-1,51,60,52,-1,52,60,61,-1,52,61,53,-1,53,61,62,-1,53,62,54,-1,54,62,63,-1,54,63,55,-1,55,63,64,-1,55,64,56,-1,56,64,65,-1,56,65,57,-1,57,65,66,-1,67,68,57,-1,69,70,57,-1,57,70,71,-1,57,71,67,-1,66,72,57,-1,57,72,73,-1,57,73,69,-1,74,75,76,-1,75,77,76,-1,76,77,78,-1,76,78,79,-1,80,81,82,-1,82,81,76,-1,82,76,83,-1,83,76,79,-1,68,74,57,-1,57,74,76,-1,57,76,48,-1,48,76,84,-1,48,84,39,-1,39,84,85,-1,39,85,30,-1,30,85,86,-1,30,86,1,-1,1,86,87,-1,1,87,2,-1,2,87,88,-1,89,90,91,-1,89,91,92,-1,93,94,91,-1,91,94,95,-1,91,95,92,-1,96,97,91,-1,91,97,98,-1,91,98,93,-1,99,100,49,-1,99,49,101,-1,102,101,103,-1,103,101,104,-1,102,105,101,-1,101,105,106,-1,101,106,107,-1,101,108,99,-1,99,108,109,-1,99,109,110,-1,110,111,99,-1,99,111,112,-1,99,112,113,-1,100,114,49,-1,49,114,115,-1,49,115,116,-1,117,118,112,-1,112,118,119,-1,112,119,113,-1,120,121,122,-1,122,121,123,-1,122,123,112,-1,112,123,124,-1,112,124,117,-1,125,126,106,-1,106,126,127,-1,106,127,107,-1,128,129,130,-1,130,129,131,-1,130,131,106,-1,106,131,132,-1,106,132,125,-1,133,58,134,-1,134,58,49,-1,134,49,135,-1,135,49,116,-1,16,136,17,-1,17,136,137,-1,17,137,22,-1,22,137,138,-1,22,138,31,-1,31,138,139,-1,31,139,40,-1,40,139,140,-1,40,140,49,-1,49,140,91,-1,49,91,101,-1,101,91,90,-1,101,90,104,-1,141,142,143,-1,143,144,141,-1,141,144,145,-1,141,145,146,-1,145,147,146,-1,146,147,148,-1,146,148,149,-1,149,148,150,-1,149,150,151,-1,151,150,152,-1,151,152,153,-1,152,154,153,-1,153,154,155,-1,153,155,156,-1,88,87,157,-1,157,87,158,-1,157,158,159,-1,159,158,156,-1,159,156,160,-1,160,156,155,-1,87,86,158,-1,158,86,161,-1,158,161,156,-1,156,161,162,-1,156,162,153,-1,153,162,163,-1,153,163,151,-1,151,163,164,-1,151,164,149,-1,149,164,165,-1,149,165,146,-1,146,165,166,-1,146,166,141,-1,141,166,167,-1,141,167,142,-1,142,167,168,-1,86,85,161,-1,161,85,169,-1,161,169,162,-1,162,169,170,-1,162,170,163,-1,163,170,171,-1,163,171,164,-1,164,171,172,-1,164,172,165,-1,165,172,173,-1,165,173,166,-1,166,173,174,-1,166,174,167,-1,167,174,175,-1,167,175,168,-1,168,175,176,-1,85,84,169,-1,169,84,177,-1,169,177,170,-1,170,177,178,-1,170,178,171,-1,171,178,179,-1,171,179,172,-1,172,179,180,-1,172,180,173,-1,173,180,181,-1,173,181,174,-1,174,181,182,-1,174,182,175,-1,175,182,183,-1,175,183,176,-1,176,183,184,-1,84,76,177,-1,177,76,185,-1,177,185,178,-1,178,185,186,-1,178,186,179,-1,179,186,187,-1,179,187,180,-1,180,187,188,-1,180,188,181,-1,181,188,189,-1,181,189,182,-1,182,189,190,-1,182,190,183,-1,183,190,191,-1,183,191,184,-1,184,191,192,-1,76,81,185,-1,185,81,193,-1,185,193,186,-1,186,193,194,-1,186,194,187,-1,187,194,195,-1,187,195,188,-1,188,195,196,-1,188,196,189,-1,189,196,197,-1,189,197,190,-1,190,197,198,-1,190,198,191,-1,191,198,199,-1,191,199,192,-1,192,199,200,-1,201,137,136,-1,136,202,201,-1,201,202,203,-1,201,203,204,-1,203,205,204,-1,204,205,206,-1,204,206,207,-1,207,206,208,-1,207,208,209,-1,209,208,210,-1,209,210,211,-1,210,212,211,-1,211,212,213,-1,211,213,214,-1,215,216,217,-1,217,216,218,-1,217,218,219,-1,219,218,214,-1,219,214,220,-1,220,214,213,-1,216,221,218,-1,218,221,222,-1,218,222,214,-1,214,222,223,-1,214,223,211,-1,211,223,224,-1,211,224,209,-1,209,224,225,-1,209,225,207,-1,207,225,226,-1,207,226,204,-1,204,226,227,-1,204,227,201,-1,201,227,228,-1,201,228,137,-1,137,228,138,-1,221,229,222,-1,222,229,230,-1,222,230,223,-1,223,230,231,-1,223,231,224,-1,224,231,232,-1,224,232,225,-1,225,232,233,-1,225,233,226,-1,226,233,234,-1,226,234,227,-1,227,234,235,-1,227,235,228,-1,228,235,236,-1,228,236,138,-1,138,236,139,-1,229,237,230,-1,230,237,238,-1,230,238,231,-1,231,238,239,-1,231,239,232,-1,232,239,240,-1,232,240,233,-1,233,240,241,-1,233,241,234,-1,234,241,242,-1,234,242,235,-1,235,242,243,-1,235,243,236,-1,236,243,244,-1,236,244,139,-1,139,244,140,-1,237,245,238,-1,238,245,246,-1,238,246,239,-1,239,246,247,-1,239,247,240,-1,240,247,248,-1,240,248,241,-1,241,248,249,-1,241,249,242,-1,242,249,250,-1,242,250,243,-1,243,250,251,-1,243,251,244,-1,244,251,252,-1,244,252,140,-1,140,252,91,-1,245,253,246,-1,246,253,254,-1,246,254,247,-1,247,254,255,-1,247,255,248,-1,248,255,256,-1,248,256,249,-1,249,256,257,-1,249,257,250,-1,250,257,258,-1,250,258,251,-1,251,258,259,-1,251,259,252,-1,252,259,260,-1,252,260,91,-1,91,260,96,-1,261,262,192,-1,261,192,263,-1,264,265,192,-1,192,265,266,-1,192,266,263,-1,200,267,192,-1,192,267,268,-1,192,268,264,-1,269,270,271,-1,269,271,272,-1,270,273,271,-1,271,273,274,-1,271,274,275,-1,272,276,269,-1,269,276,277,-1,269,277,278,-1,278,279,269,-1,269,279,280,-1,269,280,281,-1,282,272,283,-1,283,272,284,-1,282,285,272,-1,272,285,286,-1,272,286,287,-1,288,289,286,-1,286,289,290,-1,286,290,287,-1,291,292,293,-1,293,292,294,-1,293,294,286,-1,286,294,295,-1,286,295,288,-1,296,297,298,-1,298,297,271,-1,298,271,299,-1,299,271,275,-1,300,301,280,-1,280,301,302,-1,280,302,281,-1,303,304,305,-1,305,304,306,-1,305,306,280,-1,280,306,307,-1,280,307,300,-1,308,143,309,-1,309,143,142,-1,309,142,310,-1,310,142,168,-1,310,168,311,-1,311,168,176,-1,311,176,312,-1,312,176,184,-1,312,184,271,-1,271,184,192,-1,271,192,272,-1,272,192,262,-1,272,262,284,-1,313,314,315,-1,316,317,315,-1,315,317,318,-1,315,318,313,-1,319,320,315,-1,315,320,321,-1,315,321,316,-1,322,323,245,-1,323,324,245,-1,245,324,325,-1,245,325,326,-1,327,253,328,-1,328,253,245,-1,328,245,329,-1,329,245,326,-1,314,322,315,-1,315,322,245,-1,315,245,330,-1,330,245,237,-1,330,237,331,-1,331,237,229,-1,331,229,332,-1,332,229,221,-1,332,221,333,-1,333,221,216,-1,333,216,334,-1,334,216,215,-1,335,333,334,-1,334,336,335,-1,335,336,337,-1,335,337,338,-1,337,339,338,-1,338,339,340,-1,338,340,341,-1,341,340,342,-1,341,342,343,-1,343,342,344,-1,343,344,345,-1,344,346,345,-1,345,346,347,-1,345,347,348,-1,308,309,349,-1,349,309,350,-1,349,350,351,-1,351,350,348,-1,351,348,352,-1,352,348,347,-1,309,310,350,-1,350,310,353,-1,350,353,348,-1,348,353,354,-1,348,354,345,-1,345,354,355,-1,345,355,343,-1,343,355,356,-1,343,356,341,-1,341,356,357,-1,341,357,338,-1,338,357,358,-1,338,358,335,-1,335,358,359,-1,335,359,333,-1,333,359,332,-1,310,311,353,-1,353,311,360,-1,353,360,354,-1,354,360,361,-1,354,361,355,-1,355,361,362,-1,355,362,356,-1,356,362,363,-1,356,363,357,-1,357,363,364,-1,357,364,358,-1,358,364,365,-1,358,365,359,-1,359,365,366,-1,359,366,332,-1,332,366,331,-1,311,312,360,-1,360,312,367,-1,360,367,361,-1,361,367,368,-1,361,368,362,-1,362,368,369,-1,362,369,363,-1,363,369,370,-1,363,370,364,-1,364,370,371,-1,364,371,365,-1,365,371,372,-1,365,372,366,-1,366,372,373,-1,366,373,331,-1,331,373,330,-1,312,271,367,-1,367,271,374,-1,367,374,368,-1,368,374,375,-1,368,375,369,-1,369,375,376,-1,369,376,370,-1,370,376,377,-1,370,377,371,-1,371,377,378,-1,371,378,372,-1,372,378,379,-1,372,379,373,-1,373,379,380,-1,373,380,330,-1,330,380,315,-1,271,297,374,-1,374,297,381,-1,374,381,375,-1,375,381,382,-1,375,382,376,-1,376,382,383,-1,376,383,377,-1,377,383,384,-1,377,384,378,-1,378,384,385,-1,378,385,379,-1,379,385,386,-1,379,386,380,-1,380,386,387,-1,380,387,315,-1,315,387,319,-1,
        ]
    }
}
Shape{
    appearance Appearance {
        material  Material 	{
            diffuseColor 0.2235294117647059 0.2235294117647059 0.2235294117647059
            specularColor 0.11372549019607843 0.11372549019607843 0.11372549019607843
            ambientIntensity 0.2235
            transparency 0.0
            shininess 0.5
        }
    }
    geometry IndexedFaceSet {
        ccw TRUE
        solid FALSE
        coord DEF co Coordinate {
            point [
                -0.615 -0.748 0.437, -0.615 -0.748 0.122, -0.613 -0.7327 0.437, -0.613 -0.7327 0.122, -0.6071 -0.7185 0.437, -0.6071 -0.7185 0.122, -0.5999 -0.7087 0.437, -0.5977 -0.7063 0.122, -0.5977 -0.7063 0.437, -0.5919 -0.7012 0.4374, -0.5854 -0.6969 0.122, -0.5854 -0.6969 0.4379, -0.5785 -0.6935 0.4385, -0.5712 -0.691 0.122, -0.5712 -0.691 0.439, -0.5636 -0.6895 0.4394, -0.5559 -0.689 0.122, -0.5559 -0.689 0.4395, -0.5482 -0.6895 0.4394, -0.5406 -0.691 0.122, -0.5406 -0.691 0.439, -0.5333 -0.6935 0.4385, -0.5264 -0.6969 0.122, -0.5264 -0.6969 0.4379, -0.5142 -0.7063 0.122, -0.5143 -0.7064 0.4371, -0.52 -0.7012 0.4374, -0.4969 -0.748 0.122, -0.4969 -0.748 0.437, -0.4989 -0.7327 0.122, -0.4989 -0.7327 0.437, -0.5048 -0.7185 0.122, -0.5048 -0.7185 0.437, -0.5119 -0.7087 0.437, -0.115 -0.748 0.437, -0.115 -0.748 0.122, -0.113 -0.7327 0.437, -0.113 -0.7327 0.122, -0.1071 -0.7185 0.437, -0.1071 -0.7185 0.122, -0.0999 -0.7087 0.437, -0.0977 -0.7063 0.122, -0.0977 -0.7063 0.437, -0.0919 -0.7012 0.4374, -0.0854 -0.6969 0.122, -0.0854 -0.6969 0.4379, -0.0785 -0.6935 0.4385, -0.0712 -0.691 0.122, -0.0712 -0.691 0.439, -0.0636 -0.6895 0.4394, -0.0559 -0.689 0.122, -0.0559 -0.689 0.4395, -0.0482 -0.6895 0.4394, -0.0406 -0.691 0.122, -0.0406 -0.691 0.439, -0.0333 -0.6935 0.4385, -0.0264 -0.6969 0.122, -0.0264 -0.6969 0.4379, -0.0142 -0.7063 0.122, -0.0143 -0.7064 0.4371, -0.02 -0.7012 0.4374, 0.0031 -0.748 0.122, 0.0031 -0.748 0.437, 0.0011 -0.7327 0.122, 0.0011 -0.7327 0.437, -0.0048 -0.7185 0.122, -0.0048 -0.7185 0.437, -0.0119 -0.7087 0.437, 0.5031 0.748 0.437, 0.5031 0.748 0.122, 0.5011 0.7327 0.437, 0.5011 0.7327 0.122, 0.4952 0.7185 0.437, 0.4952 0.7185 0.122, 0.4881 0.7087 0.437, 0.4858 0.7063 0.122, 0.4858 0.7063 0.437, 0.48 0.7012 0.4374, 0.4736 0.6969 0.122, 0.4736 0.6969 0.4379, 0.4667 0.6935 0.4385, 0.4594 0.691 0.122, 0.4594 0.691 0.439, 0.4518 0.6895 0.4394, 0.4441 0.689 0.122, 0.4441 0.689 0.4395, 0.4364 0.6895 0.4394, 0.4288 0.691 0.122, 0.4288 0.691 0.439, 0.4215 0.6935 0.4385, 0.4146 0.6969 0.122, 0.4146 0.6969 0.4379, 0.4023 0.7063 0.122, 0.4025 0.7064 0.4371, 0.4081 0.7012 0.4374, 0.385 0.748 0.122, 0.385 0.748 0.437, 0.387 0.7327 0.122, 0.387 0.7327 0.437, 0.3929 0.7185 0.122, 0.3929 0.7185 0.437, 0.4001 0.7087 0.437, -0.7449 -0.748 0.0039, -0.7449 -0.748 0.437, -0.7469 -0.7327 0.0039, -0.7469 -0.7327 0.437, -0.7528 -0.7185 0.0039, -0.7528 -0.7185 0.437, -0.7622 -0.7063 0.0039, -0.7622 -0.7063 0.437, -0.7744 -0.6969 0.0039, -0.7744 -0.6969 0.437, -0.7887 -0.691 0.0039, -0.7887 -0.691 0.437, -0.8039 -0.689 0.0039, -0.8039 -0.689 0.437, -0.8039 0.689 0.0039, -0.8039 0.689 0.437, -0.7887 0.691 0.0039, -0.7887 0.691 0.437, -0.7744 0.6969 0.0039, -0.7744 0.6969 0.437, -0.7622 0.7063 0.0039, -0.7622 0.7063 0.437, -0.7528 0.7185 0.0039, -0.7528 0.7185 0.437, -0.7469 0.7327 0.0039, -0.7469 0.7327 0.437, -0.7449 0.748 0.0039, -0.7449 0.748 0.437, 0.6331 0.748 0.0039, 0.6331 0.748 0.437, 0.6345 0.7349 0.0039, 0.6345 0.7349 0.437, 0.6389 0.7224 0.0039, 0.6389 0.7224 0.437, 0.646 0.7112 0.0039, 0.646 0.7112 0.437, 0.6553 0.7019 0.0039, 0.6553 0.7019 0.437, 0.6665 0.6948 0.0039, 0.6665 0.6948 0.437, 0.679 0.6905 0.0039, 0.679 0.6905 0.437, 0.6921 0.689 0.0039, 0.6921 0.689 0.437, 0.6921 -0.689 0.0039, 0.6921 -0.689 0.437, 0.679 -0.6905 0.0039, 0.679 -0.6905 0.437, 0.6665 -0.6948 0.0039, 0.6665 -0.6948 0.437, 0.6553 -0.7019 0.0039, 0.6553 -0.7019 0.437, 0.646 -0.7112 0.0039, 0.646 -0.7112 0.437, 0.6389 -0.7224 0.0039, 0.6389 -0.7224 0.437, 0.6345 -0.7349 0.0039, 0.6345 -0.7349 0.437, 0.6331 -0.748 0.0039, 0.6331 -0.748 0.437
            ]
        }
        coordIndex [
            0,1,2,-1,2,1,3,-1,2,3,4,-1,4,3,5,-1,4,5,6,-1,6,5,7,-1,6,7,8,-1,8,7,9,-1,9,7,10,-1,9,10,11,-1,11,10,12,-1,12,10,13,-1,12,13,14,-1,14,13,15,-1,15,13,16,-1,15,16,17,-1,17,16,18,-1,18,16,19,-1,18,19,20,-1,20,19,21,-1,21,19,22,-1,21,22,23,-1,24,25,22,-1,22,25,26,-1,22,26,23,-1,27,28,29,-1,29,28,30,-1,29,30,31,-1,31,30,32,-1,31,32,24,-1,24,32,33,-1,24,33,25,-1,34,35,36,-1,36,35,37,-1,36,37,38,-1,38,37,39,-1,38,39,40,-1,40,39,41,-1,40,41,42,-1,42,41,43,-1,43,41,44,-1,43,44,45,-1,45,44,46,-1,46,44,47,-1,46,47,48,-1,48,47,49,-1,49,47,50,-1,49,50,51,-1,51,50,52,-1,52,50,53,-1,52,53,54,-1,54,53,55,-1,55,53,56,-1,55,56,57,-1,58,59,56,-1,56,59,60,-1,56,60,57,-1,61,62,63,-1,63,62,64,-1,63,64,65,-1,65,64,66,-1,65,66,58,-1,58,66,67,-1,58,67,59,-1,68,69,70,-1,70,69,71,-1,70,71,72,-1,72,71,73,-1,72,73,74,-1,74,73,75,-1,74,75,76,-1,76,75,77,-1,77,75,78,-1,77,78,79,-1,79,78,80,-1,80,78,81,-1,80,81,82,-1,82,81,83,-1,83,81,84,-1,83,84,85,-1,85,84,86,-1,86,84,87,-1,86,87,88,-1,88,87,89,-1,89,87,90,-1,89,90,91,-1,92,93,90,-1,90,93,94,-1,90,94,91,-1,95,96,97,-1,97,96,98,-1,97,98,99,-1,99,98,100,-1,99,100,92,-1,92,100,101,-1,92,101,93,-1,102,103,104,-1,104,103,105,-1,104,105,106,-1,106,105,107,-1,106,107,108,-1,108,107,109,-1,108,109,110,-1,110,109,111,-1,110,111,112,-1,112,111,113,-1,112,113,114,-1,114,113,115,-1,116,117,118,-1,118,117,119,-1,118,119,120,-1,120,119,121,-1,120,121,122,-1,122,121,123,-1,122,123,124,-1,124,123,125,-1,124,125,126,-1,126,125,127,-1,126,127,128,-1,128,127,129,-1,130,131,132,-1,132,131,133,-1,132,133,134,-1,134,133,135,-1,134,135,136,-1,136,135,137,-1,136,137,138,-1,138,137,139,-1,138,139,140,-1,140,139,141,-1,140,141,142,-1,142,141,143,-1,142,143,144,-1,144,143,145,-1,146,147,148,-1,148,147,149,-1,148,149,150,-1,150,149,151,-1,150,151,152,-1,152,151,153,-1,152,153,154,-1,154,153,155,-1,154,155,156,-1,156,155,157,-1,156,157,158,-1,158,157,159,-1,158,159,160,-1,160,159,161,-1,
        ]
    }
}
Shape{
    appearance Appearance {
        material  Material 	{
            diffuseColor 1.0 1.0 0.0
            specularColor 0.5019607843137255 0.5019607843137255 0.0
            ambientIntensity 0.886
            transparency 0.0
            shininess 0.5
        }
    }
    geometry IndexedFaceSet {
        ccw TRUE
        solid FALSE
        coord DEF co Coordinate {
            point [
                -0.8039 -0.1181 0.0, -0.2134 -0.1181 0.0, -0.8039 -0.1181 0.0039, -0.2134 -0.1181 0.0039, -0.2134 0.1142 0.0, -0.2134 0.1142 0.0039, -0.2173 0.1181 0.0, -0.2173 0.1181 0.0039, -0.8039 0.1181 0.0, -0.8039 0.1181 0.0039, -0.8039 -0.0551 0.122, -0.8039 -0.0591 0.122, -0.7897 -0.0532 0.122, -0.7887 -0.057 0.122, -0.7764 -0.0477 0.122, -0.7744 -0.0511 0.122, -0.765 -0.039 0.122, -0.7622 -0.0418 0.122, -0.7562 -0.0276 0.122, -0.7528 -0.0295 0.122, -0.7507 -0.0143 0.122, -0.7469 -0.0153 0.122, -0.7488 -0.0 0.122, -0.7449 -0.0 0.122, -0.7507 0.0143 0.122, -0.7469 0.0153 0.122, -0.7562 0.0276 0.122, -0.7528 0.0295 0.122, -0.765 0.039 0.122, -0.7622 0.0418 0.122, -0.7764 0.0477 0.122, -0.7744 0.0511 0.122, -0.7897 0.0532 0.122, -0.7887 0.057 0.122, -0.8039 0.0551 0.122, -0.8039 0.0591 0.122, -0.8039 0.0551 0.0, -0.7897 0.0532 0.0, -0.7764 0.0477 0.0, -0.765 0.039 0.0, -0.7562 0.0276 0.0, -0.7507 0.0143 0.0, -0.7488 -0.0 0.0, -0.7507 -0.0143 0.0, -0.7562 -0.0276 0.0, -0.765 -0.039 0.0, -0.7764 -0.0477 0.0, -0.7897 -0.0532 0.0, -0.8039 -0.0551 0.0, -0.174 0.748 0.0, -0.174 0.3543 0.0, -0.174 0.748 0.0039, -0.174 0.3543 0.0039, 0.0622 0.3543 0.0, 0.0622 0.3543 0.0039, 0.0622 0.748 0.0, 0.0622 0.748 0.0039, -0.111 0.748 0.122, -0.115 0.748 0.122, -0.1092 0.7338 0.122, -0.113 0.7327 0.122, -0.1036 0.7205 0.122, -0.1071 0.7185 0.122, -0.0949 0.7091 0.122, -0.0977 0.7063 0.122, -0.0835 0.7003 0.122, -0.0854 0.6969 0.122, -0.0702 0.6948 0.122, -0.0712 0.691 0.122, -0.0559 0.6929 0.122, -0.0559 0.689 0.122, -0.0416 0.6948 0.122, -0.0406 0.691 0.122, -0.0284 0.7003 0.122, -0.0264 0.6969 0.122, -0.0169 0.7091 0.122, -0.0142 0.7063 0.122, -0.0082 0.7205 0.122, -0.0048 0.7185 0.122, -0.0027 0.7338 0.122, 0.0011 0.7327 0.122, -0.0008 0.748 0.122, 0.0031 0.748 0.122, -0.0008 0.748 0.0, -0.0027 0.7338 0.0, -0.0082 0.7205 0.0, -0.0169 0.7091 0.0, -0.0284 0.7003 0.0, -0.0416 0.6948 0.0, -0.0559 0.6929 0.0, -0.0702 0.6948 0.0, -0.0835 0.7003 0.0, -0.0949 0.7091 0.0, -0.1036 0.7205 0.0, -0.1092 0.7338 0.0, -0.111 0.748 0.0, 0.326 0.748 0.0, 0.326 0.3543 0.0, 0.326 0.748 0.0039, 0.326 0.3543 0.0039, 0.5622 0.3543 0.0, 0.5622 0.3543 0.0039, 0.5622 0.748 0.0, 0.5622 0.748 0.0039, 0.389 0.748 0.122, 0.385 0.748 0.122, 0.3908 0.7338 0.122, 0.387 0.7327 0.122, 0.3964 0.7205 0.122, 0.3929 0.7185 0.122, 0.4051 0.7091 0.122, 0.4023 0.7063 0.122, 0.4165 0.7003 0.122, 0.4146 0.6969 0.122, 0.4298 0.6948 0.122, 0.4288 0.691 0.122, 0.4441 0.6929 0.122, 0.4441 0.689 0.122, 0.4584 0.6948 0.122, 0.4594 0.691 0.122, 0.4716 0.7003 0.122, 0.4736 0.6969 0.122, 0.4831 0.7091 0.122, 0.4858 0.7063 0.122, 0.4918 0.7205 0.122, 0.4952 0.7185 0.122, 0.4973 0.7338 0.122, 0.5011 0.7327 0.122, 0.4992 0.748 0.122, 0.5031 0.748 0.122, 0.4992 0.748 0.0, 0.4973 0.7338 0.0, 0.4918 0.7205 0.0, 0.4831 0.7091 0.0, 0.4716 0.7003 0.0, 0.4584 0.6948 0.0, 0.4441 0.6929 0.0, 0.4298 0.6948 0.0, 0.4165 0.7003 0.0, 0.4051 0.7091 0.0, 0.3964 0.7205 0.0, 0.3908 0.7338 0.0, 0.389 0.748 0.0, -0.674 0.748 0.0, -0.674 0.3543 0.0, -0.674 0.748 0.0039, -0.674 0.3543 0.0039, -0.4378 0.3543 0.0, -0.4378 0.3543 0.0039, -0.4378 0.748 0.0, -0.4378 0.748 0.0039, -0.611 0.748 0.122, -0.615 0.748 0.122, -0.6092 0.7338 0.122, -0.613 0.7327 0.122, -0.6036 0.7205 0.122, -0.6071 0.7185 0.122, -0.5949 0.7091 0.122, -0.5977 0.7063 0.122, -0.5835 0.7003 0.122, -0.5854 0.6969 0.122, -0.5702 0.6948 0.122, -0.5712 0.691 0.122, -0.5559 0.6929 0.122, -0.5559 0.689 0.122, -0.5416 0.6948 0.122, -0.5406 0.691 0.122, -0.5284 0.7003 0.122, -0.5264 0.6969 0.122, -0.5169 0.7091 0.122, -0.5142 0.7063 0.122, -0.5082 0.7205 0.122, -0.5048 0.7185 0.122, -0.5027 0.7338 0.122, -0.4989 0.7327 0.122, -0.5008 0.748 0.122, -0.4969 0.748 0.122, -0.5008 0.748 0.0, -0.5027 0.7338 0.0, -0.5082 0.7205 0.0, -0.5169 0.7091 0.0, -0.5284 0.7003 0.0, -0.5416 0.6948 0.0, -0.5559 0.6929 0.0, -0.5702 0.6948 0.0, -0.5835 0.7003 0.0, -0.5949 0.7091 0.0, -0.6036 0.7205 0.0, -0.6092 0.7338 0.0, -0.611 0.748 0.0, 0.0622 -0.3543 0.0, -0.174 -0.3543 0.0, 0.0622 -0.3543 0.0039, -0.174 -0.3543 0.0039, -0.174 -0.748 0.0, -0.174 -0.748 0.0039, 0.0622 -0.748 0.0, 0.0622 -0.748 0.0039, -0.0008 -0.748 0.122, 0.0031 -0.748 0.122, -0.0027 -0.7338 0.122, 0.0011 -0.7327 0.122, -0.0082 -0.7205 0.122, -0.0048 -0.7185 0.122, -0.0169 -0.7091 0.122, -0.0142 -0.7063 0.122, -0.0284 -0.7003 0.122, -0.0264 -0.6969 0.122, -0.0416 -0.6948 0.122, -0.0406 -0.691 0.122, -0.0559 -0.6929 0.122, -0.0559 -0.689 0.122, -0.0702 -0.6948 0.122, -0.0712 -0.691 0.122, -0.0835 -0.7003 0.122, -0.0854 -0.6969 0.122, -0.0949 -0.7091 0.122, -0.0977 -0.7063 0.122, -0.1036 -0.7205 0.122, -0.1071 -0.7185 0.122, -0.1092 -0.7338 0.122, -0.113 -0.7327 0.122, -0.111 -0.748 0.122, -0.115 -0.748 0.122, -0.111 -0.748 0.0, -0.1092 -0.7338 0.0, -0.1036 -0.7205 0.0, -0.0949 -0.7091 0.0, -0.0835 -0.7003 0.0, -0.0702 -0.6948 0.0, -0.0559 -0.6929 0.0, -0.0416 -0.6948 0.0, -0.0284 -0.7003 0.0, -0.0169 -0.7091 0.0, -0.0082 -0.7205 0.0, -0.0027 -0.7338 0.0, -0.0008 -0.748 0.0, 0.6921 0.1181 0.0, 0.2984 0.1181 0.0, 0.6921 0.1181 0.0039, 0.2984 0.1181 0.0039, 0.2984 -0.1181 0.0, 0.2984 -0.1181 0.0039, 0.6921 -0.1181 0.0, 0.6921 -0.1181 0.0039, 0.6921 0.0551 0.122, 0.6921 0.0591 0.122, 0.6779 0.0532 0.122, 0.6768 0.057 0.122, 0.6646 0.0477 0.122, 0.6626 0.0511 0.122, 0.6531 0.039 0.122, 0.6504 0.0418 0.122, 0.6444 0.0276 0.122, 0.641 0.0295 0.122, 0.6389 0.0143 0.122, 0.6351 0.0153 0.122, 0.637 0.0 0.122, 0.6331 0.0 0.122, 0.6389 -0.0143 0.122, 0.6351 -0.0153 0.122, 0.6444 -0.0276 0.122, 0.641 -0.0295 0.122, 0.6531 -0.039 0.122, 0.6504 -0.0418 0.122, 0.6646 -0.0477 0.122, 0.6626 -0.0511 0.122, 0.6779 -0.0532 0.122, 0.6768 -0.057 0.122, 0.6921 -0.0551 0.122, 0.6921 -0.0591 0.122, 0.6921 -0.0551 0.0, 0.6779 -0.0532 0.0, 0.6646 -0.0477 0.0, 0.6531 -0.039 0.0, 0.6444 -0.0276 0.0, 0.6389 -0.0143 0.0, 0.637 0.0 0.0, 0.6389 0.0143 0.0, 0.6444 0.0276 0.0, 0.6531 0.039 0.0, 0.6646 0.0477 0.0, 0.6779 0.0532 0.0, 0.6921 0.0551 0.0, 0.5622 -0.748 0.0, 0.5622 -0.3543 0.0, 0.5622 -0.748 0.0039, 0.5622 -0.3543 0.0039, 0.326 -0.3543 0.0, 0.326 -0.3543 0.0039, 0.326 -0.748 0.0, 0.326 -0.748 0.0039, 0.4992 -0.748 0.122, 0.5031 -0.748 0.122, 0.4973 -0.7338 0.122, 0.5011 -0.7327 0.122, 0.4918 -0.7205 0.122, 0.4952 -0.7185 0.122, 0.4831 -0.7091 0.122, 0.4858 -0.7063 0.122, 0.4716 -0.7003 0.122, 0.4736 -0.6969 0.122, 0.4584 -0.6948 0.122, 0.4594 -0.691 0.122, 0.4441 -0.6929 0.122, 0.4441 -0.689 0.122, 0.4298 -0.6948 0.122, 0.4288 -0.691 0.122, 0.4165 -0.7003 0.122, 0.4146 -0.6969 0.122, 0.4051 -0.7091 0.122, 0.4023 -0.7063 0.122, 0.3964 -0.7205 0.122, 0.3929 -0.7185 0.122, 0.3908 -0.7338 0.122, 0.387 -0.7327 0.122, 0.389 -0.748 0.122, 0.385 -0.748 0.122, 0.389 -0.748 0.0, 0.3908 -0.7338 0.0, 0.3964 -0.7205 0.0, 0.4051 -0.7091 0.0, 0.4165 -0.7003 0.0, 0.4298 -0.6948 0.0, 0.4441 -0.6929 0.0, 0.4584 -0.6948 0.0, 0.4716 -0.7003 0.0, 0.4831 -0.7091 0.0, 0.4918 -0.7205 0.0, 0.4973 -0.7338 0.0, 0.4992 -0.748 0.0, -0.4378 -0.748 0.0, -0.4378 -0.3543 0.0, -0.4378 -0.748 0.0039, -0.4378 -0.3543 0.0039, -0.674 -0.3543 0.0, -0.674 -0.3543 0.0039, -0.674 -0.748 0.0, -0.674 -0.748 0.0039, -0.5008 -0.748 0.122, -0.4969 -0.748 0.122, -0.5027 -0.7338 0.122, -0.4989 -0.7327 0.122, -0.5082 -0.7205 0.122, -0.5048 -0.7185 0.122, -0.5169 -0.7091 0.122, -0.5142 -0.7063 0.122, -0.5284 -0.7003 0.122, -0.5264 -0.6969 0.122, -0.5416 -0.6948 0.122, -0.5406 -0.691 0.122, -0.5559 -0.6929 0.122, -0.5559 -0.689 0.122, -0.5702 -0.6948 0.122, -0.5712 -0.691 0.122, -0.5835 -0.7003 0.122, -0.5854 -0.6969 0.122, -0.5949 -0.7091 0.122, -0.5977 -0.7063 0.122, -0.6036 -0.7205 0.122, -0.6071 -0.7185 0.122, -0.6092 -0.7338 0.122, -0.613 -0.7327 0.122, -0.611 -0.748 0.122, -0.615 -0.748 0.122, -0.611 -0.748 0.0, -0.6092 -0.7338 0.0, -0.6036 -0.7205 0.0, -0.5949 -0.7091 0.0, -0.5835 -0.7003 0.0, -0.5702 -0.6948 0.0, -0.5559 -0.6929 0.0, -0.5416 -0.6948 0.0, -0.5284 -0.7003 0.0, -0.5169 -0.7091 0.0, -0.5082 -0.7205 0.0, -0.5027 -0.7338 0.0, -0.5008 -0.748 0.0
            ]
        }
        coordIndex [
            0,1,2,-1,2,1,3,-1,1,4,3,-1,3,4,5,-1,4,6,5,-1,5,6,7,-1,6,8,7,-1,7,8,9,-1,10,11,12,-1,12,11,13,-1,12,13,14,-1,14,13,15,-1,14,15,16,-1,16,15,17,-1,16,17,18,-1,18,17,19,-1,18,19,20,-1,20,19,21,-1,20,21,22,-1,22,21,23,-1,22,23,24,-1,24,23,25,-1,24,25,26,-1,26,25,27,-1,26,27,28,-1,28,27,29,-1,28,29,30,-1,30,29,31,-1,30,31,32,-1,32,31,33,-1,32,33,34,-1,34,33,35,-1,34,36,32,-1,32,36,37,-1,32,37,30,-1,30,37,38,-1,30,38,28,-1,28,38,39,-1,28,39,26,-1,26,39,40,-1,26,40,24,-1,24,40,41,-1,24,41,22,-1,22,41,42,-1,22,42,20,-1,20,42,43,-1,20,43,18,-1,18,43,44,-1,18,44,16,-1,16,44,45,-1,16,45,14,-1,14,45,46,-1,14,46,12,-1,12,46,47,-1,12,47,10,-1,10,47,48,-1,37,36,8,-1,41,6,42,-1,42,6,4,-1,42,4,43,-1,43,4,1,-1,43,1,44,-1,41,40,6,-1,6,40,39,-1,6,39,8,-1,8,39,38,-1,8,38,37,-1,48,47,0,-1,0,47,46,-1,0,46,1,-1,1,46,45,-1,1,45,44,-1,49,50,51,-1,51,50,52,-1,50,53,52,-1,52,53,54,-1,53,55,54,-1,54,55,56,-1,57,58,59,-1,59,58,60,-1,59,60,61,-1,61,60,62,-1,61,62,63,-1,63,62,64,-1,63,64,65,-1,65,64,66,-1,65,66,67,-1,67,66,68,-1,67,68,69,-1,69,68,70,-1,69,70,71,-1,71,70,72,-1,71,72,73,-1,73,72,74,-1,73,74,75,-1,75,74,76,-1,75,76,77,-1,77,76,78,-1,77,78,79,-1,79,78,80,-1,79,80,81,-1,81,80,82,-1,81,83,79,-1,79,83,84,-1,79,84,77,-1,77,84,85,-1,77,85,75,-1,75,85,86,-1,75,86,73,-1,73,86,87,-1,73,87,71,-1,71,87,88,-1,71,88,69,-1,69,88,89,-1,69,89,67,-1,67,89,90,-1,67,90,65,-1,65,90,91,-1,65,91,63,-1,63,91,92,-1,63,92,61,-1,61,92,93,-1,61,93,59,-1,59,93,94,-1,59,94,57,-1,57,94,95,-1,49,95,94,-1,92,91,50,-1,50,91,90,-1,50,90,53,-1,49,94,50,-1,50,94,93,-1,50,93,92,-1,90,89,53,-1,53,89,88,-1,53,88,87,-1,87,86,53,-1,53,86,85,-1,53,85,55,-1,55,85,84,-1,55,84,83,-1,96,97,98,-1,98,97,99,-1,97,100,99,-1,99,100,101,-1,100,102,101,-1,101,102,103,-1,104,105,106,-1,106,105,107,-1,106,107,108,-1,108,107,109,-1,108,109,110,-1,110,109,111,-1,110,111,112,-1,112,111,113,-1,112,113,114,-1,114,113,115,-1,114,115,116,-1,116,115,117,-1,116,117,118,-1,118,117,119,-1,118,119,120,-1,120,119,121,-1,120,121,122,-1,122,121,123,-1,122,123,124,-1,124,123,125,-1,124,125,126,-1,126,125,127,-1,126,127,128,-1,128,127,129,-1,128,130,126,-1,126,130,131,-1,126,131,124,-1,124,131,132,-1,124,132,122,-1,122,132,133,-1,122,133,120,-1,120,133,134,-1,120,134,118,-1,118,134,135,-1,118,135,116,-1,116,135,136,-1,116,136,114,-1,114,136,137,-1,114,137,112,-1,112,137,138,-1,112,138,110,-1,110,138,139,-1,110,139,108,-1,108,139,140,-1,108,140,106,-1,106,140,141,-1,106,141,104,-1,104,141,142,-1,96,142,141,-1,139,138,97,-1,138,137,97,-1,97,137,136,-1,97,136,100,-1,100,136,135,-1,100,135,134,-1,96,141,97,-1,97,141,140,-1,97,140,139,-1,134,133,100,-1,100,133,132,-1,100,132,102,-1,102,132,131,-1,102,131,130,-1,143,144,145,-1,145,144,146,-1,144,147,146,-1,146,147,148,-1,147,149,148,-1,148,149,150,-1,151,152,153,-1,153,152,154,-1,153,154,155,-1,155,154,156,-1,155,156,157,-1,157,156,158,-1,157,158,159,-1,159,158,160,-1,159,160,161,-1,161,160,162,-1,161,162,163,-1,163,162,164,-1,163,164,165,-1,165,164,166,-1,165,166,167,-1,167,166,168,-1,167,168,169,-1,169,168,170,-1,169,170,171,-1,171,170,172,-1,171,172,173,-1,173,172,174,-1,173,174,175,-1,175,174,176,-1,175,177,173,-1,173,177,178,-1,173,178,171,-1,171,178,179,-1,171,179,169,-1,169,179,180,-1,169,180,167,-1,167,180,181,-1,167,181,165,-1,165,181,182,-1,165,182,163,-1,163,182,183,-1,163,183,161,-1,161,183,184,-1,161,184,159,-1,159,184,185,-1,159,185,157,-1,157,185,186,-1,157,186,155,-1,155,186,187,-1,155,187,153,-1,153,187,188,-1,153,188,151,-1,151,188,189,-1,143,189,188,-1,186,185,144,-1,185,184,144,-1,144,184,183,-1,144,183,147,-1,147,183,182,-1,147,182,181,-1,143,188,144,-1,144,188,187,-1,144,187,186,-1,181,180,147,-1,147,180,179,-1,147,179,149,-1,149,179,178,-1,149,178,177,-1,190,191,192,-1,192,191,193,-1,191,194,193,-1,193,194,195,-1,196,190,197,-1,197,190,192,-1,198,199,200,-1,200,199,201,-1,200,201,202,-1,202,201,203,-1,202,203,204,-1,204,203,205,-1,204,205,206,-1,206,205,207,-1,206,207,208,-1,208,207,209,-1,208,209,210,-1,210,209,211,-1,210,211,212,-1,212,211,213,-1,212,213,214,-1,214,213,215,-1,214,215,216,-1,216,215,217,-1,216,217,218,-1,218,217,219,-1,218,219,220,-1,220,219,221,-1,220,221,222,-1,222,221,223,-1,222,224,220,-1,220,224,225,-1,220,225,218,-1,218,225,226,-1,218,226,216,-1,216,226,227,-1,216,227,214,-1,214,227,228,-1,214,228,212,-1,212,228,229,-1,212,229,210,-1,210,229,230,-1,210,230,208,-1,208,230,231,-1,208,231,206,-1,206,231,232,-1,206,232,204,-1,204,232,233,-1,204,233,202,-1,202,233,234,-1,202,234,200,-1,200,234,235,-1,200,235,198,-1,198,235,236,-1,233,232,190,-1,196,236,235,-1,196,235,190,-1,190,235,234,-1,190,234,233,-1,228,227,191,-1,191,227,226,-1,191,226,194,-1,194,226,225,-1,194,225,224,-1,232,231,190,-1,190,231,230,-1,190,230,191,-1,191,230,229,-1,191,229,228,-1,237,238,239,-1,239,238,240,-1,238,241,240,-1,240,241,242,-1,241,243,242,-1,242,243,244,-1,245,246,247,-1,247,246,248,-1,247,248,249,-1,249,248,250,-1,249,250,251,-1,251,250,252,-1,251,252,253,-1,253,252,254,-1,253,254,255,-1,255,254,256,-1,255,256,257,-1,257,256,258,-1,257,258,259,-1,259,258,260,-1,259,260,261,-1,261,260,262,-1,261,262,263,-1,263,262,264,-1,263,264,265,-1,265,264,266,-1,265,266,267,-1,267,266,268,-1,267,268,269,-1,269,268,270,-1,269,271,267,-1,267,271,272,-1,267,272,265,-1,265,272,273,-1,265,273,263,-1,263,273,274,-1,263,274,261,-1,261,274,275,-1,261,275,259,-1,259,275,276,-1,259,276,257,-1,257,276,277,-1,257,277,255,-1,255,277,278,-1,255,278,253,-1,253,278,279,-1,253,279,251,-1,251,279,280,-1,251,280,249,-1,249,280,281,-1,249,281,247,-1,247,281,282,-1,247,282,245,-1,245,282,283,-1,279,238,280,-1,280,238,281,-1,275,274,241,-1,241,274,273,-1,241,273,243,-1,243,273,272,-1,243,272,271,-1,281,238,282,-1,282,238,237,-1,282,237,283,-1,279,278,238,-1,238,278,277,-1,238,277,241,-1,241,277,276,-1,241,276,275,-1,284,285,286,-1,286,285,287,-1,285,288,287,-1,287,288,289,-1,288,290,289,-1,289,290,291,-1,292,293,294,-1,294,293,295,-1,294,295,296,-1,296,295,297,-1,296,297,298,-1,298,297,299,-1,298,299,300,-1,300,299,301,-1,300,301,302,-1,302,301,303,-1,302,303,304,-1,304,303,305,-1,304,305,306,-1,306,305,307,-1,306,307,308,-1,308,307,309,-1,308,309,310,-1,310,309,311,-1,310,311,312,-1,312,311,313,-1,312,313,314,-1,314,313,315,-1,314,315,316,-1,316,315,317,-1,316,318,314,-1,314,318,319,-1,314,319,312,-1,312,319,320,-1,312,320,310,-1,310,320,321,-1,310,321,308,-1,308,321,322,-1,308,322,306,-1,306,322,323,-1,306,323,304,-1,304,323,324,-1,304,324,302,-1,302,324,325,-1,302,325,300,-1,300,325,326,-1,300,326,298,-1,298,326,327,-1,298,327,296,-1,296,327,328,-1,296,328,294,-1,294,328,329,-1,294,329,292,-1,292,329,330,-1,284,330,329,-1,285,327,326,-1,284,329,285,-1,285,329,328,-1,285,328,327,-1,326,325,285,-1,285,325,324,-1,285,324,288,-1,288,324,323,-1,288,323,322,-1,322,321,288,-1,288,321,320,-1,288,320,290,-1,290,320,319,-1,290,319,318,-1,331,332,333,-1,333,332,334,-1,332,335,334,-1,334,335,336,-1,335,337,336,-1,336,337,338,-1,339,340,341,-1,341,340,342,-1,341,342,343,-1,343,342,344,-1,343,344,345,-1,345,344,346,-1,345,346,347,-1,347,346,348,-1,347,348,349,-1,349,348,350,-1,349,350,351,-1,351,350,352,-1,351,352,353,-1,353,352,354,-1,353,354,355,-1,355,354,356,-1,355,356,357,-1,357,356,358,-1,357,358,359,-1,359,358,360,-1,359,360,361,-1,361,360,362,-1,361,362,363,-1,363,362,364,-1,363,365,361,-1,361,365,366,-1,361,366,359,-1,359,366,367,-1,359,367,357,-1,357,367,368,-1,357,368,355,-1,355,368,369,-1,355,369,353,-1,353,369,370,-1,353,370,351,-1,351,370,371,-1,351,371,349,-1,349,371,372,-1,349,372,347,-1,347,372,373,-1,347,373,345,-1,345,373,374,-1,345,374,343,-1,343,374,375,-1,343,375,341,-1,341,375,376,-1,341,376,339,-1,339,376,377,-1,331,377,376,-1,332,374,373,-1,331,376,332,-1,332,376,375,-1,332,375,374,-1,373,372,332,-1,332,372,371,-1,332,371,335,-1,335,371,370,-1,335,370,369,-1,369,368,335,-1,335,368,367,-1,335,367,337,-1,337,367,366,-1,337,366,365,-1,
        ]
    }
}
Shape{
    appearance Appearance {
        material  Material 	{
            diffuseColor 0.7529411764705882 0.7529411764705882 0.7529411764705882
            specularColor 0.3764705882352941 0.3764705882352941 0.3764705882352941
            ambientIntensity 0.7529
            transparency 0.0
            shininess 0.5
        }
    }
    geometry IndexedFaceSet {
        ccw TRUE
        solid FALSE
        coord DEF co Coordinate {
            point [
                -0.4034 -0.3255 0.5512, -0.4034 -0.3255 0.5551, -0.4251 -0.3284 0.5512, -0.4251 -0.3284 0.5551, -0.4454 -0.3368 0.5512, -0.4454 -0.3368 0.5551, -0.4628 -0.3502 0.5512, -0.4628 -0.3502 0.5551, -0.4762 -0.3676 0.5512, -0.4762 -0.3676 0.5551, -0.4846 -0.3878 0.5512, -0.4846 -0.3878 0.5551, -0.4874 -0.4096 0.5512, -0.4874 -0.4096 0.5551, -0.4846 -0.4313 0.5512, -0.4846 -0.4313 0.5551, -0.4762 -0.4516 0.5512, -0.4762 -0.4516 0.5551, -0.4628 -0.469 0.5512, -0.4628 -0.469 0.5551, -0.4454 -0.4824 0.5512, -0.4454 -0.4824 0.5551, -0.4251 -0.4907 0.5512, -0.4251 -0.4907 0.5551, -0.4034 -0.4936 0.5512, -0.4034 -0.4936 0.5551, -0.3816 -0.4907 0.5512, -0.3816 -0.4907 0.5551, -0.3614 -0.4824 0.5512, -0.3614 -0.4824 0.5551, -0.344 -0.469 0.5512, -0.344 -0.469 0.5551, -0.3306 -0.4516 0.5512, -0.3306 -0.4516 0.5551, -0.3222 -0.4313 0.5512, -0.3222 -0.4313 0.5551, -0.3194 -0.4096 0.5512, -0.3194 -0.4096 0.5551, -0.3222 -0.3878 0.5512, -0.3222 -0.3878 0.5551, -0.3306 -0.3676 0.5512, -0.3306 -0.3676 0.5551, -0.344 -0.3502 0.5512, -0.344 -0.3502 0.5551, -0.3614 -0.3368 0.5512, -0.3614 -0.3368 0.5551, -0.3816 -0.3284 0.5512, -0.3816 -0.3284 0.5551, -0.4034 -0.4096 0.5512
            ]
        }
        coordIndex [
            0,1,2,-1,2,1,3,-1,2,3,4,-1,4,3,5,-1,4,5,6,-1,6,5,7,-1,6,7,8,-1,8,7,9,-1,8,9,10,-1,10,9,11,-1,10,11,12,-1,12,11,13,-1,12,13,14,-1,14,13,15,-1,14,15,16,-1,16,15,17,-1,16,17,18,-1,18,17,19,-1,18,19,20,-1,20,19,21,-1,20,21,22,-1,22,21,23,-1,22,23,24,-1,24,23,25,-1,24,25,26,-1,26,25,27,-1,26,27,28,-1,28,27,29,-1,28,29,30,-1,30,29,31,-1,30,31,32,-1,32,31,33,-1,32,33,34,-1,34,33,35,-1,34,35,36,-1,36,35,37,-1,36,37,38,-1,38,37,39,-1,38,39,40,-1,40,39,41,-1,40,41,42,-1,42,41,43,-1,42,43,44,-1,44,43,45,-1,44,45,46,-1,46,45,47,-1,46,47,0,-1,0,47,1,-1,44,46,48,-1,48,46,0,-1,48,0,2,-1,38,40,48,-1,48,40,42,-1,48,42,44,-1,32,34,48,-1,48,34,36,-1,48,36,38,-1,26,28,48,-1,48,28,30,-1,48,30,32,-1,20,22,48,-1,48,22,24,-1,48,24,26,-1,14,16,48,-1,48,16,18,-1,48,18,20,-1,8,10,48,-1,48,10,12,-1,48,12,14,-1,2,4,48,-1,48,4,6,-1,48,6,8,-1,
        ]
    }
}
Shape{
    appearance Appearance {
        material  Material 	{
            diffuseColor 0.0 0.0 0.0
            specularColor 0.0 0.0 0.0
            ambientIntensity 0.0
            transparency 0.0
            shininess 0.5
        }
    }
    geometry IndexedFaceSet {
        ccw TRUE
        solid FALSE
        coord DEF co Coordinate {
            point [
                0.2271 -0.3885 0.5591, 0.2271 -0.3946 0.5591, 0.2271 -0.3885 0.5551, 0.2271 -0.3946 0.5551, 0.2059 -0.3885 0.5591, 0.2059 -0.3885 0.5551, 0.2059 -0.3412 0.5591, 0.2059 -0.3412 0.5551, 0.199 -0.3412 0.5591, 0.199 -0.3412 0.5551, 0.199 -0.3946 0.5591, 0.199 -0.3946 0.5551, 0.2693 -0.3924 0.5551, 0.2693 -0.3924 0.5591, 0.2684 -0.3928 0.5591, 0.2545 -0.3955 0.5591, 0.2545 -0.3955 0.5551, 0.2627 -0.3947 0.5591, 0.2592 -0.395 0.5551, 0.2627 -0.3947 0.5551, 0.267 -0.3933 0.5551, 0.2684 -0.3928 0.5551, 0.2693 -0.3857 0.5591, 0.2693 -0.3857 0.5551, 0.267 -0.3868 0.5551, 0.2641 -0.3881 0.5591, 0.2641 -0.3881 0.5551, 0.258 -0.3892 0.5551, 0.258 -0.3892 0.5591, 0.2555 -0.3893 0.5551, 0.2555 -0.3893 0.5591, 0.2501 -0.3887 0.5551, 0.2501 -0.3887 0.5591, 0.2463 -0.3872 0.5551, 0.2463 -0.3872 0.5591, 0.2428 -0.3847 0.5551, 0.2428 -0.3847 0.5591, 0.2418 -0.3837 0.5551, 0.2418 -0.3837 0.5591, 0.2392 -0.3801 0.5551, 0.2392 -0.3801 0.5591, 0.2375 -0.3758 0.5551, 0.2375 -0.3758 0.5591, 0.2366 -0.3704 0.5551, 0.2366 -0.3704 0.5591, 0.2366 -0.3685 0.5551, 0.2366 -0.3685 0.5591, 0.2375 -0.361 0.5551, 0.2375 -0.361 0.5591, 0.2393 -0.3564 0.5551, 0.2393 -0.3564 0.5591, 0.2422 -0.3524 0.5551, 0.2422 -0.3524 0.5591, 0.2458 -0.3494 0.5551, 0.2458 -0.3494 0.5591, 0.25 -0.3475 0.5551, 0.25 -0.3475 0.5591, 0.2546 -0.3466 0.5551, 0.2546 -0.3466 0.5591, 0.2567 -0.3465 0.5551, 0.2567 -0.3465 0.5591, 0.2693 -0.3497 0.5551, 0.2693 -0.3497 0.5591, 0.2687 -0.3493 0.5591, 0.2633 -0.3473 0.5551, 0.2633 -0.3473 0.5591, 0.267 -0.3487 0.5551, 0.2687 -0.3493 0.5551, 0.2693 -0.3425 0.5591, 0.2693 -0.3425 0.5551, 0.2566 -0.3403 0.5551, 0.2566 -0.3403 0.5591, 0.2568 -0.3403 0.5591, 0.267 -0.3418 0.5551, 0.2637 -0.3408 0.5591, 0.2637 -0.3408 0.5551, 0.2623 -0.3407 0.5551, 0.2568 -0.3403 0.5551, 0.253 -0.3407 0.5551, 0.2489 -0.3412 0.5591, 0.2489 -0.3412 0.5551, 0.2433 -0.3434 0.5551, 0.2433 -0.3434 0.5591, 0.2383 -0.3469 0.5551, 0.2383 -0.3469 0.5591, 0.237 -0.3481 0.5551, 0.237 -0.3481 0.5591, 0.2332 -0.3532 0.5551, 0.2332 -0.3532 0.5591, 0.2306 -0.3591 0.5551, 0.2306 -0.3591 0.5591, 0.2294 -0.3661 0.5551, 0.2294 -0.3661 0.5591, 0.2293 -0.3689 0.5551, 0.2293 -0.3689 0.5591, 0.2302 -0.3769 0.5551, 0.2302 -0.3769 0.5591, 0.2323 -0.3826 0.5551, 0.2323 -0.3826 0.5591, 0.2353 -0.3872 0.5551, 0.2353 -0.3872 0.5591, 0.2362 -0.3882 0.5551, 0.2362 -0.3882 0.5591, 0.2513 -0.3953 0.5591, 0.2405 -0.3917 0.5551, 0.2405 -0.3917 0.5591, 0.2455 -0.3941 0.5551, 0.2455 -0.3941 0.5591, 0.2498 -0.395 0.5551, 0.2513 -0.3953 0.5551, 0.3087 -0.3885 0.5591, 0.3087 -0.3946 0.5591, 0.3087 -0.3885 0.5551, 0.3087 -0.3946 0.5551, 0.2869 -0.3885 0.5551, 0.2869 -0.3885 0.5591, 0.3013 -0.3885 0.5551, 0.2869 -0.3705 0.5591, 0.2869 -0.3705 0.5551, 0.306 -0.3705 0.5591, 0.3013 -0.3705 0.5551, 0.306 -0.3705 0.5551, 0.306 -0.3644 0.5591, 0.306 -0.3644 0.5551, 0.2869 -0.3644 0.5551, 0.2869 -0.3644 0.5591, 0.3013 -0.3644 0.5551, 0.2869 -0.3473 0.5591, 0.2869 -0.3473 0.5551, 0.3075 -0.3473 0.5591, 0.3013 -0.3473 0.5551, 0.3075 -0.3473 0.5551, 0.3075 -0.3412 0.5591, 0.3075 -0.3412 0.5551, 0.28 -0.3412 0.5551, 0.28 -0.3412 0.5591, 0.3013 -0.3412 0.5551, 0.28 -0.3946 0.5591, 0.28 -0.3946 0.5551, 0.3013 -0.3946 0.5551, 0.3519 -0.3796 0.5591, 0.3493 -0.3829 0.5591, 0.3542 -0.3871 0.5591, 0.3483 -0.3838 0.5591, 0.3487 -0.391 0.5591, 0.3448 -0.3861 0.5591, 0.3426 -0.3934 0.5591, 0.3402 -0.3877 0.5591, 0.3335 -0.3946 0.5591, 0.3334 -0.3885 0.5591, 0.3188 -0.3946 0.5591, 0.3257 -0.3885 0.5591, 0.3188 -0.3412 0.5591, 0.3257 -0.3473 0.5591, 0.334 -0.3412 0.5591, 0.3337 -0.3473 0.5591, 0.3421 -0.3421 0.5591, 0.3406 -0.3481 0.5591, 0.3486 -0.3444 0.5591, 0.3452 -0.3498 0.5591, 0.3542 -0.3483 0.5591, 0.3491 -0.3523 0.5591, 0.356 -0.35 0.5591, 0.3509 -0.3541 0.5591, 0.3593 -0.3547 0.5591, 0.3529 -0.3572 0.5591, 0.3613 -0.3598 0.5591, 0.3543 -0.3612 0.5591, 0.3622 -0.3672 0.5591, 0.355 -0.3674 0.5591, 0.3621 -0.3706 0.5591, 0.3548 -0.3708 0.5591, 0.3608 -0.3768 0.5591, 0.3538 -0.3756 0.5591, 0.3582 -0.3823 0.5591, 0.3335 -0.3946 0.5551, 0.3188 -0.3946 0.5551, 0.3542 -0.3871 0.5551, 0.3426 -0.3934 0.5551, 0.3432 -0.3932 0.5551, 0.3487 -0.391 0.5551, 0.3582 -0.3823 0.5551, 0.3608 -0.3768 0.5551, 0.3621 -0.3706 0.5551, 0.3622 -0.3672 0.5551, 0.3613 -0.3598 0.5551, 0.3593 -0.3547 0.5551, 0.356 -0.35 0.5551, 0.3542 -0.3483 0.5551, 0.334 -0.3412 0.5551, 0.3486 -0.3444 0.5551, 0.3432 -0.3425 0.5551, 0.3421 -0.3421 0.5551, 0.3188 -0.3412 0.5551, 0.3337 -0.3473 0.5551, 0.3257 -0.3473 0.5551, 0.3257 -0.3885 0.5551, 0.3334 -0.3885 0.5551, 0.3493 -0.3829 0.5551, 0.3483 -0.3838 0.5551, 0.3448 -0.3861 0.5551, 0.3402 -0.3877 0.5551, 0.355 -0.3674 0.5551, 0.3548 -0.3708 0.5551, 0.3538 -0.3756 0.5551, 0.3519 -0.3796 0.5551, 0.3491 -0.3523 0.5551, 0.3509 -0.3541 0.5551, 0.3529 -0.3572 0.5551, 0.3543 -0.3612 0.5551, 0.3406 -0.3481 0.5551, 0.3452 -0.3498 0.5551
            ]
        }
        coordIndex [
            0,1,2,-1,2,1,3,-1,4,0,5,-1,5,0,2,-1,6,4,7,-1,7,4,5,-1,8,6,9,-1,9,6,7,-1,10,8,11,-1,11,8,9,-1,1,10,3,-1,3,10,11,-1,6,8,4,-1,4,8,10,-1,4,10,0,-1,0,10,1,-1,12,13,14,-1,15,16,17,-1,17,16,18,-1,18,19,17,-1,17,19,20,-1,17,20,14,-1,14,20,21,-1,14,21,12,-1,22,13,23,-1,23,13,12,-1,22,23,24,-1,22,24,25,-1,24,26,25,-1,25,26,27,-1,25,27,28,-1,28,27,29,-1,28,29,30,-1,30,29,31,-1,30,31,32,-1,32,31,33,-1,32,33,34,-1,34,33,35,-1,34,35,36,-1,36,35,37,-1,36,37,38,-1,38,37,39,-1,38,39,40,-1,40,39,41,-1,40,41,42,-1,42,41,43,-1,42,43,44,-1,44,43,45,-1,44,45,46,-1,46,45,47,-1,46,47,48,-1,48,47,49,-1,48,49,50,-1,50,49,51,-1,50,51,52,-1,52,51,53,-1,52,53,54,-1,54,53,55,-1,54,55,56,-1,56,55,57,-1,56,57,58,-1,58,57,59,-1,58,59,60,-1,61,62,63,-1,60,59,64,-1,60,64,65,-1,65,64,66,-1,65,66,63,-1,63,66,67,-1,63,67,61,-1,68,62,69,-1,69,62,61,-1,70,71,72,-1,68,69,73,-1,68,73,74,-1,73,75,74,-1,74,75,76,-1,74,76,72,-1,72,76,77,-1,72,77,70,-1,71,70,78,-1,71,78,79,-1,78,80,79,-1,79,80,81,-1,79,81,82,-1,82,81,83,-1,82,83,84,-1,84,83,85,-1,84,85,86,-1,86,85,87,-1,86,87,88,-1,88,87,89,-1,88,89,90,-1,90,89,91,-1,90,91,92,-1,92,91,93,-1,92,93,94,-1,94,93,95,-1,94,95,96,-1,96,95,97,-1,96,97,98,-1,98,97,99,-1,98,99,100,-1,100,99,101,-1,100,101,102,-1,16,15,103,-1,102,101,104,-1,102,104,105,-1,105,104,106,-1,105,106,107,-1,107,106,108,-1,107,108,103,-1,103,108,109,-1,103,109,16,-1,63,62,68,-1,54,84,52,-1,52,84,86,-1,52,86,50,-1,50,86,88,-1,50,88,48,-1,63,68,65,-1,65,68,74,-1,65,74,60,-1,60,74,72,-1,60,72,58,-1,58,72,71,-1,58,71,56,-1,56,71,79,-1,56,79,54,-1,54,79,82,-1,54,82,84,-1,13,22,14,-1,14,22,25,-1,14,25,17,-1,17,25,28,-1,17,28,15,-1,15,28,30,-1,15,30,103,-1,103,30,32,-1,103,32,107,-1,107,32,34,-1,107,34,105,-1,105,34,36,-1,105,36,102,-1,102,36,38,-1,102,38,100,-1,100,38,40,-1,100,40,98,-1,94,46,92,-1,92,46,48,-1,92,48,90,-1,90,48,88,-1,98,40,96,-1,96,40,42,-1,96,42,94,-1,94,42,44,-1,94,44,46,-1,110,111,112,-1,112,111,113,-1,114,115,116,-1,116,115,110,-1,116,110,112,-1,117,115,118,-1,118,115,114,-1,117,118,119,-1,119,118,120,-1,119,120,121,-1,122,119,123,-1,123,119,121,-1,124,125,126,-1,126,125,122,-1,126,122,123,-1,127,125,128,-1,128,125,124,-1,127,128,129,-1,129,128,130,-1,129,130,131,-1,132,129,133,-1,133,129,131,-1,134,135,136,-1,136,135,132,-1,136,132,133,-1,137,135,138,-1,138,135,134,-1,137,138,111,-1,111,138,139,-1,111,139,113,-1,137,111,110,-1,110,115,137,-1,137,115,117,-1,137,117,135,-1,129,132,127,-1,127,132,135,-1,127,135,125,-1,125,135,117,-1,125,117,122,-1,122,117,119,-1,140,141,142,-1,142,141,143,-1,142,143,144,-1,144,143,145,-1,144,145,146,-1,146,145,147,-1,146,147,148,-1,148,147,149,-1,148,149,150,-1,150,149,151,-1,150,151,152,-1,152,151,153,-1,152,153,154,-1,154,153,155,-1,154,155,156,-1,156,155,157,-1,156,157,158,-1,158,157,159,-1,158,159,160,-1,160,159,161,-1,160,161,162,-1,162,161,163,-1,162,163,164,-1,164,163,165,-1,164,165,166,-1,166,165,167,-1,166,167,168,-1,168,167,169,-1,168,169,170,-1,170,169,171,-1,170,171,172,-1,172,171,173,-1,172,173,174,-1,174,173,140,-1,174,140,142,-1,148,150,175,-1,175,150,176,-1,177,142,144,-1,148,175,178,-1,148,178,146,-1,146,178,179,-1,146,179,144,-1,144,179,180,-1,144,180,177,-1,142,177,181,-1,142,181,174,-1,174,181,182,-1,174,182,172,-1,172,182,183,-1,172,183,170,-1,170,183,184,-1,170,184,168,-1,168,184,185,-1,168,185,166,-1,166,185,186,-1,166,186,164,-1,164,186,187,-1,164,187,162,-1,162,187,188,-1,162,188,160,-1,189,154,156,-1,160,188,190,-1,160,190,158,-1,158,190,191,-1,158,191,156,-1,156,191,192,-1,156,192,189,-1,152,154,193,-1,193,154,189,-1,150,152,176,-1,176,152,193,-1,155,153,194,-1,194,153,195,-1,153,151,195,-1,195,151,196,-1,151,149,196,-1,196,149,197,-1,141,198,199,-1,141,199,143,-1,143,199,200,-1,143,200,145,-1,145,200,201,-1,145,201,147,-1,147,201,197,-1,147,197,149,-1,169,202,203,-1,169,203,171,-1,171,203,204,-1,171,204,173,-1,173,204,205,-1,173,205,140,-1,140,205,198,-1,140,198,141,-1,161,206,207,-1,161,207,163,-1,163,207,208,-1,163,208,165,-1,165,208,209,-1,165,209,167,-1,167,209,202,-1,167,202,169,-1,155,194,210,-1,155,210,157,-1,157,210,211,-1,157,211,159,-1,159,211,206,-1,159,206,161,-1,
        ]
    }
}
Shape{
    appearance Appearance {
        material  Material 	{
            diffuseColor 1.0 1.0 1.0
            specularColor 0.5019607843137255 0.5019607843137255 0.5019607843137255
            ambientIntensity 1.0
            transparency 0.0
            shininess 0.5
        }
    }
    geometry IndexedFaceSet {
        ccw TRUE
        solid FALSE
        coord DEF co Coordinate {
            point [
                0.3257 -0.3473 0.5551, 0.3257 -0.3885 0.5551, 0.3337 -0.3473 0.5551, 0.3334 -0.3885 0.5551, 0.3402 -0.3877 0.5551, 0.3448 -0.3861 0.5551, 0.3483 -0.3838 0.5551, 0.3493 -0.3829 0.5551, 0.3519 -0.3796 0.5551, 0.3538 -0.3756 0.5551, 0.3548 -0.3708 0.5551, 0.355 -0.3674 0.5551, 0.3543 -0.3612 0.5551, 0.3529 -0.3572 0.5551, 0.3509 -0.3541 0.5551, 0.3491 -0.3523 0.5551, 0.3406 -0.3481 0.5551, 0.3452 -0.3498 0.5551
            ]
        }
        coordIndex [
            0,1,2,-1,2,1,3,-1,2,3,4,-1,4,5,2,-1,2,5,6,-1,2,6,7,-1,7,8,2,-1,2,8,9,-1,2,9,10,-1,10,11,2,-1,2,11,12,-1,2,12,13,-1,13,14,2,-1,2,14,15,-1,2,15,16,-1,16,15,17,-1,
        ]
    }
}
Shape{
    appearance Appearance {
        material  Material 	{
            diffuseColor 0.0 0.0 0.0
            specularColor 0.0 0.0 0.0
            ambientIntensity 0.0
            transparency 0.0
            shininess 0.5
        }
    }
    geometry IndexedFaceSet {
        ccw TRUE
        solid FALSE
        coord DEF co Coordinate {
            point [
                0.3801 -0.3739 0.5591, 0.3779 -0.38 0.5591, 0.398 -0.3739 0.5591, 0.4002 -0.38 0.5591, 0.3881 -0.3517 0.5591, 0.3855 -0.3412 0.5591, 0.3652 -0.3946 0.5591, 0.3728 -0.3946 0.5591, 0.3886 -0.3502 0.5591, 0.389 -0.348 0.5591, 0.3929 -0.3412 0.5591, 0.3891 -0.348 0.5591, 0.3896 -0.3503 0.5591, 0.39 -0.3517 0.5591, 0.4132 -0.3946 0.5591, 0.4056 -0.3946 0.5591, 0.3929 -0.3412 0.5551, 0.4132 -0.3946 0.5551, 0.3855 -0.3412 0.5551, 0.3652 -0.3946 0.5551, 0.3806 -0.3542 0.5551, 0.3728 -0.3946 0.5551, 0.3779 -0.38 0.5551, 0.4002 -0.38 0.5551, 0.3806 -0.38 0.5551, 0.4056 -0.3946 0.5551, 0.3801 -0.3739 0.5551, 0.398 -0.3739 0.5551, 0.39 -0.3517 0.5551, 0.3891 -0.348 0.5551, 0.3896 -0.3503 0.5551, 0.389 -0.348 0.5551, 0.3881 -0.3517 0.5551, 0.3886 -0.3502 0.5551
            ]
        }
        coordIndex [
            0,1,2,-1,2,1,3,-1,4,5,0,-1,0,5,6,-1,0,6,1,-1,1,6,7,-1,4,8,5,-1,5,8,9,-1,5,9,10,-1,10,9,11,-1,10,11,12,-1,12,13,10,-1,10,13,2,-1,10,2,14,-1,14,2,3,-1,14,3,15,-1,10,14,16,-1,16,14,17,-1,5,10,18,-1,18,10,16,-1,19,6,20,-1,20,6,5,-1,20,5,18,-1,7,6,21,-1,21,6,19,-1,1,7,22,-1,22,7,21,-1,23,3,24,-1,24,3,1,-1,24,1,22,-1,15,3,25,-1,25,3,23,-1,14,15,17,-1,17,15,25,-1,0,2,26,-1,26,2,27,-1,2,13,27,-1,27,13,28,-1,11,29,30,-1,11,30,12,-1,12,30,28,-1,12,28,13,-1,11,9,29,-1,29,9,31,-1,4,32,33,-1,4,33,8,-1,8,33,31,-1,8,31,9,-1,4,0,32,-1,32,0,26,-1,
        ]
    }
}
Shape{
    appearance Appearance {
        material  Material 	{
            diffuseColor 1.0 1.0 1.0
            specularColor 0.5019607843137255 0.5019607843137255 0.5019607843137255
            ambientIntensity 1.0
            transparency 0.0
            shininess 0.5
        }
    }
    geometry IndexedFaceSet {
        ccw TRUE
        solid FALSE
        coord DEF co Coordinate {
            point [
                0.3891 -0.348 0.5551, 0.389 -0.348 0.5551, 0.3896 -0.3503 0.5551, 0.3886 -0.3502 0.5551, 0.39 -0.3517 0.5551, 0.3881 -0.3517 0.5551, 0.398 -0.3739 0.5551, 0.3801 -0.3739 0.5551
            ]
        }
        coordIndex [
            0,1,2,-1,2,1,3,-1,2,3,4,-1,4,3,5,-1,4,5,6,-1,6,5,7,-1,
        ]
    }
}
Shape{
    appearance Appearance {
        material  Material 	{
            diffuseColor 0.0 0.0 0.0
            specularColor 0.0 0.0 0.0
            ambientIntensity 0.0
            transparency 0.0
            shininess 0.5
        }
    }
    geometry IndexedFaceSet {
        ccw TRUE
        solid FALSE
        coord DEF co Coordinate {
            point [
                0.2277 -0.4732 0.5591, 0.2277 -0.4792 0.5591, 0.2277 -0.4732 0.5551, 0.2277 -0.4792 0.5551, 0.2059 -0.4732 0.5551, 0.2059 -0.4732 0.5591, 0.2274 -0.4732 0.5551, 0.2059 -0.4552 0.5591, 0.2059 -0.4552 0.5551, 0.225 -0.4552 0.5591, 0.225 -0.4552 0.5551, 0.225 -0.4491 0.5591, 0.225 -0.4491 0.5551, 0.2059 -0.4491 0.5591, 0.2059 -0.4491 0.5551, 0.2059 -0.432 0.5591, 0.2059 -0.432 0.5551, 0.2265 -0.432 0.5591, 0.2265 -0.432 0.5551, 0.2265 -0.4259 0.5591, 0.2265 -0.4259 0.5551, 0.199 -0.4259 0.5591, 0.199 -0.4259 0.5551, 0.199 -0.4792 0.5591, 0.199 -0.4792 0.5551, 0.2274 -0.4792 0.5551, 0.2491 -0.4613 0.5591, 0.258 -0.4601 0.5591, 0.2647 -0.4547 0.5591, 0.258 -0.4792 0.5591, 0.2647 -0.4792 0.5591, 0.258 -0.4733 0.5591, 0.258 -0.455 0.5591, 0.2436 -0.463 0.5591, 0.2452 -0.4622 0.5591, 0.2579 -0.4733 0.5591, 0.2545 -0.4723 0.5591, 0.2567 -0.4751 0.5591, 0.2526 -0.4736 0.5591, 0.258 -0.4638 0.5591, 0.2576 -0.4671 0.5591, 0.2567 -0.4695 0.5591, 0.2552 -0.4715 0.5591, 0.2415 -0.4712 0.5591, 0.2365 -0.4762 0.5591, 0.2423 -0.4724 0.5591, 0.2374 -0.4771 0.5591, 0.2428 -0.4729 0.5591, 0.2395 -0.4786 0.5591, 0.2442 -0.4738 0.5591, 0.242 -0.4796 0.5591, 0.2457 -0.4744 0.5591, 0.2452 -0.4801 0.5591, 0.2462 -0.4801 0.5591, 0.2479 -0.4747 0.5591, 0.2494 -0.4798 0.5591, 0.2506 -0.4743 0.5591, 0.2521 -0.4789 0.5591, 0.2546 -0.4773 0.5591, 0.2578 -0.4521 0.5591, 0.2642 -0.4496 0.5591, 0.2571 -0.4497 0.5591, 0.2631 -0.4465 0.5591, 0.2564 -0.4483 0.5591, 0.2618 -0.4444 0.5591, 0.2554 -0.4472 0.5591, 0.26 -0.4427 0.5591, 0.2542 -0.4465 0.5591, 0.2577 -0.4414 0.5591, 0.2526 -0.4459 0.5591, 0.2549 -0.4406 0.5591, 0.2503 -0.4457 0.5591, 0.251 -0.4402 0.5591, 0.2467 -0.446 0.5591, 0.2441 -0.4411 0.5591, 0.2425 -0.4474 0.5591, 0.2392 -0.443 0.5591, 0.2378 -0.4503 0.5591, 0.2378 -0.4438 0.5591, 0.2409 -0.4674 0.5591, 0.2341 -0.4682 0.5591, 0.2409 -0.4685 0.5591, 0.2341 -0.469 0.5591, 0.2411 -0.47 0.5591, 0.2344 -0.472 0.5591, 0.2352 -0.4743 0.5591, 0.2468 -0.4566 0.5591, 0.2417 -0.4578 0.5591, 0.2427 -0.4637 0.5591, 0.2388 -0.4593 0.5591, 0.2419 -0.4647 0.5591, 0.2368 -0.4611 0.5591, 0.2413 -0.4659 0.5591, 0.2355 -0.463 0.5591, 0.2345 -0.4654 0.5591, 0.251 -0.4402 0.5551, 0.2441 -0.4411 0.5551, 0.2392 -0.443 0.5551, 0.2378 -0.4438 0.5551, 0.2378 -0.4503 0.5551, 0.2425 -0.4474 0.5551, 0.2467 -0.446 0.5551, 0.2503 -0.4457 0.5551, 0.2526 -0.4459 0.5551, 0.2542 -0.4465 0.5551, 0.2554 -0.4472 0.5551, 0.2564 -0.4483 0.5551, 0.2571 -0.4497 0.5551, 0.2578 -0.4521 0.5551, 0.258 -0.455 0.5551, 0.2468 -0.4566 0.5551, 0.2417 -0.4578 0.5551, 0.2388 -0.4593 0.5551, 0.2368 -0.4611 0.5551, 0.2355 -0.463 0.5551, 0.2345 -0.4654 0.5551, 0.2341 -0.4682 0.5551, 0.2341 -0.469 0.5551, 0.2344 -0.472 0.5551, 0.2352 -0.4743 0.5551, 0.2365 -0.4762 0.5551, 0.2374 -0.4771 0.5551, 0.2462 -0.4801 0.5551, 0.2395 -0.4786 0.5551, 0.242 -0.4796 0.5551, 0.2424 -0.4797 0.5551, 0.2452 -0.4801 0.5551, 0.2494 -0.4798 0.5551, 0.2498 -0.4797 0.5551, 0.2521 -0.4789 0.5551, 0.2546 -0.4773 0.5551, 0.2567 -0.4751 0.5551, 0.2579 -0.4733 0.5551, 0.258 -0.4733 0.5551, 0.258 -0.4792 0.5551, 0.2647 -0.4792 0.5551, 0.2647 -0.4547 0.5551, 0.2642 -0.4496 0.5551, 0.2631 -0.4465 0.5551, 0.2618 -0.4444 0.5551, 0.26 -0.4427 0.5551, 0.2577 -0.4414 0.5551, 0.2549 -0.4406 0.5551, 0.2427 -0.4637 0.5551, 0.2436 -0.463 0.5551, 0.2452 -0.4622 0.5551, 0.2491 -0.4613 0.5551, 0.2409 -0.4685 0.5551, 0.2409 -0.4674 0.5551, 0.2413 -0.4659 0.5551, 0.2419 -0.4647 0.5551, 0.2428 -0.4729 0.5551, 0.2423 -0.4724 0.5551, 0.2415 -0.4712 0.5551, 0.2411 -0.47 0.5551, 0.2479 -0.4747 0.5551, 0.2457 -0.4744 0.5551, 0.2442 -0.4738 0.5551, 0.2552 -0.4715 0.5551, 0.2545 -0.4723 0.5551, 0.2526 -0.4736 0.5551, 0.2506 -0.4743 0.5551, 0.258 -0.4638 0.5551, 0.2576 -0.4671 0.5551, 0.2567 -0.4695 0.5551, 0.258 -0.4601 0.5551
            ]
        }
        coordIndex [
            0,1,2,-1,2,1,3,-1,4,5,6,-1,6,5,0,-1,6,0,2,-1,7,5,8,-1,8,5,4,-1,9,7,10,-1,10,7,8,-1,11,9,12,-1,12,9,10,-1,13,11,14,-1,14,11,12,-1,15,13,16,-1,16,13,14,-1,17,15,18,-1,18,15,16,-1,19,17,20,-1,20,17,18,-1,21,19,22,-1,22,19,20,-1,23,21,24,-1,24,21,22,-1,3,1,25,-1,25,1,23,-1,25,23,24,-1,23,1,0,-1,0,5,23,-1,23,5,7,-1,23,7,21,-1,17,19,15,-1,15,19,21,-1,15,21,13,-1,13,21,7,-1,13,7,11,-1,11,7,9,-1,26,27,28,-1,29,30,31,-1,31,30,28,-1,32,33,34,-1,35,36,37,-1,37,36,38,-1,27,39,28,-1,28,39,40,-1,28,40,31,-1,31,40,41,-1,31,41,35,-1,35,41,42,-1,35,42,36,-1,43,44,45,-1,45,44,46,-1,45,46,47,-1,47,46,48,-1,47,48,49,-1,49,48,50,-1,49,50,51,-1,50,52,51,-1,51,52,53,-1,51,53,54,-1,54,53,55,-1,54,55,56,-1,56,55,57,-1,56,57,38,-1,38,57,58,-1,38,58,37,-1,34,26,32,-1,32,26,28,-1,32,28,59,-1,59,28,60,-1,59,60,61,-1,61,60,62,-1,61,62,63,-1,63,62,64,-1,63,64,65,-1,65,64,66,-1,65,66,67,-1,67,66,68,-1,67,68,69,-1,69,68,70,-1,69,70,71,-1,71,70,72,-1,71,72,73,-1,73,72,74,-1,73,74,75,-1,75,74,76,-1,75,76,77,-1,77,76,78,-1,79,80,81,-1,81,80,82,-1,81,82,83,-1,83,82,84,-1,83,84,43,-1,43,84,85,-1,43,85,44,-1,32,86,33,-1,33,86,87,-1,33,87,88,-1,88,87,89,-1,88,89,90,-1,90,89,91,-1,90,91,92,-1,92,91,93,-1,92,93,79,-1,79,93,94,-1,79,94,80,-1,72,95,96,-1,72,96,74,-1,74,96,97,-1,74,97,76,-1,76,97,98,-1,76,98,78,-1,77,78,99,-1,99,78,98,-1,77,99,100,-1,77,100,75,-1,75,100,101,-1,75,101,73,-1,73,101,102,-1,73,102,71,-1,71,102,103,-1,71,103,69,-1,69,103,104,-1,69,104,67,-1,67,104,105,-1,67,105,65,-1,65,105,106,-1,65,106,63,-1,63,106,107,-1,63,107,61,-1,61,107,108,-1,61,108,59,-1,59,108,109,-1,59,109,32,-1,86,32,110,-1,110,32,109,-1,86,110,111,-1,86,111,87,-1,87,111,112,-1,87,112,89,-1,89,112,113,-1,89,113,91,-1,91,113,114,-1,91,114,93,-1,93,114,115,-1,93,115,94,-1,94,115,116,-1,94,116,80,-1,80,116,117,-1,80,117,82,-1,82,117,118,-1,82,118,84,-1,84,118,119,-1,84,119,85,-1,85,119,120,-1,85,120,44,-1,44,120,121,-1,44,121,46,-1,122,53,52,-1,46,121,123,-1,46,123,48,-1,48,123,124,-1,48,124,50,-1,50,124,125,-1,50,125,52,-1,52,125,126,-1,52,126,122,-1,53,122,127,-1,53,127,55,-1,55,127,128,-1,55,128,57,-1,128,129,57,-1,57,129,130,-1,57,130,58,-1,58,130,131,-1,58,131,37,-1,37,131,132,-1,37,132,35,-1,31,35,133,-1,133,35,132,-1,29,31,134,-1,134,31,133,-1,30,29,135,-1,135,29,134,-1,28,30,136,-1,136,30,135,-1,28,136,137,-1,28,137,60,-1,60,137,138,-1,60,138,62,-1,62,138,139,-1,62,139,64,-1,64,139,140,-1,64,140,66,-1,66,140,141,-1,66,141,68,-1,68,141,142,-1,68,142,70,-1,70,142,95,-1,70,95,72,-1,88,143,144,-1,88,144,33,-1,33,144,145,-1,33,145,34,-1,34,145,146,-1,34,146,26,-1,81,147,148,-1,81,148,79,-1,79,148,149,-1,79,149,92,-1,92,149,150,-1,92,150,90,-1,90,150,143,-1,90,143,88,-1,47,151,152,-1,47,152,45,-1,45,152,153,-1,45,153,43,-1,43,153,154,-1,43,154,83,-1,83,154,147,-1,83,147,81,-1,54,155,156,-1,54,156,51,-1,51,156,157,-1,51,157,49,-1,49,157,151,-1,49,151,47,-1,42,158,159,-1,42,159,36,-1,36,159,160,-1,36,160,38,-1,38,160,161,-1,38,161,56,-1,56,161,155,-1,56,155,54,-1,39,162,163,-1,39,163,40,-1,40,163,164,-1,40,164,41,-1,41,164,158,-1,41,158,42,-1,39,27,162,-1,162,27,165,-1,27,26,165,-1,165,26,146,-1,
        ]
    }
}
Shape{
    appearance Appearance {
        material  Material 	{
            diffuseColor 1.0 1.0 1.0
            specularColor 0.5019607843137255 0.5019607843137255 0.5019607843137255
            ambientIntensity 1.0
            transparency 0.0
            shininess 0.5
        }
    }
    geometry IndexedFaceSet {
        ccw TRUE
        solid FALSE
        coord DEF co Coordinate {
            point [
                0.2545 -0.4723 0.5551, 0.2552 -0.4715 0.5551, 0.2491 -0.4613 0.5551, 0.2567 -0.4695 0.5551, 0.2506 -0.4743 0.5551, 0.2452 -0.4622 0.5551, 0.2436 -0.463 0.5551, 0.2526 -0.4736 0.5551, 0.2576 -0.4671 0.5551, 0.258 -0.4638 0.5551, 0.258 -0.4601 0.5551, 0.2413 -0.4659 0.5551, 0.2409 -0.4674 0.5551, 0.2409 -0.4685 0.5551, 0.2411 -0.47 0.5551, 0.2442 -0.4738 0.5551, 0.2457 -0.4744 0.5551, 0.2428 -0.4729 0.5551, 0.2479 -0.4747 0.5551, 0.2427 -0.4637 0.5551, 0.2419 -0.4647 0.5551, 0.2415 -0.4712 0.5551, 0.2423 -0.4724 0.5551
            ]
        }
        coordIndex [
            0,1,2,-1,2,1,3,-1,4,5,6,-1,5,4,2,-1,2,4,7,-1,2,7,0,-1,3,8,2,-1,2,8,9,-1,2,9,10,-1,11,12,4,-1,4,12,13,-1,4,13,14,-1,15,16,17,-1,17,16,18,-1,17,18,4,-1,6,19,4,-1,4,19,20,-1,4,20,11,-1,14,21,4,-1,4,21,22,-1,4,22,17,-1,
        ]
    }
}
Shape{
    appearance Appearance {
        material  Material 	{
            diffuseColor 0.0 0.0 0.0
            specularColor 0.0 0.0 0.0
            ambientIntensity 0.0
            transparency 0.0
            shininess 0.5
        }
    }
    geometry IndexedFaceSet {
        ccw TRUE
        solid FALSE
        coord DEF co Coordinate {
            point [
                0.2738 -0.471 0.5551, 0.2738 -0.471 0.5591, 0.2762 -0.4725 0.5591, 0.2848 -0.4747 0.5591, 0.2848 -0.4747 0.5551, 0.2804 -0.4741 0.5551, 0.2804 -0.4741 0.5591, 0.2769 -0.4728 0.5551, 0.2762 -0.4725 0.5551, 0.2738 -0.4779 0.5591, 0.2738 -0.4779 0.5551, 0.2769 -0.479 0.5551, 0.2785 -0.4796 0.5591, 0.2841 -0.4801 0.5551, 0.2841 -0.4801 0.5591, 0.2798 -0.4797 0.5551, 0.2785 -0.4796 0.5551, 0.2902 -0.4794 0.5591, 0.2879 -0.4797 0.5551, 0.2902 -0.4794 0.5551, 0.2937 -0.478 0.5551, 0.2937 -0.478 0.5591, 0.2952 -0.4771 0.5551, 0.2952 -0.4771 0.5591, 0.2973 -0.4753 0.5551, 0.2973 -0.4753 0.5591, 0.2985 -0.4735 0.5551, 0.2985 -0.4735 0.5591, 0.2993 -0.4714 0.5551, 0.2993 -0.4714 0.5591, 0.2995 -0.4689 0.5551, 0.2995 -0.4689 0.5591, 0.2992 -0.4662 0.5551, 0.2992 -0.4662 0.5591, 0.2985 -0.4643 0.5551, 0.2985 -0.4643 0.5591, 0.2973 -0.4626 0.5551, 0.2973 -0.4626 0.5591, 0.2957 -0.4611 0.5551, 0.2957 -0.4611 0.5591, 0.2913 -0.4587 0.5551, 0.2913 -0.4587 0.5591, 0.2887 -0.4576 0.5551, 0.2887 -0.4576 0.5591, 0.2845 -0.4558 0.5551, 0.2845 -0.4558 0.5591, 0.2822 -0.4544 0.5551, 0.2822 -0.4544 0.5591, 0.2815 -0.4536 0.5551, 0.2815 -0.4536 0.5591, 0.2811 -0.4527 0.5551, 0.2811 -0.4527 0.5591, 0.2808 -0.4517 0.5551, 0.2808 -0.4517 0.5591, 0.2807 -0.4508 0.5551, 0.2807 -0.4508 0.5591, 0.2808 -0.4497 0.5551, 0.2808 -0.4497 0.5591, 0.2812 -0.4488 0.5551, 0.2812 -0.4488 0.5591, 0.2818 -0.448 0.5551, 0.2818 -0.448 0.5591, 0.2828 -0.4471 0.5551, 0.2828 -0.4471 0.5591, 0.2843 -0.4463 0.5551, 0.2843 -0.4463 0.5591, 0.286 -0.4458 0.5551, 0.286 -0.4458 0.5591, 0.288 -0.4457 0.5551, 0.288 -0.4457 0.5591, 0.2927 -0.4462 0.5551, 0.2927 -0.4462 0.5591, 0.2965 -0.4477 0.5551, 0.2965 -0.4477 0.5591, 0.2977 -0.4484 0.5551, 0.2977 -0.4484 0.5591, 0.2977 -0.4419 0.5591, 0.2977 -0.4419 0.5551, 0.2934 -0.4407 0.5551, 0.2934 -0.4407 0.5591, 0.2887 -0.4402 0.5551, 0.2887 -0.4402 0.5591, 0.2833 -0.4409 0.5551, 0.2833 -0.4409 0.5591, 0.2797 -0.4423 0.5551, 0.2797 -0.4423 0.5591, 0.2781 -0.4433 0.5551, 0.2781 -0.4433 0.5591, 0.2769 -0.4444 0.5551, 0.2761 -0.4452 0.5591, 0.2761 -0.4452 0.5551, 0.2748 -0.447 0.5551, 0.2748 -0.447 0.5591, 0.2741 -0.4491 0.5551, 0.2741 -0.4491 0.5591, 0.2738 -0.4514 0.5551, 0.2738 -0.4514 0.5591, 0.2742 -0.4541 0.5551, 0.2742 -0.4541 0.5591, 0.2749 -0.4562 0.5551, 0.2749 -0.4562 0.5591, 0.2757 -0.4574 0.5551, 0.2757 -0.4574 0.5591, 0.284 -0.4625 0.5551, 0.284 -0.4625 0.5591, 0.28 -0.4607 0.5591, 0.2768 -0.4586 0.5551, 0.2768 -0.4586 0.5591, 0.2769 -0.4586 0.5551, 0.28 -0.4607 0.5551, 0.2884 -0.4643 0.5551, 0.2884 -0.4643 0.5591, 0.291 -0.4659 0.5551, 0.291 -0.4659 0.5591, 0.2918 -0.4668 0.5551, 0.2918 -0.4668 0.5591, 0.2923 -0.4677 0.5551, 0.2923 -0.4677 0.5591, 0.2926 -0.4687 0.5551, 0.2926 -0.4687 0.5591, 0.2927 -0.4695 0.5551, 0.2927 -0.4695 0.5591, 0.2925 -0.4708 0.5551, 0.2925 -0.4708 0.5591, 0.2922 -0.4718 0.5551, 0.2922 -0.4718 0.5591, 0.2916 -0.4726 0.5551, 0.2916 -0.4726 0.5591, 0.2909 -0.4733 0.5551, 0.2909 -0.4733 0.5591, 0.2902 -0.4737 0.5551, 0.2902 -0.4737 0.5591, 0.2885 -0.4743 0.5551, 0.2885 -0.4743 0.5591, 0.2851 -0.4747 0.5551, 0.2851 -0.4747 0.5591, 0.3327 -0.4411 0.5591, 0.3396 -0.4411 0.5591, 0.3327 -0.4411 0.5551, 0.3396 -0.4411 0.5551, 0.3223 -0.4698 0.5591, 0.3223 -0.4698 0.5551, 0.3218 -0.4716 0.5551, 0.3218 -0.4716 0.5591, 0.3215 -0.4729 0.5551, 0.3215 -0.4729 0.5591, 0.3213 -0.4729 0.5591, 0.3213 -0.4729 0.5551, 0.3205 -0.4698 0.5591, 0.3205 -0.4698 0.5551, 0.3105 -0.4411 0.5591, 0.3105 -0.4411 0.5551, 0.303 -0.4411 0.5591, 0.303 -0.4411 0.5551, 0.318 -0.4792 0.5591, 0.318 -0.4792 0.5551, 0.315 -0.4861 0.5551, 0.315 -0.4861 0.5591, 0.3178 -0.4797 0.5551, 0.3136 -0.4887 0.5551, 0.3136 -0.4887 0.5591, 0.3124 -0.49 0.5551, 0.3124 -0.49 0.5591, 0.3117 -0.4905 0.5551, 0.3117 -0.4905 0.5591, 0.3103 -0.4912 0.5551, 0.3103 -0.4912 0.5591, 0.3087 -0.4915 0.5551, 0.3087 -0.4915 0.5591, 0.3082 -0.4915 0.5551, 0.3082 -0.4915 0.5591, 0.3058 -0.4912 0.5551, 0.3058 -0.4912 0.5591, 0.3044 -0.4907 0.5551, 0.3044 -0.4907 0.5591, 0.3044 -0.4967 0.5551, 0.3044 -0.4967 0.5591, 0.3044 -0.4954 0.5551, 0.3071 -0.4971 0.5551, 0.3071 -0.4971 0.5591, 0.3087 -0.4972 0.5551, 0.3087 -0.4972 0.5591, 0.3115 -0.4969 0.5551, 0.3115 -0.4969 0.5591, 0.3141 -0.4959 0.5551, 0.3141 -0.4959 0.5591, 0.3147 -0.4954 0.5551, 0.3164 -0.4942 0.5591, 0.3164 -0.4942 0.5551, 0.3167 -0.4939 0.5551, 0.3167 -0.4939 0.5591, 0.3192 -0.491 0.5551, 0.3192 -0.491 0.5591, 0.3223 -0.485 0.5551, 0.3223 -0.485 0.5591, 0.3244 -0.4797 0.5551, 0.3755 -0.4732 0.5591, 0.3755 -0.4792 0.5591, 0.3755 -0.4732 0.5551, 0.3755 -0.4792 0.5551, 0.3537 -0.4732 0.5591, 0.3637 -0.4732 0.5551, 0.3537 -0.4732 0.5551, 0.3537 -0.4552 0.5591, 0.3537 -0.4552 0.5551, 0.3728 -0.4552 0.5591, 0.3637 -0.4552 0.5551, 0.3728 -0.4552 0.5551, 0.3728 -0.4491 0.5591, 0.3728 -0.4491 0.5551, 0.3537 -0.4491 0.5551, 0.3537 -0.4491 0.5591, 0.3637 -0.4491 0.5551, 0.3537 -0.432 0.5591, 0.3537 -0.432 0.5551, 0.3743 -0.432 0.5551, 0.3743 -0.432 0.5591, 0.3637 -0.432 0.5551, 0.3743 -0.4259 0.5591, 0.3743 -0.4259 0.5551, 0.3468 -0.4259 0.5551, 0.3468 -0.4259 0.5591, 0.3637 -0.4259 0.5551, 0.3468 -0.4792 0.5591, 0.3468 -0.4792 0.5551, 0.3637 -0.4792 0.5551, 0.4188 -0.4643 0.5591, 0.4161 -0.4676 0.5591, 0.421 -0.4718 0.5591, 0.4151 -0.4685 0.5591, 0.4155 -0.4757 0.5591, 0.4116 -0.4708 0.5591, 0.4095 -0.4781 0.5591, 0.407 -0.4724 0.5591, 0.4003 -0.4792 0.5591, 0.4003 -0.4732 0.5591, 0.3856 -0.4792 0.5591, 0.3925 -0.4732 0.5591, 0.3856 -0.4259 0.5591, 0.3925 -0.432 0.5591, 0.4008 -0.4259 0.5591, 0.4006 -0.432 0.5591, 0.409 -0.4268 0.5591, 0.4074 -0.4328 0.5591, 0.4154 -0.4291 0.5591, 0.4121 -0.4344 0.5591, 0.421 -0.4329 0.5591, 0.416 -0.437 0.5591, 0.4229 -0.4347 0.5591, 0.4177 -0.4388 0.5591, 0.4262 -0.4394 0.5591, 0.4197 -0.4419 0.5591, 0.4282 -0.4444 0.5591, 0.4212 -0.4459 0.5591, 0.4291 -0.4519 0.5591, 0.4218 -0.4521 0.5591, 0.4289 -0.4553 0.5591, 0.4217 -0.4554 0.5591, 0.4276 -0.4615 0.5591, 0.4206 -0.4603 0.5591, 0.425 -0.467 0.5591, 0.4003 -0.4792 0.5551, 0.3856 -0.4792 0.5551, 0.4095 -0.4781 0.5551, 0.4155 -0.4757 0.5551, 0.421 -0.4718 0.5551, 0.425 -0.467 0.5551, 0.4276 -0.4615 0.5551, 0.4289 -0.4553 0.5551, 0.4291 -0.4519 0.5551, 0.4282 -0.4444 0.5551, 0.4262 -0.4394 0.5551, 0.4229 -0.4347 0.5551, 0.421 -0.4329 0.5551, 0.4154 -0.4291 0.5551, 0.409 -0.4268 0.5551, 0.4008 -0.4259 0.5551, 0.3856 -0.4259 0.5551, 0.4006 -0.432 0.5551, 0.3925 -0.432 0.5551, 0.3925 -0.4732 0.5551, 0.4003 -0.4732 0.5551, 0.4161 -0.4676 0.5551, 0.4151 -0.4685 0.5551, 0.4116 -0.4708 0.5551, 0.407 -0.4724 0.5551, 0.4218 -0.4521 0.5551, 0.4217 -0.4554 0.5551, 0.4206 -0.4603 0.5551, 0.4188 -0.4643 0.5551, 0.416 -0.437 0.5551, 0.4177 -0.4388 0.5551, 0.4197 -0.4419 0.5551, 0.4212 -0.4459 0.5551, 0.4074 -0.4328 0.5551, 0.4121 -0.4344 0.5551
            ]
        }
        coordIndex [
            0,1,2,-1,3,4,5,-1,3,5,6,-1,6,5,7,-1,6,7,2,-1,2,7,8,-1,2,8,0,-1,9,1,10,-1,10,1,0,-1,10,11,9,-1,9,11,12,-1,13,14,15,-1,15,14,12,-1,15,12,16,-1,16,12,11,-1,14,13,17,-1,17,13,18,-1,18,19,17,-1,17,19,20,-1,17,20,21,-1,21,20,22,-1,21,22,23,-1,23,22,24,-1,23,24,25,-1,25,24,26,-1,25,26,27,-1,27,26,28,-1,27,28,29,-1,29,28,30,-1,29,30,31,-1,31,30,32,-1,31,32,33,-1,33,32,34,-1,33,34,35,-1,35,34,36,-1,35,36,37,-1,37,36,38,-1,37,38,39,-1,39,38,40,-1,39,40,41,-1,41,40,42,-1,41,42,43,-1,43,42,44,-1,43,44,45,-1,45,44,46,-1,45,46,47,-1,47,46,48,-1,47,48,49,-1,49,48,50,-1,49,50,51,-1,51,50,52,-1,51,52,53,-1,53,52,54,-1,53,54,55,-1,55,54,56,-1,55,56,57,-1,57,56,58,-1,57,58,59,-1,59,58,60,-1,59,60,61,-1,61,60,62,-1,61,62,63,-1,63,62,64,-1,63,64,65,-1,65,64,66,-1,65,66,67,-1,67,66,68,-1,67,68,69,-1,69,68,70,-1,69,70,71,-1,71,70,72,-1,71,72,73,-1,73,72,74,-1,73,74,75,-1,76,75,77,-1,77,75,74,-1,76,77,78,-1,76,78,79,-1,79,78,80,-1,79,80,81,-1,81,80,82,-1,81,82,83,-1,83,82,84,-1,83,84,85,-1,85,84,86,-1,85,86,87,-1,86,88,87,-1,87,88,89,-1,88,90,89,-1,89,90,91,-1,89,91,92,-1,92,91,93,-1,92,93,94,-1,94,93,95,-1,94,95,96,-1,96,95,97,-1,96,97,98,-1,98,97,99,-1,98,99,100,-1,100,99,101,-1,100,101,102,-1,103,104,105,-1,102,101,106,-1,102,106,107,-1,107,106,108,-1,107,108,105,-1,105,108,109,-1,105,109,103,-1,104,103,110,-1,104,110,111,-1,111,110,112,-1,111,112,113,-1,113,112,114,-1,113,114,115,-1,115,114,116,-1,115,116,117,-1,117,116,118,-1,117,118,119,-1,119,118,120,-1,119,120,121,-1,121,120,122,-1,121,122,123,-1,123,122,124,-1,123,124,125,-1,125,124,126,-1,125,126,127,-1,127,126,128,-1,127,128,129,-1,129,128,130,-1,129,130,131,-1,131,130,132,-1,131,132,133,-1,133,132,134,-1,133,134,135,-1,135,134,4,-1,135,4,3,-1,59,61,87,-1,87,61,85,-1,85,61,63,-1,85,63,83,-1,125,25,27,-1,111,43,104,-1,104,43,45,-1,125,27,123,-1,123,27,29,-1,123,29,121,-1,121,29,31,-1,121,31,119,-1,119,31,33,-1,119,33,117,-1,117,33,35,-1,117,35,115,-1,115,35,37,-1,115,37,113,-1,113,37,39,-1,113,39,111,-1,111,39,41,-1,111,41,43,-1,25,125,23,-1,23,125,127,-1,23,127,21,-1,14,3,12,-1,12,3,6,-1,12,6,9,-1,9,6,2,-1,9,2,1,-1,63,65,83,-1,83,65,67,-1,83,67,81,-1,81,67,69,-1,81,69,79,-1,79,69,71,-1,79,71,76,-1,76,71,73,-1,76,73,75,-1,127,129,21,-1,21,129,131,-1,21,131,17,-1,17,131,133,-1,17,133,14,-1,14,133,135,-1,14,135,3,-1,87,89,59,-1,59,89,92,-1,59,92,57,-1,57,92,94,-1,57,94,55,-1,55,94,96,-1,55,96,53,-1,53,96,98,-1,53,98,51,-1,51,98,100,-1,51,100,49,-1,49,100,102,-1,49,102,47,-1,47,102,107,-1,47,107,45,-1,45,107,105,-1,45,105,104,-1,136,137,138,-1,138,137,139,-1,140,136,141,-1,141,136,138,-1,140,141,142,-1,140,142,143,-1,143,142,144,-1,143,144,145,-1,146,145,147,-1,147,145,144,-1,148,146,149,-1,149,146,147,-1,150,148,151,-1,151,148,149,-1,152,150,153,-1,153,150,151,-1,154,152,155,-1,155,152,153,-1,156,157,158,-1,158,157,154,-1,158,154,155,-1,157,156,159,-1,157,159,160,-1,160,159,161,-1,160,161,162,-1,162,161,163,-1,162,163,164,-1,164,163,165,-1,164,165,166,-1,166,165,167,-1,166,167,168,-1,168,167,169,-1,168,169,170,-1,170,169,171,-1,170,171,172,-1,172,171,173,-1,172,173,174,-1,175,176,177,-1,177,176,174,-1,177,174,173,-1,176,175,178,-1,176,178,179,-1,179,178,180,-1,179,180,181,-1,181,180,182,-1,181,182,183,-1,183,182,184,-1,183,184,185,-1,185,184,186,-1,185,186,187,-1,186,188,187,-1,187,188,189,-1,187,189,190,-1,190,189,191,-1,190,191,192,-1,192,191,193,-1,192,193,194,-1,139,137,195,-1,195,137,194,-1,195,194,193,-1,143,145,194,-1,172,174,176,-1,137,136,194,-1,194,136,140,-1,194,140,143,-1,150,152,148,-1,148,152,154,-1,148,154,146,-1,145,146,194,-1,194,146,154,-1,194,154,192,-1,172,176,170,-1,170,176,179,-1,170,179,168,-1,168,179,181,-1,168,181,166,-1,166,181,183,-1,166,183,164,-1,164,183,185,-1,164,185,162,-1,154,157,192,-1,192,157,160,-1,192,160,190,-1,190,160,162,-1,190,162,187,-1,187,162,185,-1,196,197,198,-1,198,197,199,-1,196,198,200,-1,200,198,201,-1,200,201,202,-1,203,200,204,-1,204,200,202,-1,203,204,205,-1,205,204,206,-1,205,206,207,-1,208,205,209,-1,209,205,207,-1,210,211,212,-1,212,211,208,-1,212,208,209,-1,213,211,214,-1,214,211,210,-1,215,216,217,-1,217,216,213,-1,217,213,214,-1,218,216,219,-1,219,216,215,-1,220,221,222,-1,222,221,218,-1,222,218,219,-1,223,221,224,-1,224,221,220,-1,223,224,197,-1,197,224,225,-1,197,225,199,-1,223,197,196,-1,196,200,223,-1,223,200,203,-1,223,203,221,-1,216,218,213,-1,213,218,221,-1,213,221,211,-1,211,221,203,-1,211,203,208,-1,208,203,205,-1,226,227,228,-1,228,227,229,-1,228,229,230,-1,230,229,231,-1,230,231,232,-1,232,231,233,-1,232,233,234,-1,234,233,235,-1,234,235,236,-1,236,235,237,-1,236,237,238,-1,238,237,239,-1,238,239,240,-1,240,239,241,-1,240,241,242,-1,242,241,243,-1,242,243,244,-1,244,243,245,-1,244,245,246,-1,246,245,247,-1,246,247,248,-1,248,247,249,-1,248,249,250,-1,250,249,251,-1,250,251,252,-1,252,251,253,-1,252,253,254,-1,254,253,255,-1,254,255,256,-1,256,255,257,-1,256,257,258,-1,258,257,259,-1,258,259,260,-1,260,259,226,-1,260,226,228,-1,234,236,261,-1,261,236,262,-1,234,261,263,-1,234,263,232,-1,232,263,264,-1,232,264,230,-1,230,264,265,-1,230,265,228,-1,228,265,266,-1,228,266,260,-1,260,266,267,-1,260,267,258,-1,258,267,268,-1,258,268,256,-1,256,268,269,-1,256,269,254,-1,254,269,270,-1,254,270,252,-1,252,270,271,-1,252,271,250,-1,250,271,272,-1,250,272,248,-1,248,272,273,-1,248,273,246,-1,246,273,274,-1,246,274,244,-1,244,274,275,-1,244,275,242,-1,242,275,276,-1,242,276,240,-1,238,240,277,-1,277,240,276,-1,236,238,262,-1,262,238,277,-1,241,239,278,-1,278,239,279,-1,239,237,279,-1,279,237,280,-1,237,235,280,-1,280,235,281,-1,227,282,283,-1,227,283,229,-1,229,283,284,-1,229,284,231,-1,231,284,285,-1,231,285,233,-1,233,285,281,-1,233,281,235,-1,255,286,287,-1,255,287,257,-1,257,287,288,-1,257,288,259,-1,259,288,289,-1,259,289,226,-1,226,289,282,-1,226,282,227,-1,247,290,291,-1,247,291,249,-1,249,291,292,-1,249,292,251,-1,251,292,293,-1,251,293,253,-1,253,293,286,-1,253,286,255,-1,241,278,294,-1,241,294,243,-1,243,294,295,-1,243,295,245,-1,245,295,290,-1,245,290,247,-1,
        ]
    }
}
Shape{
    appearance Appearance {
        material  Material 	{
            diffuseColor 1.0 1.0 1.0
            specularColor 0.5019607843137255 0.5019607843137255 0.5019607843137255
            ambientIntensity 1.0
            transparency 0.0
            shininess 0.5
        }
    }
    geometry IndexedFaceSet {
        ccw TRUE
        solid FALSE
        coord DEF co Coordinate {
            point [
                0.3925 -0.432 0.5551, 0.3925 -0.4732 0.5551, 0.4006 -0.432 0.5551, 0.4003 -0.4732 0.5551, 0.407 -0.4724 0.5551, 0.4116 -0.4708 0.5551, 0.4151 -0.4685 0.5551, 0.4161 -0.4676 0.5551, 0.4188 -0.4643 0.5551, 0.4206 -0.4603 0.5551, 0.4217 -0.4554 0.5551, 0.4218 -0.4521 0.5551, 0.4212 -0.4459 0.5551, 0.4197 -0.4419 0.5551, 0.4177 -0.4388 0.5551, 0.416 -0.437 0.5551, 0.4074 -0.4328 0.5551, 0.4121 -0.4344 0.5551
            ]
        }
        coordIndex [
            0,1,2,-1,2,1,3,-1,2,3,4,-1,4,5,2,-1,2,5,6,-1,2,6,7,-1,7,8,2,-1,2,8,9,-1,2,9,10,-1,10,11,2,-1,2,11,12,-1,2,12,13,-1,13,14,2,-1,2,14,15,-1,2,15,16,-1,16,15,17,-1,
        ]
    }
}
Shape{
    appearance Appearance {
        material  Material 	{
            diffuseColor 0.0 0.0 0.0
            specularColor 0.0 0.0 0.0
            ambientIntensity 0.0
            transparency 0.0
            shininess 0.5
        }
    }
    geometry IndexedFaceSet {
        ccw TRUE
        solid FALSE
        coord DEF co Coordinate {
            point [
                0.447 -0.4586 0.5591, 0.4448 -0.4646 0.5591, 0.4649 -0.4586 0.5591, 0.467 -0.4646 0.5591, 0.4549 -0.4364 0.5591, 0.4524 -0.4259 0.5591, 0.432 -0.4792 0.5591, 0.4397 -0.4792 0.5591, 0.4554 -0.4348 0.5591, 0.4558 -0.4327 0.5591, 0.4597 -0.4259 0.5591, 0.456 -0.4327 0.5591, 0.4564 -0.4349 0.5591, 0.4568 -0.4364 0.5591, 0.4801 -0.4792 0.5591, 0.4725 -0.4792 0.5591, 0.4597 -0.4259 0.5551, 0.4801 -0.4792 0.5551, 0.4524 -0.4259 0.5551, 0.432 -0.4792 0.5551, 0.4397 -0.4792 0.5551, 0.4448 -0.4646 0.5551, 0.467 -0.4646 0.5551, 0.4725 -0.4792 0.5551, 0.447 -0.4586 0.5551, 0.4649 -0.4586 0.5551, 0.4568 -0.4364 0.5551, 0.456 -0.4327 0.5551, 0.4564 -0.4349 0.5551, 0.4558 -0.4327 0.5551, 0.4549 -0.4364 0.5551, 0.4554 -0.4348 0.5551
            ]
        }
        coordIndex [
            0,1,2,-1,2,1,3,-1,4,5,0,-1,0,5,6,-1,0,6,1,-1,1,6,7,-1,4,8,5,-1,5,8,9,-1,5,9,10,-1,10,9,11,-1,10,11,12,-1,12,13,10,-1,10,13,2,-1,10,2,14,-1,14,2,3,-1,14,3,15,-1,10,14,16,-1,16,14,17,-1,5,10,18,-1,18,10,16,-1,6,5,19,-1,19,5,18,-1,7,6,20,-1,20,6,19,-1,1,7,21,-1,21,7,20,-1,3,1,22,-1,22,1,21,-1,15,3,23,-1,23,3,22,-1,14,15,17,-1,17,15,23,-1,0,2,24,-1,24,2,25,-1,2,13,25,-1,25,13,26,-1,11,27,28,-1,11,28,12,-1,12,28,26,-1,12,26,13,-1,11,9,27,-1,27,9,29,-1,4,30,31,-1,4,31,8,-1,8,31,29,-1,8,29,9,-1,4,0,30,-1,30,0,24,-1,
        ]
    }
}
Shape{
    appearance Appearance {
        material  Material 	{
            diffuseColor 1.0 1.0 1.0
            specularColor 0.5019607843137255 0.5019607843137255 0.5019607843137255
            ambientIntensity 1.0
            transparency 0.0
            shininess 0.5
        }
    }
    geometry IndexedFaceSet {
        ccw TRUE
        solid FALSE
        coord DEF co Coordinate {
            point [
                0.456 -0.4327 0.5551, 0.4558 -0.4327 0.5551, 0.4564 -0.4349 0.5551, 0.4554 -0.4348 0.5551, 0.4568 -0.4364 0.5551, 0.4549 -0.4364 0.5551, 0.4649 -0.4586 0.5551, 0.447 -0.4586 0.5551
            ]
        }
        coordIndex [
            0,1,2,-1,2,1,3,-1,2,3,4,-1,4,3,5,-1,4,5,6,-1,6,5,7,-1,
        ]
    }
}
Shape{
    appearance Appearance {
        material  Material 	{
            diffuseColor 0.0 0.0 0.0
            specularColor 0.0 0.0 0.0
            ambientIntensity 0.0
            transparency 0.0
            shininess 0.5
        }
    }
    geometry IndexedFaceSet {
        ccw TRUE
        solid FALSE
        coord DEF co Coordinate {
            point [
                -0.0368 -0.4868 0.5591, -0.0311 -0.4938 0.5591, -0.0402 -0.4532 0.5591, -0.0467 -0.3872 0.5591, -0.0382 -0.3828 0.5591, -0.0404 -0.3595 0.5591, 0.0334 -0.4665 0.5591, 0.0334 -0.4627 0.5591, 0.0013 -0.4534 0.5591, -0.0023 -0.4523 0.5591, -0.0254 -0.3576 0.5591, 0.0069 -0.458 0.5591, 0.0087 -0.4611 0.5591, 0.0333 -0.4704 0.5591, 0.0866 -0.4346 0.5591, 0.0748 -0.4145 0.5591, 0.024 -0.4411 0.5591, -0.0049 -0.4521 0.5591, -0.0085 -0.4525 0.5591, -0.0135 -0.4293 0.5591, -0.0118 -0.4538 0.5591, -0.0219 -0.4325 0.5591, -0.0148 -0.4559 0.5591, -0.0297 -0.4379 0.5591, -0.0166 -0.4579 0.5591, -0.036 -0.4451 0.5591, -0.0185 -0.4611 0.5591, -0.0195 -0.4647 0.5591, 0.0093 -0.4307 0.5591, 0.0001 -0.4285 0.5591, -0.0045 -0.4282 0.5591, -0.0166 -0.3584 0.5591, -0.0049 -0.3861 0.5591, 0.0002 -0.3753 0.5591, -0.0484 -0.4482 0.5591, -0.0454 -0.4772 0.5591, -0.0406 -0.4787 0.5591, 0.0044 -0.4554 0.5591, -0.0148 -0.4778 0.5591, -0.0118 -0.48 0.5591, -0.0237 -0.4994 0.5591, -0.0084 -0.4813 0.5591, -0.0089 -0.3493 0.5591, 0.0084 -0.3649 0.5591, 0.0 -0.3417 0.5591, 0.0188 -0.3569 0.5591, 0.0093 -0.3359 0.5591, -0.0289 -0.3806 0.5591, -0.025 -0.3804 0.5591, -0.021 -0.3578 0.5591, -0.0162 -0.3814 0.5591, -0.0077 -0.3845 0.5591, 0.0173 -0.4351 0.5591, 0.0829 -0.4792 0.5591, 0.0843 -0.4794 0.5591, 0.0873 -0.4563 0.5591, 0.0268 -0.3292 0.5591, 0.0311 -0.3517 0.5591, 0.0456 -0.3269 0.5591, 0.0972 -0.3466 0.5591, 0.0852 -0.3669 0.5591, 0.1096 -0.3609 0.5591, 0.093 -0.3777 0.5591, 0.1177 -0.3766 0.5591, 0.0979 -0.3904 0.5591, 0.0991 -0.3971 0.5591, -0.0618 -0.4092 0.5591, -0.0868 -0.4156 0.5591, -0.063 -0.4183 0.5591, -0.0869 -0.4191 0.5591, -0.0625 -0.4241 0.5591, -0.085 -0.4341 0.5591, -0.0598 -0.4334 0.5591, -0.0795 -0.4482 0.5591, -0.0552 -0.4412 0.5591, -0.0709 -0.4605 0.5591, -0.0591 -0.4705 0.5591, -0.0172 -0.4751 0.5591, -0.0188 -0.4719 0.5591, -0.0196 -0.4684 0.5591, 0.1021 -0.3971 0.5591, 0.1093 -0.398 0.5591, 0.1206 -0.3776 0.5591, 0.116 -0.4005 0.5591, 0.1318 -0.3834 0.5591, 0.1219 -0.4046 0.5591, 0.1419 -0.3923 0.5591, 0.1263 -0.4096 0.5591, 0.1494 -0.4033 0.5591, 0.1298 -0.4161 0.5591, 0.1538 -0.4149 0.5591, 0.1316 -0.4234 0.5591, 0.1553 -0.4263 0.5591, 0.1317 -0.4267 0.5591, 0.1044 -0.4563 0.5591, 0.1067 -0.4794 0.5591, 0.1112 -0.455 0.5591, 0.1182 -0.4771 0.5591, 0.1179 -0.4519 0.5591, 0.1299 -0.4717 0.5591, 0.1235 -0.4473 0.5591, 0.1399 -0.4637 0.5591, 0.1241 -0.4467 0.5591, 0.1412 -0.4624 0.5591, 0.1282 -0.4408 0.5591, 0.1482 -0.4529 0.5591, 0.1308 -0.434 0.5591, 0.1532 -0.441 0.5591, 0.1552 -0.4286 0.5591, -0.0545 -0.3649 0.5591, -0.0665 -0.3734 0.5591, -0.0533 -0.3931 0.5591, -0.069 -0.3758 0.5591, -0.0586 -0.4007 0.5591, -0.0782 -0.3876 0.5591, -0.0842 -0.4013 0.5591, 0.0097 -0.4645 0.5591, 0.0099 -0.4682 0.5591, 0.031 -0.4798 0.5591, 0.0091 -0.4719 0.5591, 0.0266 -0.4882 0.5591, 0.0074 -0.4752 0.5591, 0.0207 -0.4948 0.5591, 0.005 -0.4779 0.5591, 0.0131 -0.5001 0.5591, 0.0021 -0.48 0.5591, 0.0047 -0.5034 0.5591, -0.0012 -0.4813 0.5591, -0.0045 -0.5045 0.5591, -0.0049 -0.4817 0.5591, -0.006 -0.5044 0.5591, -0.015 -0.503 0.5591, 0.0437 -0.3497 0.5591, 0.046 -0.3496 0.5591, 0.0612 -0.3285 0.5591, 0.0576 -0.3509 0.5591, 0.0803 -0.3352 0.5591, 0.0696 -0.3552 0.5591, 0.0804 -0.3623 0.5591, 0.0734 -0.4665 0.5591, 0.0733 -0.4677 0.5591, 0.0854 -0.4559 0.5591, 0.0736 -0.4703 0.5591, 0.0745 -0.4729 0.5591, 0.0761 -0.4753 0.5591, 0.0778 -0.4768 0.5591, 0.0866 -0.4562 0.5591, 0.0803 -0.4784 0.5591, 0.0851 -0.4559 0.5591, 0.0824 -0.4562 0.5591, 0.0798 -0.4572 0.5591, 0.0774 -0.4588 0.5591, 0.0754 -0.4609 0.5591, 0.074 -0.4636 0.5591, 0.1437 -0.395 0.5551, 0.1494 -0.4033 0.5551, 0.1522 -0.4107 0.5551, 0.1538 -0.4149 0.5551, 0.1553 -0.4263 0.5551, 0.1419 -0.3923 0.5551, 0.1318 -0.3834 0.5551, 0.1206 -0.3776 0.5551, 0.1177 -0.3766 0.5551, 0.1096 -0.3609 0.5551, 0.0972 -0.3466 0.5551, 0.0885 -0.3407 0.5551, 0.0803 -0.3352 0.5551, 0.0612 -0.3285 0.5551, 0.0456 -0.3269 0.5551, 0.0 -0.3417 0.5551, 0.0015 -0.3407 0.5551, 0.0093 -0.3359 0.5551, 0.0268 -0.3292 0.5551, -0.0089 -0.3493 0.5551, -0.0166 -0.3584 0.5551, -0.021 -0.3578 0.5551, -0.0254 -0.3576 0.5551, -0.0404 -0.3595 0.5551, -0.0545 -0.3649 0.5551, -0.0665 -0.3734 0.5551, -0.069 -0.3758 0.5551, -0.0782 -0.3876 0.5551, -0.0815 -0.395 0.5551, -0.0842 -0.4013 0.5551, -0.0859 -0.4107 0.5551, -0.0868 -0.4156 0.5551, -0.0869 -0.4191 0.5551, -0.085 -0.4341 0.5551, -0.0795 -0.4482 0.5551, -0.0709 -0.4605 0.5551, -0.0591 -0.4705 0.5551, -0.0454 -0.4772 0.5551, -0.0406 -0.4787 0.5551, -0.0401 -0.4797 0.5551, -0.0368 -0.4868 0.5551, -0.0311 -0.4938 0.5551, -0.0289 -0.4954 0.5551, -0.0237 -0.4994 0.5551, -0.015 -0.503 0.5551, -0.006 -0.5044 0.5551, -0.0045 -0.5045 0.5551, 0.0334 -0.4665 0.5551, 0.0047 -0.5034 0.5551, 0.0131 -0.5001 0.5551, 0.0199 -0.4954 0.5551, 0.0207 -0.4948 0.5551, 0.0266 -0.4882 0.5551, 0.031 -0.4798 0.5551, 0.0311 -0.4797 0.5551, 0.0333 -0.4704 0.5551, 0.0334 -0.4627 0.5551, 0.0866 -0.4346 0.5551, 0.0748 -0.4145 0.5551, 0.024 -0.4411 0.5551, 0.0173 -0.4351 0.5551, 0.0093 -0.4307 0.5551, 0.0001 -0.4285 0.5551, -0.0045 -0.4282 0.5551, -0.0135 -0.4293 0.5551, -0.0219 -0.4325 0.5551, -0.0297 -0.4379 0.5551, -0.036 -0.4451 0.5551, -0.0402 -0.4532 0.5551, -0.0484 -0.4482 0.5551, -0.0552 -0.4412 0.5551, -0.0598 -0.4334 0.5551, -0.0625 -0.4241 0.5551, -0.063 -0.4183 0.5551, -0.062 -0.4107 0.5551, -0.0618 -0.4092 0.5551, -0.0586 -0.4007 0.5551, -0.0546 -0.395 0.5551, -0.0533 -0.3931 0.5551, -0.0467 -0.3872 0.5551, -0.0382 -0.3828 0.5551, -0.0289 -0.3806 0.5551, -0.025 -0.3804 0.5551, -0.0162 -0.3814 0.5551, -0.0077 -0.3845 0.5551, -0.0049 -0.3861 0.5551, 0.0002 -0.3753 0.5551, 0.0084 -0.3649 0.5551, 0.0188 -0.3569 0.5551, 0.0311 -0.3517 0.5551, 0.0437 -0.3497 0.5551, 0.046 -0.3496 0.5551, 0.0991 -0.3971 0.5551, 0.0987 -0.395 0.5551, 0.0979 -0.3904 0.5551, 0.093 -0.3777 0.5551, 0.0852 -0.3669 0.5551, 0.0804 -0.3623 0.5551, 0.0696 -0.3552 0.5551, 0.0576 -0.3509 0.5551, 0.1021 -0.3971 0.5551, 0.1093 -0.398 0.5551, 0.116 -0.4005 0.5551, 0.1219 -0.4046 0.5551, 0.1263 -0.4096 0.5551, 0.1269 -0.4107 0.5551, 0.1298 -0.4161 0.5551, 0.1316 -0.4234 0.5551, 0.1317 -0.4267 0.5551, 0.1308 -0.434 0.5551, 0.1282 -0.4408 0.5551, 0.1241 -0.4467 0.5551, 0.1235 -0.4473 0.5551, 0.1179 -0.4519 0.5551, 0.1112 -0.455 0.5551, 0.1044 -0.4563 0.5551, 0.0873 -0.4563 0.5551, 0.0866 -0.4562 0.5551, 0.0854 -0.4559 0.5551, 0.0851 -0.4559 0.5551, 0.0824 -0.4562 0.5551, 0.0798 -0.4572 0.5551, 0.0774 -0.4588 0.5551, 0.0754 -0.4609 0.5551, 0.074 -0.4636 0.5551, 0.0734 -0.4665 0.5551, 0.0733 -0.4677 0.5551, 0.0736 -0.4703 0.5551, 0.0745 -0.4729 0.5551, 0.0761 -0.4753 0.5551, 0.0778 -0.4768 0.5551, 0.0803 -0.4784 0.5551, 0.0829 -0.4792 0.5551, 0.0843 -0.4794 0.5551, 0.1067 -0.4794 0.5551, 0.1182 -0.4771 0.5551, 0.1299 -0.4717 0.5551, 0.1399 -0.4637 0.5551, 0.1412 -0.4624 0.5551, 0.1482 -0.4529 0.5551, 0.1532 -0.441 0.5551, 0.1552 -0.4286 0.5551, -0.0049 -0.4521 0.5551, -0.0023 -0.4523 0.5551, 0.0013 -0.4534 0.5551, 0.0044 -0.4554 0.5551, 0.0069 -0.458 0.5551, 0.0087 -0.4611 0.5551, 0.0097 -0.4645 0.5551, 0.0099 -0.4682 0.5551, 0.0091 -0.4719 0.5551, 0.0074 -0.4752 0.5551, 0.005 -0.4779 0.5551, 0.0021 -0.48 0.5551, -0.0012 -0.4813 0.5551, -0.0049 -0.4817 0.5551, -0.0084 -0.4813 0.5551, -0.0118 -0.48 0.5551, -0.0148 -0.4778 0.5551, -0.0172 -0.4751 0.5551, -0.0188 -0.4719 0.5551, -0.0196 -0.4684 0.5551, -0.0195 -0.4647 0.5551, -0.0185 -0.4611 0.5551, -0.0166 -0.4579 0.5551, -0.0148 -0.4559 0.5551, -0.0118 -0.4538 0.5551, -0.0085 -0.4525 0.5551
            ]
        }
        coordIndex [
            0,1,2,-1,3,4,5,-1,6,7,8,-1,8,7,9,-1,5,4,10,-1,11,12,13,-1,14,15,7,-1,7,15,16,-1,7,16,9,-1,9,16,17,-1,18,19,20,-1,20,19,21,-1,20,21,22,-1,22,21,23,-1,22,23,24,-1,24,23,25,-1,24,25,26,-1,26,25,2,-1,26,2,27,-1,28,29,18,-1,18,29,30,-1,18,30,19,-1,31,32,33,-1,34,35,2,-1,2,35,36,-1,2,36,0,-1,6,8,13,-1,13,8,37,-1,13,37,11,-1,38,1,39,-1,39,1,40,-1,39,40,41,-1,31,33,42,-1,42,33,43,-1,42,43,44,-1,44,43,45,-1,44,45,46,-1,4,47,10,-1,10,47,48,-1,10,48,49,-1,49,48,50,-1,49,50,31,-1,31,50,51,-1,31,51,32,-1,17,16,18,-1,18,16,52,-1,18,52,28,-1,53,54,55,-1,46,45,56,-1,56,45,57,-1,56,57,58,-1,59,60,61,-1,61,60,62,-1,61,62,63,-1,63,62,64,-1,63,64,65,-1,66,67,68,-1,68,67,69,-1,68,69,70,-1,70,69,71,-1,70,71,72,-1,72,71,73,-1,72,73,74,-1,74,73,75,-1,74,75,34,-1,34,75,76,-1,34,76,35,-1,38,77,1,-1,1,77,78,-1,1,78,2,-1,2,78,79,-1,2,79,27,-1,65,80,63,-1,63,80,81,-1,63,81,82,-1,82,81,83,-1,82,83,84,-1,84,83,85,-1,84,85,86,-1,86,85,87,-1,86,87,88,-1,88,87,89,-1,88,89,90,-1,90,89,91,-1,90,91,92,-1,92,91,93,-1,55,54,94,-1,94,54,95,-1,94,95,96,-1,96,95,97,-1,96,97,98,-1,98,97,99,-1,98,99,100,-1,100,99,101,-1,100,101,102,-1,102,101,103,-1,102,103,104,-1,104,103,105,-1,104,105,106,-1,106,105,107,-1,106,107,93,-1,93,107,108,-1,93,108,92,-1,5,109,3,-1,3,109,110,-1,3,110,111,-1,111,110,112,-1,111,112,113,-1,113,112,114,-1,113,114,66,-1,66,114,115,-1,66,115,67,-1,12,116,13,-1,13,116,117,-1,13,117,118,-1,118,117,119,-1,118,119,120,-1,120,119,121,-1,120,121,122,-1,122,121,123,-1,122,123,124,-1,124,123,125,-1,124,125,126,-1,126,125,127,-1,126,127,128,-1,128,127,129,-1,128,129,130,-1,130,129,41,-1,130,41,131,-1,131,41,40,-1,57,132,58,-1,58,132,133,-1,58,133,134,-1,134,133,135,-1,134,135,136,-1,136,135,137,-1,136,137,59,-1,59,137,138,-1,59,138,60,-1,139,140,141,-1,141,140,142,-1,142,143,141,-1,141,143,144,-1,141,144,145,-1,55,146,53,-1,53,146,141,-1,53,141,147,-1,147,141,145,-1,141,148,139,-1,139,148,149,-1,139,149,150,-1,150,151,139,-1,139,151,152,-1,139,152,153,-1,154,86,155,-1,155,86,88,-1,155,88,156,-1,156,88,90,-1,156,90,157,-1,157,90,92,-1,157,92,158,-1,154,159,86,-1,86,159,160,-1,86,160,84,-1,84,160,161,-1,84,161,82,-1,82,161,162,-1,82,162,63,-1,63,162,163,-1,63,163,61,-1,61,163,164,-1,61,164,59,-1,59,164,136,-1,136,164,165,-1,165,166,136,-1,136,166,167,-1,136,167,134,-1,134,167,168,-1,134,168,58,-1,169,44,170,-1,170,44,46,-1,170,46,171,-1,171,46,56,-1,171,56,172,-1,172,56,58,-1,172,58,168,-1,44,169,173,-1,44,173,42,-1,42,173,174,-1,42,174,31,-1,31,174,175,-1,31,175,49,-1,49,175,176,-1,49,176,10,-1,10,176,177,-1,10,177,5,-1,5,177,178,-1,5,178,109,-1,109,178,179,-1,109,179,110,-1,110,179,180,-1,110,180,112,-1,115,114,181,-1,181,114,112,-1,181,112,180,-1,181,182,115,-1,115,182,183,-1,115,183,67,-1,67,183,184,-1,184,185,67,-1,67,185,186,-1,67,186,69,-1,69,186,187,-1,69,187,71,-1,71,187,188,-1,71,188,73,-1,73,188,189,-1,73,189,75,-1,75,189,190,-1,75,190,76,-1,76,190,191,-1,76,191,35,-1,35,191,192,-1,35,192,36,-1,36,192,193,-1,36,193,0,-1,193,194,0,-1,0,194,195,-1,0,195,1,-1,1,195,196,-1,1,196,40,-1,196,197,40,-1,40,197,198,-1,40,198,131,-1,131,198,199,-1,131,199,130,-1,130,199,200,-1,130,200,128,-1,201,6,13,-1,128,200,202,-1,128,202,126,-1,126,202,203,-1,126,203,124,-1,124,203,204,-1,124,204,122,-1,204,205,122,-1,122,205,206,-1,122,206,120,-1,120,206,207,-1,120,207,118,-1,118,207,208,-1,118,208,13,-1,13,208,209,-1,13,209,201,-1,7,6,210,-1,210,6,201,-1,14,7,211,-1,211,7,210,-1,15,14,212,-1,212,14,211,-1,16,15,213,-1,213,15,212,-1,16,213,214,-1,16,214,52,-1,52,214,215,-1,52,215,28,-1,28,215,216,-1,28,216,29,-1,29,216,217,-1,29,217,30,-1,30,217,218,-1,30,218,19,-1,19,218,219,-1,19,219,21,-1,21,219,220,-1,21,220,23,-1,23,220,221,-1,23,221,25,-1,25,221,222,-1,25,222,2,-1,2,222,223,-1,2,223,34,-1,34,223,224,-1,34,224,74,-1,74,224,225,-1,74,225,72,-1,72,225,226,-1,72,226,70,-1,70,226,227,-1,70,227,68,-1,68,227,228,-1,68,228,66,-1,66,228,229,-1,66,229,230,-1,231,111,230,-1,230,111,113,-1,230,113,66,-1,231,232,111,-1,111,232,233,-1,111,233,3,-1,3,233,234,-1,3,234,4,-1,4,234,235,-1,4,235,47,-1,47,235,236,-1,47,236,48,-1,48,236,237,-1,48,237,50,-1,50,237,238,-1,50,238,51,-1,51,238,239,-1,51,239,32,-1,32,239,240,-1,32,240,33,-1,33,240,241,-1,33,241,43,-1,43,241,242,-1,43,242,45,-1,45,242,243,-1,45,243,57,-1,57,243,244,-1,57,244,132,-1,132,244,245,-1,132,245,133,-1,246,65,247,-1,247,65,64,-1,247,64,248,-1,248,64,62,-1,248,62,249,-1,249,62,60,-1,249,60,250,-1,250,60,138,-1,250,138,251,-1,251,138,137,-1,251,137,252,-1,252,137,135,-1,252,135,253,-1,253,135,133,-1,253,133,245,-1,80,65,254,-1,254,65,246,-1,80,254,255,-1,80,255,81,-1,81,255,256,-1,81,256,83,-1,83,256,257,-1,83,257,85,-1,85,257,258,-1,85,258,87,-1,87,258,259,-1,87,259,89,-1,259,260,89,-1,89,260,261,-1,89,261,91,-1,91,261,262,-1,91,262,93,-1,93,262,263,-1,93,263,106,-1,106,263,264,-1,106,264,104,-1,104,264,265,-1,104,265,102,-1,102,265,266,-1,102,266,100,-1,100,266,267,-1,100,267,98,-1,98,267,268,-1,98,268,96,-1,96,268,269,-1,96,269,94,-1,55,94,270,-1,270,94,269,-1,55,270,271,-1,55,271,146,-1,146,271,272,-1,146,272,141,-1,141,272,273,-1,141,273,148,-1,148,273,274,-1,148,274,149,-1,149,274,275,-1,149,275,150,-1,150,275,276,-1,150,276,151,-1,151,276,277,-1,151,277,152,-1,152,277,278,-1,152,278,153,-1,153,278,279,-1,153,279,139,-1,139,279,280,-1,139,280,140,-1,140,280,281,-1,140,281,142,-1,142,281,282,-1,142,282,143,-1,143,282,283,-1,143,283,144,-1,144,283,284,-1,144,284,145,-1,145,284,285,-1,145,285,147,-1,147,285,286,-1,147,286,53,-1,53,286,287,-1,53,287,54,-1,95,54,288,-1,288,54,287,-1,95,288,289,-1,95,289,97,-1,97,289,290,-1,97,290,99,-1,99,290,291,-1,99,291,101,-1,101,291,292,-1,101,292,103,-1,103,292,293,-1,103,293,105,-1,105,293,294,-1,105,294,107,-1,107,294,295,-1,107,295,108,-1,108,295,158,-1,108,158,92,-1,17,296,297,-1,17,297,9,-1,9,297,298,-1,9,298,8,-1,8,298,299,-1,8,299,37,-1,37,299,300,-1,37,300,11,-1,11,300,301,-1,11,301,12,-1,12,301,302,-1,12,302,116,-1,116,302,303,-1,116,303,117,-1,117,303,304,-1,117,304,119,-1,119,304,305,-1,119,305,121,-1,121,305,306,-1,121,306,123,-1,123,306,307,-1,123,307,125,-1,125,307,308,-1,125,308,127,-1,127,308,309,-1,127,309,129,-1,129,309,310,-1,129,310,41,-1,41,310,311,-1,41,311,39,-1,39,311,312,-1,39,312,38,-1,38,312,313,-1,38,313,77,-1,77,313,314,-1,77,314,78,-1,78,314,315,-1,78,315,79,-1,79,315,316,-1,79,316,27,-1,27,316,317,-1,27,317,26,-1,26,317,318,-1,26,318,24,-1,24,318,319,-1,24,319,22,-1,22,319,320,-1,22,320,20,-1,20,320,321,-1,20,321,18,-1,18,321,296,-1,18,296,17,-1,
        ]
    }
}
Shape{
    appearance Appearance {
        material  Material 	{
            diffuseColor 1.0 1.0 1.0
            specularColor 0.5019607843137255 0.5019607843137255 0.5019607843137255
            ambientIntensity 1.0
            transparency 0.0
            shininess 0.5
        }
    }
    geometry IndexedFaceSet {
        ccw TRUE
        solid FALSE
        coord DEF co Coordinate {
            point [
                -0.0049 -0.4817 0.5551, -0.0148 -0.4559 0.5551, -0.0166 -0.4579 0.5551, -0.0049 -0.4521 0.5551, -0.0023 -0.4523 0.5551, -0.0012 -0.4813 0.5551, -0.0085 -0.4525 0.5551, -0.0118 -0.4538 0.5551, 0.005 -0.4779 0.5551, 0.0069 -0.458 0.5551, 0.0044 -0.4554 0.5551, -0.0188 -0.4719 0.5551, -0.0172 -0.4751 0.5551, -0.0148 -0.4778 0.5551, 0.0021 -0.48 0.5551, 0.0013 -0.4534 0.5551, -0.0185 -0.4611 0.5551, -0.0195 -0.4647 0.5551, -0.0196 -0.4684 0.5551, -0.0118 -0.48 0.5551, -0.0084 -0.4813 0.5551, 0.0091 -0.4719 0.5551, 0.0099 -0.4682 0.5551, 0.0074 -0.4752 0.5551, 0.0097 -0.4645 0.5551, 0.0087 -0.4611 0.5551
            ]
        }
        coordIndex [
            0,1,2,-1,3,0,4,-1,4,0,5,-1,3,6,0,-1,0,6,7,-1,0,7,1,-1,8,9,10,-1,11,12,2,-1,2,12,13,-1,5,14,4,-1,4,14,8,-1,4,8,15,-1,15,8,10,-1,16,17,2,-1,2,17,18,-1,2,18,11,-1,13,19,2,-1,2,19,20,-1,2,20,0,-1,21,22,23,-1,23,22,24,-1,23,24,8,-1,8,24,25,-1,8,25,9,-1,
        ]
    }
}