#VRML V2.0 utf8
# 3D model generated by easyeda2kicad.py (https://github.com/uPesy/easyeda2kicad.py)

Shape{
    appearance Appearance {
        material  Material 	{
            diffuseColor 0.6666666666666666 0.6666666666666666 0.6666666666666666
            specularColor 0.4666666666666667 0.4666666666666667 0.4666666666666667
            ambientIntensity 0.6667
            transparency 0.0
            shininess 0.5
        }
    }
    geometry IndexedFaceSet {
        ccw TRUE
        solid FALSE
        coord DEF co Coordinate {
            point [
                0.0648 4.4776 1.185, 0.0648 4.3659 1.185, 0.115 4.3659 1.185, 0.3977 4.2776 1.185, 0.4376 4.2776 1.185, 0.4376 4.3135 1.185, 0.2365 4.1507 1.185, 0.2325 4.1521 1.185, 0.2325 4.1504 1.185, 0.2627 4.1508 1.185, 0.2595 4.1504 1.185, 0.2901 4.1504 1.185, -1.378 -3.3465 1.185, -1.378 -4.5669 1.185, -0.0032 -4.5669 1.185, 0.5237 4.386 1.185, 0.4774 4.386 1.185, 0.5365 4.3515 1.185, 0.4774 4.3135 1.185, 0.5545 4.3515 1.185, 2.7165 4.3135 1.185, 2.7165 4.4787 1.185, 0.5065 4.4776 1.185, 0.4774 4.4787 1.185, 0.4891 4.4776 1.185, 0.4774 4.4469 1.185, 0.4411 4.3515 1.185, 0.4591 4.3515 1.185, 0.4712 4.386 1.185, 0.2325 4.4787 1.185, 0.1976 4.4787 1.185, 0.2021 4.4783 1.185, 0.2145 4.4746 1.185, 0.2145 4.4576 1.185, 0.2325 4.3135 1.185, 0.1726 4.3497 1.185, 0.1589 4.3524 1.185, 0.1258 4.3135 1.185, 0.2145 4.3723 1.185, 0.149 4.4494 1.185, 0.143 4.4405 1.185, 0.1372 4.412 1.185, 0.2019 4.3667 1.185, 0.1876 4.3641 1.185, 0.139 4.4293 1.185, 0.1372 4.4131 1.185, 0.2145 4.3567 1.185, 0.2124 4.3557 1.185, 0.1988 4.3512 1.185, 0.1796 4.3494 1.185, 0.1469 4.3579 1.185, 0.1363 4.3666 1.185, 0.1337 4.3696 1.185, 0.2001 4.4633 1.185, 0.1848 4.465 1.185, 0.1792 4.4648 1.185, 0.1684 4.4625 1.185, 0.1392 4.3965 1.185, 0.1432 4.3862 1.185, 0.1496 4.3772 1.185, 0.161 4.3685 1.185, 0.1702 4.3652 1.185, 0.182 4.3639 1.185, 0.2129 4.4584 1.185, 0.1585 4.4578 1.185, 0.1505 4.451 1.185, 0.1526 4.3742 1.185, 0.1858 4.4797 1.185, 0.2325 4.6573 1.185, 0.1847 4.4797 1.185, 0.1258 4.6573 1.185, 0.1748 4.4787 1.185, 0.1258 4.4787 1.185, 0.1547 4.4732 1.185, 0.1682 4.4779 1.185, 0.1294 4.4495 1.185, 0.1383 4.4612 1.185, 0.1423 4.4649 1.185, 0.1266 4.3807 1.185, 0.1258 4.3832 1.185, 0.1182 4.3135 1.185, 0.1182 4.4787 1.185, 0.1233 4.4356 1.185, 0.1258 4.4412 1.185, 0.1219 4.3945 1.185, 0.1201 4.4122 1.185, 0.1204 4.4192 1.185, 0.3643 4.2415 1.185, 0.3807 4.2415 1.185, 0.3892 4.3135 1.185, 0.3892 4.1504 1.185, 0.3354 4.1738 1.185, 0.3373 4.1664 1.185, 0.3378 4.1664 1.185, 0.2942 4.2415 1.185, 0.2901 4.3135 1.185, 0.3195 4.1772 1.185, 0.3195 4.3135 1.185, 0.3119 4.2415 1.185, 0.3195 4.2196 1.185, 0.3195 4.1504 1.185, 0.329 4.1504 1.185, 0.3295 4.1517 1.185, 0.3195 4.1296 1.185, 0.3195 4.1296 1.185, 0.3226 4.1353 1.185, 0.2901 4.1005 1.185, 0.2975 4.1103 1.185, 0.2975 4.1244 1.185, 0.3064 4.1226 1.185, 0.3102 4.123 1.185, 0.3195 4.1119 1.185, 0.314 4.1098 1.185, 0.3195 4.1005 1.185, 0.3077 4.1091 1.185, 0.3042 4.1092 1.185, 0.3137 4.1243 1.185, 0.3166 4.1263 1.185, 0.3398 4.1379 1.185, 0.3326 4.1239 1.185, 0.3892 4.1005 1.185, 0.3447 4.1504 1.185, 0.3269 4.117 1.185, 0.3258 4.116 1.185, 0.3203 4.1122 1.185, 2.7165 -3.3465 1.185, 2.7165 4.1005 1.185, 1.378 -3.3465 1.185, 0.4774 4.1005 1.185, -0.4104 4.0946 1.185, -1.6717 -3.3465 1.185, -0.4322 4.0919 1.185, -2.7165 -3.3465 1.185, -1.6717 4.1005 1.185, 0.2807 4.1909 1.185, 0.2837 4.1865 1.185, 0.2817 4.2243 1.185, 0.2833 4.1646 1.185, 0.2804 4.1605 1.185, 0.2307 4.2322 1.185, 0.2325 4.2338 1.185, 0.2354 4.2364 1.185, 0.24 4.2392 1.185, 0.2853 4.1819 1.185, 0.286 4.176 1.185, 0.2852 4.1696 1.185, 0.2487 4.2423 1.185, 0.2603 4.2436 1.185, 0.2817 4.2396 1.185, 0.269 4.243 1.185, 0.2758 4.1565 1.185, 0.2713 4.1538 1.185, 0.2588 4.2308 1.185, 0.2541 4.2304 1.185, 0.2415 4.2186 1.185, 0.2499 4.2293 1.185, 0.2463 4.2274 1.185, 0.2417 4.2165 1.185, 0.2423 4.2141 1.185, 0.2435 4.212 1.185, 0.245 4.2103 1.185, 0.2506 4.2068 1.185, 0.2692 4.2296 1.185, 0.2603 4.2025 1.185, 0.2781 4.2263 1.185, 0.2665 4.2001 1.185, 0.2769 4.1942 1.185, 0.244 4.2253 1.185, 0.2426 4.2233 1.185, 0.2418 4.2212 1.185, 0.1346 4.1899 1.185, 0.1378 4.1944 1.185, 0.1402 4.2199 1.185, 0.2252 4.1709 1.185, 0.2038 4.2094 1.185, 0.2252 4.1546 1.185, 0.2038 4.1515 1.185, 0.1801 4.1563 1.185, 0.1745 4.1526 1.185, 0.188 4.1515 1.185, 0.1686 4.1504 1.185, 0.1445 4.1527 1.185, 0.1258 4.1504 1.185, 0.1505 4.1504 1.185, 0.1508 4.1504 1.185, 0.1341 4.1631 1.185, 0.1322 4.1684 1.185, 0.1314 4.1756 1.185, 0.1427 4.1986 1.185, 0.1494 4.2021 1.185, 0.1503 4.2264 1.185, 0.1613 4.205 1.185, 0.1751 4.2302 1.185, 0.1697 4.2308 1.185, 0.1602 4.2298 1.185, 0.1391 4.1564 1.185, 0.1374 4.1582 1.185, 0.2313 4.1671 1.185, 0.2325 4.1667 1.185, 0.2325 4.2002 1.185, 0.188 4.1654 1.185, 0.1876 4.1654 1.185, 0.1851 4.1617 1.185, 0.1315 4.1775 1.185, 0.1325 4.1843 1.185, 0.2025 4.2215 1.185, 0.2259 4.2111 1.185, 0.2259 4.2229 1.185, 0.2278 4.228 1.185, 0.1968 4.2337 1.185, 0.1402 4.2352 1.185, 0.144 4.2374 1.185, 0.1559 4.2418 1.185, 0.2 4.2286 1.185, 0.2253 4.2172 1.185, 0.1712 4.2436 1.185, 0.1807 4.2428 1.185, 0.1873 4.2407 1.185, 0.188 4.2087 1.185, 0.1874 4.2157 1.185, 0.1858 4.2213 1.185, 0.1839 4.2246 1.185, 0.2323 4.2003 1.185, 0.2298 4.203 1.185, 0.2277 4.2063 1.185, 0.1926 4.2377 1.185, 0.1816 4.2271 1.185, 0.1787 4.2289 1.185, 0.2412 4.1634 1.185, 0.2492 4.1911 1.185, 0.2398 4.1954 1.185, 0.2512 4.1622 1.185, 0.2519 4.1622 1.185, 0.2596 4.1867 1.185, 0.2599 4.1632 1.185, 0.2698 4.1744 1.185, 0.2696 4.1764 1.185, 0.264 4.1646 1.185, 0.2655 4.1655 1.185, 0.2673 4.1671 1.185, 0.2687 4.1692 1.185, 0.2695 4.1714 1.185, 0.2689 4.1789 1.185, 0.2677 4.1809 1.185, 0.2657 4.183 1.185, 0.2392 4.1504 1.185, 0.2325 4.1005 1.185, 0.2496 4.1493 1.185, 0.3007 4.1233 1.185, 0.16 4.1493 1.185, 0.1258 4.1005 1.185, 0.1681 4.1502 1.185, -0.2319 4.4917 1.185, -0.2126 4.4787 1.185, -0.0032 4.4787 1.185, -0.192 4.4648 1.185, -0.1623 4.4305 1.185, -0.062 4.3135 1.185, -0.0032 4.3135 1.185, -0.0699 4.3333 1.185, -0.0882 4.3588 1.185, -0.1126 4.3793 1.185, -0.1435 4.394 1.185, -0.1393 4.3926 1.185, -0.3139 4.5114 1.185, -0.2769 4.5076 1.185, -0.0032 4.6573 1.185, -0.3582 4.506 1.185, -1.6717 4.6573 1.185, -0.3996 4.49 1.185, -0.4179 4.4787 1.185, -1.6717 4.4787 1.185, -0.4215 4.4765 1.185, -0.6062 4.3681 1.185, -0.5846 4.3958 1.185, -0.5169 4.4344 1.185, -0.4815 4.4388 1.185, -0.4425 4.4584 1.185, -0.4712 4.4383 1.185, -0.4609 4.437 1.185, -0.5786 4.4015 1.185, -0.5501 4.4215 1.185, -0.5612 4.172 1.185, -0.5891 4.1959 1.185, -1.6717 4.1504 1.185, -0.5288 4.1562 1.185, -0.6095 4.225 1.185, -0.6224 4.2584 1.185, -1.6717 4.3135 1.185, -0.6268 4.2936 1.185, -0.6265 4.3021 1.185, -0.6245 4.3135 1.185, -0.6205 4.3358 1.185, -0.5174 4.1528 1.185, -0.5163 4.1504 1.185, -0.5084 4.1335 1.185, -0.495 4.1171 1.185, -0.4356 4.0919 1.185, -0.4567 4.0952 1.185, -0.4693 4.1005 1.185, -0.4774 4.1039 1.185, -0.3483 4.1504 1.185, -0.3484 4.1498 1.185, -0.0032 4.1005 1.185, -0.3591 4.1299 1.185, -0.3726 4.1147 1.185, -0.3905 4.1023 1.185, -0.3951 4.1005 1.185, -0.2337 4.2033 1.185, -0.2276 4.2057 1.185, -0.2171 4.2568 1.185, -0.365 4.2416 1.185, -0.2449 4.3043 1.185, -0.3807 4.2559 1.185, -0.3998 4.2661 1.185, -0.2393 4.1994 1.185, -0.0701 4.2162 1.185, -0.088 4.1914 1.185, -0.0032 4.1504 1.185, -0.1108 4.2833 1.185, -0.115 4.3006 1.185, -0.1219 4.3135 1.185, -0.5681 4.3135 1.185, -0.0589 4.3059 1.185, -0.0548 4.2765 1.185, -0.0589 4.2446 1.185, -0.2206 4.2066 1.185, -0.2198 4.2066 1.185, -0.2171 4.206 1.185, -0.5627 4.2594 1.185, -0.5522 4.2415 1.185, -0.5066 4.2321 1.185, -0.5361 4.225 1.185, -0.5165 4.2129 1.185, -0.4735 4.2618 1.185, -0.4918 4.2491 1.185, -0.5703 4.2954 1.185, -0.5692 4.2813 1.185, -0.4537 4.2694 1.185, -0.4322 4.2721 1.185, -0.4214 4.2714 1.185, -0.1123 4.1708 1.185, -0.1397 4.1574 1.185, -0.1695 4.151 1.185, -0.2484 4.1788 1.185, -0.2482 4.1824 1.185, -0.3426 4.1905 1.185, -0.2464 4.1892 1.185, -0.243 4.1953 1.185, -0.2224 4.151 1.185, -0.2275 4.1519 1.185, -0.2334 4.1542 1.185, -0.2392 4.1583 1.185, -0.2413 4.1604 1.185, -0.2452 4.1661 1.185, -0.2476 4.1722 1.185, -0.3431 4.1719 1.185, -0.3426 4.1815 1.185, -0.1273 4.2297 1.185, -0.1178 4.2439 1.185, -0.1121 4.2601 1.185, -0.1104 4.2757 1.185, -0.2153 4.2057 1.185, -0.1749 4.2057 1.185, -0.1646 4.2073 1.185, -0.1481 4.2132 1.185, -0.1339 4.2229 1.185, -0.207 4.3997 1.185, -0.2272 4.4238 1.185, -0.4331 4.3716 1.185, -0.2292 4.4256 1.185, -0.2544 4.4431 1.185, -0.4194 4.4 1.185, -0.4392 4.3749 1.185, -0.4593 4.3823 1.185, -0.1649 4.3439 1.185, -0.1803 4.3456 1.185, -0.1875 4.3456 1.185, -0.1931 4.3708 1.185, -0.1233 4.3161 1.185, -0.135 4.3289 1.185, -0.1492 4.3382 1.185, -0.5124 4.3792 1.185, -0.5323 4.3685 1.185, -0.4902 4.3845 1.185, -0.5475 4.355 1.185, -0.5599 4.3371 1.185, -0.3993 4.424 1.185, -0.2825 4.4539 1.185, -0.3753 4.4415 1.185, -0.313 4.4576 1.185, -0.3461 4.4534 1.185, -0.4806 4.385 1.185, -0.5676 4.3172 1.185, 0.4376 4.4787 1.185, 0.3892 4.4787 1.185, 0.3892 4.4746 1.185, 0.4337 4.408 1.185, 0.4306 4.3933 1.185, 0.4244 4.3803 1.185, 0.4151 4.3692 1.185, 0.4117 4.3663 1.185, 0.4026 4.4695 1.185, 0.4151 4.4609 1.185, 0.4202 4.4557 1.185, 0.4279 4.4445 1.185, 0.4323 4.4322 1.185, 0.4341 4.4162 1.185, 0.3992 4.3584 1.185, 0.3892 4.355 1.185, 0.3841 4.3533 1.185, 0.3661 4.3515 1.185, 0.3397 4.1737 1.185, 0.3385 4.1695 1.185, 0.3314 4.3515 1.185, 0.3314 4.4776 1.185, 0.3195 4.4787 1.185, 0.3674 4.4776 1.185, 0.3875 4.4753 1.185, 0.414 4.2083 1.185, 0.414 4.1659 1.185, 0.4376 4.2083 1.185, 0.4376 4.1659 1.185, 0.4591 4.2083 1.185, 0.4626 4.2776 1.185, 0.4626 4.2631 1.185, 0.4655 4.1659 1.185, 0.4774 4.1504 1.185, 0.4655 4.1515 1.185, 0.4376 4.1504 1.185, 0.414 4.2631 1.185, 0.414 4.2227 1.185, 0.4376 4.2631 1.185, 0.4376 4.2227 1.185, 0.4591 4.2227 1.185, 0.4376 4.1515 1.185, 0.3977 4.1515 1.185, 0.3047 4.4776 1.185, 0.2901 4.4787 1.185, 0.3047 4.4631 1.185, 0.2561 4.4631 1.185, 0.2561 4.4227 1.185, 0.2901 4.4631 1.185, 0.2901 4.4227 1.185, 0.3011 4.4227 1.185, 0.3011 4.4083 1.185, 0.2561 4.4083 1.185, 0.2561 4.3659 1.185, 0.2901 4.4083 1.185, 0.2901 4.3659 1.185, 0.3076 4.3659 1.185, 0.3076 4.3515 1.185, 0.2901 4.3515 1.185, 0.2398 4.3515 1.185, 0.2398 4.4776 1.185, 0.2901 4.4776 1.185, -1.6717 4.8031 1.185, -0.0032 4.8031 1.185, 0.1182 4.8031 1.185, 0.1182 4.6573 1.185, 0.1258 4.8031 1.185, 0.2325 4.8031 1.185, 0.2901 4.8031 1.185, 0.2901 4.6573 1.185, 0.3195 4.8031 1.185, 0.3195 4.6573 1.185, 0.3892 4.8031 1.185, 0.3892 4.6573 1.185, 0.4376 4.8031 1.185, 0.4376 4.6573 1.185, 0.4774 4.8031 1.185, 0.4774 4.6573 1.185, 2.7165 4.8031 1.185, 2.7165 4.6573 1.185, 0.0485 4.3515 1.185, 0.0485 4.4776 1.185, 0.115 4.3515 1.185, 0.617 4.1515 1.185, 0.599 4.1515 1.185, 0.6944 4.1515 1.185, 0.6816 4.186 1.185, 0.6291 4.186 1.185, 0.7124 4.1515 1.185, 2.7165 4.1504 1.185, 0.6644 4.2776 1.185, 0.647 4.2776 1.185, 0.5902 4.2322 1.185, 0.592 4.2161 1.185, 0.5916 4.208 1.185, 0.5885 4.1932 1.185, 0.5823 4.1802 1.185, 0.573 4.1691 1.185, 0.5696 4.1662 1.185, 0.5571 4.1583 1.185, 0.4893 4.2776 1.185, 0.4893 4.1515 1.185, 0.524 4.1515 1.185, 0.542 4.1533 1.185, 0.573 4.2609 1.185, 0.5781 4.2557 1.185, 0.5858 4.2445 1.185, 0.5253 4.2776 1.185, 0.5454 4.2752 1.185, 0.5605 4.2695 1.185, 0.1182 4.1504 1.185, 0.0648 4.2083 1.185, 0.0648 4.1659 1.185, 0.1098 4.2083 1.185, 0.1163 4.1659 1.185, 0.1098 4.2227 1.185, 0.1134 4.2776 1.185, 0.1134 4.2631 1.185, 0.0485 4.2776 1.185, 0.0485 4.1515 1.185, 0.0648 4.2631 1.185, 0.0648 4.2227 1.185, 0.1163 4.1515 1.185, 0.4376 4.1005 1.185, 0.1182 4.1005 1.185, -2.7165 4.1005 1.185, -2.7165 4.1504 1.185, -2.7165 4.3135 1.185, -2.7165 4.4787 1.185, -2.7165 4.6573 1.185, -2.7165 4.8031 1.185, 1.378 -4.5669 1.185, 0.4774 -4.5669 1.185, 0.4376 -4.5669 1.185, 0.3892 -4.5669 1.185, 0.3195 -4.5669 1.185, 0.2901 -4.5669 1.185, 0.2325 -4.5669 1.185, 0.1258 -4.5669 1.185, 0.1182 -4.5669 1.185
            ]
        }
        coordIndex [
            0,1,2,-1,3,4,5,-1,6,7,8,-1,9,10,11,-1,12,13,14,-1,15,16,17,-1,17,16,18,-1,17,18,19,-1,20,21,22,-1,22,21,23,-1,22,23,24,-1,24,23,25,-1,26,5,27,-1,27,5,18,-1,27,18,28,-1,28,18,16,-1,29,30,31,-1,31,32,29,-1,29,32,33,-1,29,33,34,-1,35,36,37,-1,38,39,40,-1,38,41,42,-1,42,41,43,-1,40,44,38,-1,38,44,45,-1,38,45,41,-1,38,46,34,-1,34,46,47,-1,34,47,48,-1,35,37,49,-1,36,50,37,-1,37,50,51,-1,37,51,52,-1,53,54,38,-1,38,54,55,-1,38,55,56,-1,57,58,59,-1,60,61,41,-1,41,61,62,-1,41,62,43,-1,34,33,38,-1,38,33,63,-1,38,63,53,-1,56,64,38,-1,38,64,65,-1,38,65,39,-1,57,59,41,-1,41,59,66,-1,41,66,60,-1,67,68,69,-1,69,68,70,-1,69,70,71,-1,72,73,74,-1,75,76,72,-1,72,76,77,-1,72,77,73,-1,52,78,37,-1,37,78,79,-1,37,79,80,-1,81,82,72,-1,72,82,83,-1,72,83,75,-1,79,84,80,-1,80,84,85,-1,80,85,81,-1,81,85,86,-1,81,86,82,-1,87,88,89,-1,89,88,90,-1,91,92,93,-1,94,95,11,-1,94,11,96,-1,95,94,97,-1,97,94,98,-1,97,98,99,-1,11,100,96,-1,96,100,101,-1,96,101,102,-1,103,104,100,-1,100,104,105,-1,100,105,101,-1,106,107,108,-1,100,109,110,-1,111,112,113,-1,113,112,114,-1,113,114,106,-1,106,114,115,-1,106,115,107,-1,110,116,100,-1,100,116,117,-1,100,117,103,-1,118,119,120,-1,118,120,121,-1,119,122,120,-1,120,122,123,-1,120,123,113,-1,113,123,124,-1,113,124,111,-1,125,126,127,-1,127,126,128,-1,12,129,130,-1,130,129,131,-1,132,130,133,-1,134,135,136,-1,11,137,138,-1,139,140,34,-1,34,140,141,-1,34,141,142,-1,143,144,11,-1,11,144,145,-1,11,145,137,-1,142,146,34,-1,34,146,147,-1,34,147,95,-1,135,143,136,-1,136,143,11,-1,136,11,148,-1,148,11,95,-1,148,95,149,-1,149,95,147,-1,138,150,11,-1,11,150,151,-1,11,151,9,-1,152,153,154,-1,154,153,155,-1,154,155,156,-1,154,157,152,-1,152,157,158,-1,152,158,159,-1,159,160,152,-1,152,160,161,-1,152,161,162,-1,162,161,163,-1,162,163,164,-1,164,163,165,-1,164,165,136,-1,136,165,166,-1,136,166,134,-1,167,168,156,-1,156,168,169,-1,156,169,154,-1,170,171,172,-1,173,174,175,-1,175,174,176,-1,177,178,179,-1,179,178,180,-1,179,180,176,-1,181,182,183,-1,183,182,184,-1,185,186,182,-1,182,186,187,-1,171,188,172,-1,172,188,189,-1,172,189,190,-1,190,189,191,-1,192,193,191,-1,191,193,194,-1,191,194,190,-1,181,195,182,-1,182,195,196,-1,182,196,185,-1,197,198,199,-1,200,201,179,-1,179,201,202,-1,179,202,177,-1,37,203,204,-1,205,174,206,-1,207,208,209,-1,170,172,204,-1,204,172,210,-1,204,210,37,-1,37,210,211,-1,37,211,212,-1,197,199,173,-1,209,213,207,-1,207,213,205,-1,207,205,214,-1,214,205,206,-1,212,215,37,-1,37,215,216,-1,37,216,217,-1,218,219,191,-1,191,219,220,-1,191,220,221,-1,199,222,173,-1,173,222,223,-1,173,223,174,-1,174,223,224,-1,174,224,206,-1,48,49,34,-1,34,49,37,-1,34,37,139,-1,139,37,217,-1,139,217,208,-1,208,217,225,-1,208,225,209,-1,221,226,191,-1,191,226,227,-1,191,227,192,-1,228,229,198,-1,198,229,230,-1,198,230,199,-1,228,231,229,-1,229,231,232,-1,229,232,233,-1,233,232,234,-1,233,235,236,-1,234,237,233,-1,233,237,238,-1,233,238,239,-1,239,240,233,-1,233,240,241,-1,233,241,235,-1,236,242,233,-1,233,242,243,-1,233,243,244,-1,6,8,245,-1,245,8,246,-1,245,246,247,-1,247,246,10,-1,10,246,106,-1,10,106,11,-1,11,106,108,-1,11,108,100,-1,100,108,248,-1,100,248,109,-1,249,250,251,-1,251,250,246,-1,251,246,180,-1,180,246,8,-1,180,8,176,-1,176,8,7,-1,176,7,175,-1,252,253,254,-1,254,253,255,-1,254,255,256,-1,257,258,259,-1,259,258,254,-1,259,254,260,-1,260,254,261,-1,256,262,254,-1,254,262,263,-1,254,263,261,-1,264,265,266,-1,264,266,267,-1,267,266,268,-1,267,268,269,-1,269,268,270,-1,270,268,271,-1,270,271,272,-1,271,273,274,-1,271,275,272,-1,272,275,276,-1,272,276,277,-1,277,276,278,-1,277,278,279,-1,274,280,271,-1,271,280,281,-1,271,281,275,-1,282,283,284,-1,282,284,285,-1,283,286,284,-1,284,286,287,-1,284,287,288,-1,288,287,289,-1,289,290,288,-1,288,290,291,-1,288,291,271,-1,271,291,292,-1,271,292,273,-1,293,285,294,-1,294,285,284,-1,294,284,295,-1,295,284,296,-1,131,297,130,-1,130,297,298,-1,130,298,133,-1,133,298,299,-1,133,299,284,-1,284,299,300,-1,284,300,296,-1,301,302,303,-1,303,302,304,-1,304,305,303,-1,303,305,306,-1,303,306,307,-1,308,309,310,-1,311,312,313,-1,313,312,314,-1,308,310,315,-1,316,317,318,-1,319,320,312,-1,312,320,321,-1,312,321,322,-1,257,323,258,-1,258,323,324,-1,258,324,318,-1,318,324,325,-1,318,325,316,-1,309,326,310,-1,310,326,327,-1,310,327,328,-1,329,330,331,-1,331,330,332,-1,331,332,333,-1,334,322,335,-1,335,322,336,-1,335,336,331,-1,331,336,337,-1,331,337,329,-1,334,338,322,-1,322,338,339,-1,322,339,312,-1,312,339,340,-1,312,340,314,-1,317,341,318,-1,318,341,342,-1,318,342,343,-1,344,345,346,-1,346,345,347,-1,346,347,310,-1,310,347,348,-1,310,348,315,-1,349,350,301,-1,350,351,301,-1,301,351,352,-1,301,352,353,-1,353,354,301,-1,301,354,355,-1,301,355,356,-1,356,355,344,-1,356,344,357,-1,357,344,346,-1,358,359,310,-1,310,359,360,-1,310,360,312,-1,312,360,361,-1,312,361,319,-1,328,362,310,-1,310,362,363,-1,310,363,364,-1,364,365,310,-1,310,365,366,-1,310,366,358,-1,367,368,369,-1,368,370,369,-1,369,370,371,-1,369,371,372,-1,321,369,322,-1,322,369,373,-1,322,373,374,-1,375,376,321,-1,321,376,377,-1,321,377,369,-1,369,377,378,-1,369,378,367,-1,379,380,321,-1,321,380,381,-1,321,381,375,-1,382,383,384,-1,384,383,385,-1,384,385,386,-1,372,371,387,-1,387,371,388,-1,387,388,389,-1,389,388,390,-1,389,390,391,-1,374,392,322,-1,322,392,384,-1,322,384,393,-1,393,384,386,-1,394,395,396,-1,397,398,5,-1,398,399,5,-1,5,399,400,-1,5,400,401,-1,396,402,394,-1,394,402,403,-1,394,403,404,-1,404,405,394,-1,394,405,406,-1,394,406,407,-1,25,23,26,-1,26,23,394,-1,26,394,5,-1,5,394,407,-1,5,407,397,-1,408,409,89,-1,89,409,410,-1,410,411,89,-1,89,411,97,-1,89,97,87,-1,87,97,99,-1,87,99,412,-1,412,99,91,-1,412,91,413,-1,413,91,93,-1,414,415,416,-1,416,415,417,-1,416,417,395,-1,395,417,418,-1,395,418,396,-1,419,420,421,-1,421,420,422,-1,421,422,423,-1,5,4,18,-1,18,4,424,-1,18,424,425,-1,18,426,427,-1,427,426,428,-1,427,428,429,-1,430,431,432,-1,432,431,433,-1,432,433,425,-1,425,433,434,-1,425,434,18,-1,18,434,423,-1,18,423,426,-1,426,423,422,-1,428,435,429,-1,429,435,436,-1,429,436,90,-1,90,436,3,-1,90,3,89,-1,89,3,5,-1,89,5,408,-1,408,5,401,-1,437,416,438,-1,411,414,97,-1,97,414,416,-1,97,416,439,-1,439,416,437,-1,440,441,442,-1,442,441,443,-1,442,443,439,-1,439,443,444,-1,439,444,97,-1,97,444,445,-1,446,447,448,-1,448,447,449,-1,448,449,445,-1,445,449,450,-1,445,450,97,-1,97,450,451,-1,97,451,95,-1,95,451,452,-1,95,452,34,-1,34,452,453,-1,34,453,29,-1,29,453,454,-1,29,454,438,-1,438,454,455,-1,438,455,437,-1,456,268,457,-1,457,268,266,-1,457,266,458,-1,458,266,459,-1,458,459,460,-1,460,459,70,-1,460,70,461,-1,461,70,68,-1,461,68,462,-1,462,68,463,-1,462,463,464,-1,464,463,465,-1,464,465,466,-1,466,465,467,-1,466,467,468,-1,468,467,469,-1,468,469,470,-1,470,469,471,-1,470,471,472,-1,472,471,473,-1,67,30,68,-1,68,30,29,-1,68,29,463,-1,463,29,438,-1,463,438,465,-1,465,438,416,-1,465,416,467,-1,467,416,395,-1,467,395,469,-1,469,395,394,-1,469,394,471,-1,471,394,23,-1,471,23,473,-1,473,23,21,-1,265,252,266,-1,266,252,254,-1,266,254,459,-1,459,254,81,-1,459,81,70,-1,70,81,72,-1,70,72,71,-1,71,72,74,-1,474,475,254,-1,254,475,0,-1,254,0,81,-1,81,0,2,-1,81,2,80,-1,80,2,476,-1,80,476,258,-1,258,476,474,-1,258,474,254,-1,477,478,427,-1,479,480,481,-1,481,477,479,-1,479,477,427,-1,479,427,482,-1,482,427,483,-1,482,483,484,-1,484,483,20,-1,22,19,20,-1,20,19,18,-1,20,18,484,-1,484,18,485,-1,486,487,485,-1,485,487,488,-1,485,488,478,-1,478,488,489,-1,478,489,490,-1,490,491,478,-1,478,491,492,-1,478,492,493,-1,494,18,495,-1,495,18,427,-1,495,427,496,-1,496,427,478,-1,496,478,497,-1,497,478,493,-1,498,499,485,-1,485,499,500,-1,485,500,486,-1,494,501,18,-1,18,501,502,-1,18,502,485,-1,485,502,503,-1,485,503,498,-1,80,504,37,-1,37,504,182,-1,37,182,203,-1,203,182,187,-1,505,506,507,-1,507,506,508,-1,507,508,509,-1,80,510,511,-1,510,80,512,-1,512,80,258,-1,512,258,513,-1,513,258,318,-1,513,318,504,-1,514,515,511,-1,511,515,509,-1,511,509,80,-1,80,509,508,-1,80,508,504,-1,504,508,516,-1,504,516,513,-1,88,121,90,-1,90,121,120,-1,90,120,429,-1,429,120,517,-1,429,517,427,-1,427,517,128,-1,427,128,483,-1,483,128,126,-1,249,184,250,-1,250,184,182,-1,250,182,518,-1,518,182,504,-1,518,504,303,-1,303,504,318,-1,303,318,301,-1,301,318,343,-1,301,343,349,-1,132,133,519,-1,519,133,284,-1,519,284,520,-1,520,284,288,-1,520,288,521,-1,521,288,271,-1,521,271,522,-1,522,271,268,-1,522,268,523,-1,523,268,456,-1,523,456,524,-1,525,127,526,-1,526,127,128,-1,526,128,527,-1,527,128,517,-1,527,517,528,-1,528,517,120,-1,528,120,529,-1,529,120,113,-1,529,113,530,-1,530,113,106,-1,530,106,531,-1,531,106,246,-1,531,246,532,-1,532,246,250,-1,532,250,533,-1,533,250,518,-1,533,518,14,-1,14,518,303,-1,14,303,12,-1,12,303,307,-1,12,307,129,-1,
        ]
    }
}
Shape{
    appearance Appearance {
        material  Material 	{
            diffuseColor 0.2 0.4627450980392157 0.23137254901960785
            specularColor 0.01568627450980392 0.03137254901960784 0.01568627450980392
            ambientIntensity 0.5122
            transparency 0.0
            shininess 0.5
        }
    }
    geometry IndexedFaceSet {
        ccw TRUE
        solid FALSE
        coord DEF co Coordinate {
            point [
                -3.1496 -5.0 0.3976, 3.1496 -5.0 0.3976, 2.9531 -4.5866 0.3976, 3.1496 -4.5866 0.3976, -2.9531 0.5984 0.3976, -2.9531 0.3228 0.3976, -2.7953 -3.3465 0.3976, -2.9531 -4.311 0.3976, -2.9531 -4.5866 0.3976, -2.5591 -4.4094 0.3976, -2.9531 3.0984 0.3976, -2.9531 2.8228 0.3976, -2.9531 1.3228 0.3976, -3.1496 1.3228 0.3976, -3.1496 1.0984 0.3976, -2.9531 0.8228 0.3976, -3.1496 0.8228 0.3976, -3.1496 0.5984 0.3976, -2.9531 -4.0866 0.3976, -3.1496 -4.0866 0.3976, -3.1496 -4.311 0.3976, -2.9531 2.3228 0.3976, -3.1496 2.3228 0.3976, -3.1496 2.0984 0.3976, -2.9531 4.3228 0.3976, -3.1496 4.3228 0.3976, -3.1496 4.0984 0.3976, -2.9531 3.3228 0.3976, -3.1496 3.3228 0.3976, -3.1496 3.0984 0.3976, -1.6929 -4.4094 0.3976, -1.378 -4.6457 0.3976, -1.6929 -3.5433 0.3976, -1.378 -3.3465 0.3976, -2.5591 -3.5433 0.3976, -2.9531 -3.811 0.3976, -2.9531 -3.5866 0.3976, -3.1496 -3.811 0.3976, -3.1496 -3.5866 0.3976, -3.1496 -4.5866 0.3976, -2.9531 -3.311 0.3976, -3.1496 -3.311 0.3976, -3.1496 0.3228 0.3976, 3.1496 -4.311 0.3976, 3.1496 -4.0866 0.3976, 2.9531 -4.311 0.3976, 2.9531 -4.0866 0.3976, 1.378 -4.6457 0.3976, 1.6929 -4.4094 0.3976, 1.378 -3.3465 0.3976, 1.6929 -3.5433 0.3976, 2.7953 -3.3465 0.3976, -2.7953 4.8031 0.3976, -2.9531 3.8228 0.3976, -2.9531 4.0984 0.3976, -2.9531 2.0984 0.3976, -2.9531 1.8228 0.3976, -2.9531 1.0984 0.3976, 2.5591 -4.4094 0.3976, 2.9531 -3.811 0.3976, -2.9531 3.5984 0.3976, -3.1496 3.5984 0.3976, -3.1496 3.8228 0.3976, -3.1496 1.8228 0.3976, -3.1496 1.5984 0.3976, -2.9531 1.5984 0.3976, 2.7722 4.8588 0.3976, 3.1496 5.2362 0.3976, 2.7559 4.8713 0.3976, 2.7369 4.8792 0.3976, -2.9531 2.5984 0.3976, -3.1496 2.5984 0.3976, -3.1496 2.8228 0.3976, 2.9531 -3.5866 0.3976, 2.9531 -3.311 0.3976, 3.1496 -3.811 0.3976, 3.1496 -3.5866 0.3976, 2.5591 -3.5433 0.3976, 3.1496 -3.311 0.3976, 3.1496 0.3228 0.3976, 2.9531 0.3228 0.3976, 2.9531 0.5984 0.3976, 3.1496 0.5984 0.3976, 3.1496 0.8228 0.3976, 2.9531 0.8228 0.3976, 2.9531 1.0984 0.3976, 2.9531 2.5984 0.3976, 3.1496 2.5984 0.3976, 3.1496 2.8228 0.3976, 2.9531 4.0984 0.3976, 3.1496 4.0984 0.3976, 3.1496 4.3228 0.3976, -2.7933 4.8207 0.3976, -2.7875 4.8373 0.3976, -3.1496 5.2362 0.3976, 2.7847 4.8425 0.3976, 2.7926 4.8235 0.3976, 3.1496 4.5984 0.3976, 2.7953 4.8031 0.3976, 2.9531 4.5984 0.3976, 2.9531 4.3228 0.3976, 3.1496 1.0984 0.3976, 3.1496 1.3228 0.3976, 2.9531 1.3228 0.3976, 2.9531 1.5984 0.3976, 3.1496 1.5984 0.3976, 3.1496 1.8228 0.3976, 2.9531 1.8228 0.3976, 2.9531 2.0984 0.3976, 3.1496 3.0984 0.3976, 3.1496 3.3228 0.3976, 2.9531 3.0984 0.3976, 2.9531 3.3228 0.3976, -2.7781 4.8522 0.3976, -2.7656 4.8647 0.3976, -2.7507 4.8741 0.3976, -2.9531 4.5984 0.3976, -3.1496 4.5984 0.3976, -2.7341 4.8799 0.3976, -2.7165 4.8819 0.3976, 2.7165 4.8819 0.3976, 2.9531 2.8228 0.3976, 2.9531 2.3228 0.3976, 3.1496 2.3228 0.3976, 3.1496 2.0984 0.3976, 2.9531 3.5984 0.3976, 3.1496 3.5984 0.3976, 3.1496 3.8228 0.3976, 2.9531 3.8228 0.3976
            ]
        }
        coordIndex [
            0,1,2,-1,2,1,3,-1,4,5,6,-1,7,8,9,-1,10,11,6,-1,12,13,14,-1,15,16,17,-1,18,19,20,-1,21,22,23,-1,24,25,26,-1,27,28,29,-1,30,31,32,-1,32,31,33,-1,32,33,34,-1,34,33,6,-1,20,7,18,-1,18,7,9,-1,18,9,35,-1,35,9,36,-1,35,36,37,-1,37,36,38,-1,8,39,0,-1,9,34,36,-1,36,34,6,-1,36,6,40,-1,40,6,5,-1,40,5,41,-1,41,5,42,-1,43,44,45,-1,45,44,46,-1,47,48,49,-1,49,48,50,-1,49,50,51,-1,6,52,53,-1,53,52,54,-1,55,56,6,-1,17,4,15,-1,15,4,6,-1,15,6,57,-1,2,45,58,-1,58,45,46,-1,58,46,59,-1,29,10,27,-1,27,10,6,-1,27,6,60,-1,60,6,53,-1,60,53,61,-1,61,53,62,-1,63,64,56,-1,56,64,65,-1,56,65,6,-1,6,65,12,-1,6,12,57,-1,57,12,14,-1,66,67,68,-1,68,67,69,-1,23,55,21,-1,21,55,6,-1,21,6,70,-1,70,6,11,-1,70,11,71,-1,71,11,72,-1,51,73,74,-1,75,76,59,-1,59,76,73,-1,59,73,58,-1,58,73,51,-1,58,51,77,-1,77,51,50,-1,78,79,74,-1,74,79,80,-1,74,80,51,-1,51,80,81,-1,82,83,81,-1,81,83,84,-1,81,84,51,-1,51,84,85,-1,86,87,88,-1,89,90,91,-1,92,93,94,-1,58,48,2,-1,2,48,47,-1,2,47,0,-1,0,47,31,-1,0,31,8,-1,8,31,30,-1,8,30,9,-1,66,95,67,-1,67,95,96,-1,67,96,97,-1,97,96,98,-1,97,98,99,-1,99,98,100,-1,92,94,52,-1,101,102,85,-1,85,102,103,-1,85,103,51,-1,51,103,104,-1,105,106,104,-1,104,106,107,-1,104,107,51,-1,51,107,108,-1,109,110,111,-1,111,110,112,-1,93,113,94,-1,94,113,114,-1,94,114,115,-1,26,54,24,-1,24,54,52,-1,24,52,116,-1,116,52,94,-1,116,94,117,-1,115,118,94,-1,94,118,119,-1,94,119,67,-1,67,119,120,-1,67,120,69,-1,88,121,86,-1,86,121,51,-1,86,51,122,-1,122,51,108,-1,122,108,123,-1,123,108,124,-1,125,98,112,-1,112,98,51,-1,112,51,111,-1,111,51,121,-1,126,127,125,-1,125,127,128,-1,125,128,98,-1,98,128,89,-1,98,89,100,-1,100,89,91,-1,
        ]
    }
}
Shape{
    appearance Appearance {
        material  Material 	{
            diffuseColor 0.6666666666666666 0.6666666666666666 0.6666666666666666
            specularColor 0.4666666666666667 0.4666666666666667 0.4666666666666667
            ambientIntensity 0.6667
            transparency 0.0
            shininess 0.5
        }
    }
    geometry IndexedFaceSet {
        ccw TRUE
        solid FALSE
        coord DEF co Coordinate {
            point [
                -1.378 -4.6457 0.3976, 1.378 -4.6457 0.3976, -1.378 -4.6457 1.1063, 1.378 -4.6457 1.1063, 1.378 -4.643 1.1267, -1.378 -4.643 1.1267, 1.378 -4.6351 1.1457, -1.378 -4.6351 1.1457, 1.378 -4.6226 1.162, -1.378 -4.6226 1.162, 1.378 -4.6063 1.1745, -1.378 -4.6063 1.1745, 1.378 -4.5873 1.1824, -1.378 -4.5873 1.1824, 1.378 -4.5669 1.185, 0.4774 -4.5669 1.185, 0.2325 -4.5669 1.185, 0.1258 -4.5669 1.185, 0.2901 -4.5669 1.185, 0.4376 -4.5669 1.185, 0.3892 -4.5669 1.185, 0.3195 -4.5669 1.185, 0.1182 -4.5669 1.185, -0.0032 -4.5669 1.185, -1.378 -4.5669 1.185
            ]
        }
        coordIndex [
            0,1,2,-1,2,1,3,-1,2,3,4,-1,2,4,5,-1,5,4,6,-1,5,6,7,-1,7,6,8,-1,7,8,9,-1,9,8,10,-1,9,10,11,-1,11,10,12,-1,11,12,13,-1,12,14,15,-1,16,17,13,-1,16,13,18,-1,15,19,12,-1,12,19,20,-1,12,20,13,-1,13,20,21,-1,13,21,18,-1,17,22,13,-1,13,22,23,-1,13,23,24,-1,
        ]
    }
}
Shape{
    appearance Appearance {
        material  Material 	{
            diffuseColor 0.2 0.4627450980392157 0.23137254901960785
            specularColor 0.01568627450980392 0.03137254901960784 0.01568627450980392
            ambientIntensity 0.5122
            transparency 0.0
            shininess 0.5
        }
    }
    geometry IndexedFaceSet {
        ccw TRUE
        solid FALSE
        coord DEF co Coordinate {
            point [
                -3.1496 -5.0 0.0039, 3.1496 -5.0 0.0039, -3.1496 -5.0 0.3976, 3.1496 -5.0 0.3976, -3.1496 5.2362 0.3976, 3.1496 5.2362 0.3976, -3.1496 5.2362 0.0039, 3.1496 5.2362 0.0039, -2.835 -3.811 0.0039, -3.1496 -3.811 0.0039, -3.1496 -3.5866 0.0039, 2.835 -3.5866 0.0039, 3.1496 -3.5866 0.0039, 3.1496 -3.811 0.0039, -2.835 -4.311 0.0039, -2.835 -4.5866 0.0039, -3.1496 -4.5866 0.0039, -3.1496 -4.311 0.0039, -3.1496 -4.0866 0.0039, -2.835 -4.0866 0.0039, -2.835 -3.5866 0.0039, 2.835 -4.0866 0.0039, -2.835 -3.311 0.0039, 2.835 2.8228 0.0039, 3.1496 2.8228 0.0039, 3.1496 2.5984 0.0039, 3.1496 -4.0866 0.0039, 3.1496 -4.311 0.0039, 2.835 -4.311 0.0039, 2.835 -4.5866 0.0039, 3.1496 -4.5866 0.0039, -3.1496 -3.311 0.0039, -3.1496 0.3228 0.0039, -2.835 0.3228 0.0039, -2.835 0.5984 0.0039, -2.835 2.0984 0.0039, -3.1496 2.0984 0.0039, -3.1496 2.3228 0.0039, -2.835 1.0984 0.0039, -3.1496 1.0984 0.0039, -3.1496 1.3228 0.0039, 3.1496 1.8228 0.0039, 3.1496 1.5984 0.0039, 2.835 1.8228 0.0039, 2.835 1.5984 0.0039, -3.1496 0.5984 0.0039, -3.1496 0.8228 0.0039, -2.835 0.8228 0.0039, 2.835 -3.811 0.0039, -2.835 1.3228 0.0039, -2.835 1.5984 0.0039, -3.1496 2.5984 0.0039, -3.1496 2.8228 0.0039, -2.835 2.5984 0.0039, -2.835 2.8228 0.0039, 2.835 2.5984 0.0039, 2.835 2.3228 0.0039, 2.835 1.3228 0.0039, -2.835 2.3228 0.0039, -2.835 1.8228 0.0039, -3.1496 1.8228 0.0039, -3.1496 1.5984 0.0039, -2.835 3.5984 0.0039, -3.1496 3.5984 0.0039, -3.1496 3.8228 0.0039, 3.1496 1.3228 0.0039, 3.1496 1.0984 0.0039, 2.835 1.0984 0.0039, 2.835 0.8228 0.0039, 2.835 3.8228 0.0039, 3.1496 3.8228 0.0039, 3.1496 3.5984 0.0039, 3.1496 0.8228 0.0039, 3.1496 0.5984 0.0039, 2.835 0.5984 0.0039, 2.835 0.3228 0.0039, 3.1496 0.3228 0.0039, 3.1496 -3.311 0.0039, 2.835 -3.311 0.0039, 2.835 3.3228 0.0039, -2.835 3.8228 0.0039, -2.835 4.0984 0.0039, -3.1496 4.0984 0.0039, -3.1496 4.3228 0.0039, -2.835 4.3228 0.0039, 2.835 3.5984 0.0039, 2.835 4.5984 0.0039, 3.1496 4.5984 0.0039, 3.1496 2.3228 0.0039, 3.1496 2.0984 0.0039, 2.835 2.0984 0.0039, -2.835 3.0984 0.0039, 3.1496 3.3228 0.0039, 3.1496 3.0984 0.0039, 2.835 3.0984 0.0039, -2.835 3.3228 0.0039, -3.1496 3.3228 0.0039, -3.1496 3.0984 0.0039, -3.1496 4.5984 0.0039, -2.835 4.5984 0.0039, 2.835 4.3228 0.0039, 3.1496 4.3228 0.0039, 3.1496 4.0984 0.0039, 2.835 4.0984 0.0039
            ]
        }
        coordIndex [
            0,1,2,-1,2,1,3,-1,4,5,6,-1,6,5,7,-1,8,9,10,-1,11,12,13,-1,14,1,15,-1,15,1,0,-1,15,0,16,-1,17,18,14,-1,14,18,19,-1,14,19,1,-1,1,19,8,-1,1,8,20,-1,20,8,10,-1,21,20,22,-1,23,24,25,-1,26,27,21,-1,21,27,28,-1,21,28,20,-1,20,28,29,-1,20,29,1,-1,1,29,30,-1,31,32,22,-1,22,32,33,-1,22,33,21,-1,21,33,34,-1,35,36,37,-1,38,39,40,-1,41,42,43,-1,43,42,44,-1,45,46,34,-1,34,46,47,-1,34,47,21,-1,21,47,48,-1,49,50,43,-1,51,52,53,-1,53,52,54,-1,55,56,54,-1,40,49,38,-1,38,49,43,-1,38,43,47,-1,47,43,44,-1,47,44,57,-1,37,58,35,-1,35,58,43,-1,35,43,59,-1,59,43,50,-1,59,50,60,-1,60,50,61,-1,62,63,64,-1,65,66,57,-1,57,66,67,-1,57,67,47,-1,47,67,68,-1,69,70,71,-1,72,73,68,-1,68,73,74,-1,68,74,47,-1,47,74,75,-1,76,77,75,-1,75,77,78,-1,75,78,47,-1,47,78,11,-1,47,11,48,-1,48,11,13,-1,79,80,81,-1,82,83,81,-1,81,83,84,-1,81,84,79,-1,79,84,85,-1,6,7,86,-1,86,7,87,-1,88,89,56,-1,56,89,90,-1,56,90,54,-1,54,90,43,-1,54,43,53,-1,53,43,58,-1,79,54,91,-1,92,93,79,-1,79,93,94,-1,79,94,54,-1,54,94,23,-1,54,23,55,-1,55,23,25,-1,64,80,62,-1,62,80,79,-1,62,79,95,-1,95,79,91,-1,95,91,96,-1,96,91,97,-1,98,6,99,-1,99,6,86,-1,99,86,84,-1,84,86,100,-1,101,102,100,-1,100,102,103,-1,100,103,84,-1,84,103,69,-1,84,69,85,-1,85,69,71,-1,
        ]
    }
}
Shape{
    appearance Appearance {
        material  Material 	{
            diffuseColor 0.6666666666666666 0.6666666666666666 0.6666666666666666
            specularColor 0.4666666666666667 0.4666666666666667 0.4666666666666667
            ambientIntensity 0.6667
            transparency 0.0
            shininess 0.5
        }
    }
    geometry IndexedFaceSet {
        ccw TRUE
        solid FALSE
        coord DEF co Coordinate {
            point [
                -2.7165 4.8819 1.1063, 2.7165 4.8819 1.1063, -2.7165 4.8819 0.3976, 2.7165 4.8819 0.3976, -2.7165 4.8792 1.1267, 2.7165 4.8792 1.1267, -2.7165 4.8713 1.1457, 2.7165 4.8713 1.1457, -2.7165 4.8588 1.162, 2.7165 4.8588 1.162, -2.7165 4.8425 1.1745, 2.7165 4.8425 1.1745, -2.7165 4.8235 1.1824, 2.7165 4.8235 1.1824, 0.1258 4.8031 1.185, 0.2325 4.8031 1.185, -2.7165 4.8031 1.185, -1.6717 4.8031 1.185, -0.0032 4.8031 1.185, 0.1182 4.8031 1.185, 0.2901 4.8031 1.185, 0.3195 4.8031 1.185, 0.3892 4.8031 1.185, 0.4376 4.8031 1.185, 0.4774 4.8031 1.185, 2.7165 4.8031 1.185
            ]
        }
        coordIndex [
            0,1,2,-1,2,1,3,-1,1,0,4,-1,1,4,5,-1,5,4,6,-1,5,6,7,-1,7,6,8,-1,7,8,9,-1,9,8,10,-1,9,10,11,-1,11,10,12,-1,11,12,13,-1,14,15,13,-1,16,17,12,-1,12,17,18,-1,12,18,13,-1,13,18,19,-1,13,19,14,-1,15,20,13,-1,13,20,21,-1,13,21,22,-1,22,23,13,-1,13,23,24,-1,13,24,25,-1,
        ]
    }
}
Shape{
    appearance Appearance {
        material  Material 	{
            diffuseColor 0.2 0.4627450980392157 0.23137254901960785
            specularColor 0.01568627450980392 0.03137254901960784 0.01568627450980392
            ambientIntensity 0.5122
            transparency 0.0
            shininess 0.5
        }
    }
    geometry IndexedFaceSet {
        ccw TRUE
        solid FALSE
        coord DEF co Coordinate {
            point [
                3.1496 3.3228 0.3976, 3.1496 3.0984 0.3976, 3.1496 3.3228 0.0039, 3.1496 3.0984 0.0039, 3.1496 3.8228 0.3976, 3.1496 3.5984 0.3976, 3.1496 3.8228 0.0039, 3.1496 3.5984 0.0039, 3.1496 4.3228 0.3976, 3.1496 4.0984 0.3976, 3.1496 4.3228 0.0039, 3.1496 4.0984 0.0039, 3.1496 1.8228 0.3976, 3.1496 1.5984 0.3976, 3.1496 1.8228 0.0039, 3.1496 1.5984 0.0039, 3.1496 2.3228 0.3976, 3.1496 2.0984 0.3976, 3.1496 2.3228 0.0039, 3.1496 2.0984 0.0039, 3.1496 2.8228 0.3976, 3.1496 2.5984 0.3976, 3.1496 2.8228 0.0039, 3.1496 2.5984 0.0039, 3.1496 0.3228 0.3976, 3.1496 -3.311 0.3976, 3.1496 0.3228 0.0039, 3.1496 -3.311 0.0039, 3.1496 0.8228 0.3976, 3.1496 0.5984 0.3976, 3.1496 0.8228 0.0039, 3.1496 0.5984 0.0039, 3.1496 1.3228 0.3976, 3.1496 1.0984 0.3976, 3.1496 1.3228 0.0039, 3.1496 1.0984 0.0039, 3.1496 -4.0866 0.3976, 3.1496 -4.311 0.3976, 3.1496 -4.0866 0.0039, 3.1496 -4.311 0.0039, 3.1496 -3.5866 0.3976, 3.1496 -3.811 0.3976, 3.1496 -3.5866 0.0039, 3.1496 -3.811 0.0039, 3.1496 -4.5866 0.3976, 3.1496 -5.0 0.3976, 3.1496 -4.5866 0.0039, 3.1496 -5.0 0.0039
            ]
        }
        coordIndex [
            0,1,2,-1,2,1,3,-1,4,5,6,-1,6,5,7,-1,8,9,10,-1,10,9,11,-1,12,13,14,-1,14,13,15,-1,16,17,18,-1,18,17,19,-1,20,21,22,-1,22,21,23,-1,24,25,26,-1,26,25,27,-1,28,29,30,-1,30,29,31,-1,32,33,34,-1,34,33,35,-1,36,37,38,-1,38,37,39,-1,40,41,42,-1,42,41,43,-1,44,45,46,-1,46,45,47,-1,
        ]
    }
}
Shape{
    appearance Appearance {
        material  Material 	{
            diffuseColor 0.6666666666666666 0.6666666666666666 0.6666666666666666
            specularColor 0.4666666666666667 0.4666666666666667 0.4666666666666667
            ambientIntensity 0.6667
            transparency 0.0
            shininess 0.5
        }
    }
    geometry IndexedFaceSet {
        ccw TRUE
        solid FALSE
        coord DEF co Coordinate {
            point [
                2.7953 4.8031 0.3976, 2.7953 4.8031 1.1063, 2.7953 -3.3465 0.3976, 2.7953 -3.3465 1.1063, 2.7926 4.8031 1.1267, 2.7165 4.4787 1.185, 2.7369 4.8031 1.1824, 2.7165 4.6573 1.185, 2.7165 4.8031 1.185, 2.7165 4.3135 1.185, 2.7165 4.1504 1.185, 2.7165 4.1005 1.185, 2.7926 -3.3465 1.1267, 2.7847 4.8031 1.1457, 2.7847 -3.3465 1.1457, 2.7722 4.8031 1.162, 2.7722 -3.3465 1.162, 2.7559 4.8031 1.1745, 2.7559 -3.3465 1.1745, 2.7369 -3.3465 1.1824, 2.7165 -3.3465 1.185
            ]
        }
        coordIndex [
            0,1,2,-1,2,1,3,-1,3,1,4,-1,5,6,7,-1,7,6,8,-1,5,9,6,-1,6,9,10,-1,6,10,11,-1,3,4,12,-1,12,4,13,-1,12,13,14,-1,14,13,15,-1,14,15,16,-1,16,15,17,-1,16,17,18,-1,18,17,6,-1,18,6,19,-1,19,6,11,-1,19,11,20,-1,
        ]
    }
}
Shape{
    appearance Appearance {
        material  Material 	{
            diffuseColor 0.2 0.4627450980392157 0.23137254901960785
            specularColor 0.01568627450980392 0.03137254901960784 0.01568627450980392
            ambientIntensity 0.5122
            transparency 0.0
            shininess 0.5
        }
    }
    geometry IndexedFaceSet {
        ccw TRUE
        solid FALSE
        coord DEF co Coordinate {
            point [
                3.1496 4.5984 0.0039, 3.1496 5.2362 0.0039, 3.1496 4.5984 0.3976, 3.1496 5.2362 0.3976
            ]
        }
        coordIndex [
            0,1,2,-1,2,1,3,-1,
        ]
    }
}
Shape{
    appearance Appearance {
        material  Material 	{
            diffuseColor 0.6666666666666666 0.6666666666666666 0.6666666666666666
            specularColor 0.4666666666666667 0.4666666666666667 0.4666666666666667
            ambientIntensity 0.6667
            transparency 0.0
            shininess 0.5
        }
    }
    geometry IndexedFaceSet {
        ccw TRUE
        solid FALSE
        coord DEF co Coordinate {
            point [
                2.7953 4.8031 1.1063, 2.7953 4.8031 0.3976, 2.7926 4.8235 0.3976, 2.7926 4.8235 1.1063, 2.7847 4.8425 0.3976, 2.7847 4.8425 1.1063, 2.7722 4.8588 0.3976, 2.7722 4.8588 1.1063, 2.7559 4.8713 0.3976, 2.7559 4.8713 1.1063, 2.7369 4.8792 0.3976, 2.7369 4.8792 1.1063, 2.7165 4.8819 0.3976, 2.7165 4.8819 1.1063, 2.7165 4.8792 1.1267, 2.7362 4.8766 1.1267, 2.7362 4.8372 1.1745, 2.7267 4.8208 1.1824, 2.7309 4.8176 1.1824, 2.7165 4.8031 1.185, 2.7369 4.8031 1.1824, 2.7362 4.8084 1.1824, 2.7218 4.8228 1.1824, 2.7267 4.8412 1.1745, 2.7309 4.8569 1.162, 2.7165 4.8235 1.1824, 2.7444 4.831 1.1745, 2.7342 4.8133 1.1824, 2.7506 4.8228 1.1745, 2.7546 4.8133 1.1745, 2.7559 4.8031 1.1745, 2.7165 4.8425 1.1745, 2.7165 4.8588 1.162, 2.7165 4.8713 1.1457, 2.7444 4.8514 1.162, 2.7559 4.8425 1.162, 2.7648 4.831 1.162, 2.7703 4.8176 1.162, 2.7722 4.8031 1.162, 2.7342 4.869 1.1457, 2.7506 4.8622 1.1457, 2.7648 4.8514 1.1457, 2.7756 4.8372 1.1457, 2.7824 4.8208 1.1457, 2.7847 4.8031 1.1457, 2.7546 4.869 1.1267, 2.7703 4.8569 1.1267, 2.7824 4.8412 1.1267, 2.79 4.8228 1.1267, 2.7926 4.8031 1.1267, 1.378 -3.3465 0.3976, 1.378 -3.3465 1.185, 1.378 -4.6457 0.3976, 1.378 -4.5669 1.185, 1.378 -4.5873 1.1824, 1.378 -4.643 1.1267, 1.378 -4.6457 1.1063, 1.378 -4.6063 1.1745, 1.378 -4.6226 1.162, 1.378 -4.6351 1.1457, 2.7369 -3.3465 1.1824, 2.7165 -3.3465 1.185, 2.7953 -3.3465 1.1063, 2.7953 -3.3465 0.3976, 2.7847 -3.3465 1.1457, 2.7722 -3.3465 1.162, 2.7559 -3.3465 1.1745, 2.7926 -3.3465 1.1267
            ]
        }
        coordIndex [
            0,1,2,-1,0,2,3,-1,3,2,4,-1,3,4,5,-1,5,4,6,-1,5,6,7,-1,7,6,8,-1,7,8,9,-1,9,8,10,-1,9,10,11,-1,11,10,12,-1,11,12,13,-1,13,14,15,-1,16,17,18,-1,19,20,21,-1,18,17,19,-1,22,19,17,-1,22,17,23,-1,23,17,16,-1,23,16,24,-1,25,19,22,-1,26,27,28,-1,28,27,21,-1,28,21,29,-1,29,21,20,-1,29,20,30,-1,25,22,31,-1,31,22,23,-1,31,23,32,-1,32,23,24,-1,32,24,33,-1,34,26,35,-1,35,26,28,-1,35,28,36,-1,36,28,29,-1,36,29,37,-1,37,29,30,-1,37,30,38,-1,39,34,40,-1,40,34,35,-1,40,35,41,-1,41,35,36,-1,41,36,42,-1,42,36,37,-1,42,37,43,-1,43,37,38,-1,43,38,44,-1,14,39,15,-1,15,39,40,-1,15,40,45,-1,45,40,41,-1,45,41,46,-1,46,41,42,-1,46,42,47,-1,47,42,43,-1,47,43,48,-1,48,43,44,-1,48,44,49,-1,13,15,11,-1,11,15,45,-1,11,45,9,-1,9,45,46,-1,9,46,7,-1,7,46,47,-1,7,47,5,-1,5,47,48,-1,5,48,3,-1,3,48,49,-1,3,49,0,-1,27,19,21,-1,14,33,39,-1,39,33,24,-1,39,24,34,-1,34,24,16,-1,34,16,26,-1,26,16,18,-1,26,18,27,-1,27,18,19,-1,50,51,52,-1,52,51,53,-1,54,55,53,-1,53,55,56,-1,53,56,52,-1,54,57,55,-1,55,57,58,-1,55,58,59,-1,60,61,62,-1,51,50,61,-1,61,50,63,-1,61,63,62,-1,64,65,66,-1,60,62,66,-1,66,62,67,-1,66,67,64,-1,
        ]
    }
}
Shape{
    appearance Appearance {
        material  Material 	{
            diffuseColor 0.8274509803921568 0.6666666666666666 0.12941176470588237
            specularColor 0.8274509803921568 0.6666666666666666 0.12941176470588237
            ambientIntensity 0.6535
            transparency 0.0
            shininess 0.5
        }
    }
    geometry IndexedFaceSet {
        ccw TRUE
        solid FALSE
        coord DEF co Coordinate {
            point [
                2.835 -4.5866 0.0039, 2.835 -4.5866 0.0, 3.1496 -4.5866 0.0039, 3.15 -4.5866 0.0, 3.1496 -4.5866 0.3976, 3.15 -4.5866 0.4016, 2.9531 -4.5866 0.3976, 2.9531 -4.5866 0.4016, 2.9531 -4.311 0.4016, 2.9531 -4.311 0.3976, 3.1496 -4.311 0.3976, 3.15 -4.311 0.4016, 3.1496 -4.311 0.0039, 3.15 -4.311 0.0, 2.835 -4.311 0.0039, 2.835 -4.311 0.0, 3.1496 -4.5669 0.4016, 3.15 -4.5669 0.4016, 3.1496 -4.5669 0.0, 3.15 -4.5669 0.0, 3.15 -4.3307 0.4016, 3.15 -4.3307 0.0, 3.1496 -4.3307 0.4016, 3.1496 -4.3307 0.0, 3.0661 -4.3653 0.0, 3.0473 -4.3898 0.0, 3.119 -4.3347 0.0, 3.0906 -4.3465 0.0, 3.119 -4.5629 0.0, 3.0355 -4.4182 0.0, 3.0315 -4.4488 0.0, 3.0355 -4.4794 0.0, 3.0473 -4.5079 0.0, 3.0661 -4.5323 0.0, 3.0906 -4.5511 0.0, 3.0355 -4.4182 0.4016, 3.0473 -4.3898 0.4016, 3.0661 -4.3653 0.4016, 3.0906 -4.3465 0.4016, 3.119 -4.3347 0.4016, 3.119 -4.5629 0.4016, 3.0906 -4.5511 0.4016, 3.0661 -4.5323 0.4016, 3.0473 -4.5079 0.4016, 3.0355 -4.4794 0.4016, 3.0315 -4.4488 0.4016, 2.835 -4.0866 0.0039, 2.835 -4.0866 0.0, 3.1496 -4.0866 0.0039, 3.15 -4.0866 0.0, 3.1496 -4.0866 0.3976, 3.15 -4.0866 0.4016, 2.9531 -4.0866 0.3976, 2.9531 -4.0866 0.4016, 2.9531 -3.811 0.4016, 2.9531 -3.811 0.3976, 3.1496 -3.811 0.3976, 3.15 -3.811 0.4016, 3.1496 -3.811 0.0039, 3.15 -3.811 0.0, 2.835 -3.811 0.0039, 2.835 -3.811 0.0, 3.1496 -4.0669 0.4016, 3.15 -4.0669 0.4016, 3.1496 -4.0669 0.0, 3.15 -4.0669 0.0, 3.15 -3.8307 0.4016, 3.15 -3.8307 0.0, 3.1496 -3.8307 0.4016, 3.1496 -3.8307 0.0, 3.119 -4.0629 0.0, 3.0661 -3.8653 0.0, 3.0473 -3.8898 0.0, 3.119 -3.8347 0.0, 3.0906 -3.8465 0.0, 3.0473 -4.0079 0.0, 3.0661 -4.0323 0.0, 3.0906 -4.0511 0.0, 3.0355 -3.9183 0.0, 3.0315 -3.9488 0.0, 3.0355 -3.9794 0.0, 3.0473 -3.8898 0.4016, 3.0661 -3.8653 0.4016, 3.119 -4.0629 0.4016, 3.0906 -4.0511 0.4016, 3.0661 -4.0323 0.4016, 3.0355 -3.9183 0.4016, 3.0906 -3.8465 0.4016, 3.119 -3.8347 0.4016, 3.0473 -4.0079 0.4016, 3.0355 -3.9794 0.4016, 3.0315 -3.9488 0.4016, 2.835 -3.5866 0.0039, 2.835 -3.5866 0.0, 3.1496 -3.5866 0.0039, 3.15 -3.5866 0.0, 3.1496 -3.5866 0.3976, 3.15 -3.5866 0.4016, 2.9531 -3.5866 0.3976, 2.9531 -3.5866 0.4016, 2.9531 -3.311 0.4016, 2.9531 -3.311 0.3976, 3.1496 -3.311 0.3976, 3.15 -3.311 0.4016, 3.1496 -3.311 0.0039, 3.15 -3.311 0.0, 2.835 -3.311 0.0039, 2.835 -3.311 0.0, 3.1496 -3.5669 0.4016, 3.15 -3.5669 0.4016, 3.1496 -3.5669 0.0, 3.15 -3.5669 0.0, 3.15 -3.3307 0.4016, 3.15 -3.3307 0.0, 3.1496 -3.3307 0.4016, 3.1496 -3.3307 0.0, 3.0473 -3.5079 0.0, 3.0661 -3.5323 0.0, 3.0661 -3.3653 0.0, 3.0473 -3.3898 0.0, 3.0906 -3.5511 0.0, 3.119 -3.5629 0.0, 3.119 -3.3347 0.0, 3.0906 -3.3465 0.0, 3.0355 -3.4182 0.0, 3.0315 -3.4488 0.0, 3.0355 -3.4794 0.0, 3.119 -3.3347 0.4016, 3.0355 -3.4182 0.4016, 3.0473 -3.3898 0.4016, 3.119 -3.5629 0.4016, 3.0906 -3.5511 0.4016, 3.0661 -3.5323 0.4016, 3.0473 -3.5079 0.4016, 3.0355 -3.4794 0.4016, 3.0315 -3.4488 0.4016, 3.0661 -3.3653 0.4016, 3.0906 -3.3465 0.4016, 2.835 0.3228 0.0039, 2.835 0.3228 0.0, 3.1496 0.3228 0.0039, 3.15 0.3228 0.0, 3.1496 0.3228 0.3976, 3.15 0.3228 0.4016, 2.9531 0.3228 0.3976, 2.9531 0.3228 0.4016, 2.9531 0.5984 0.4016, 2.9531 0.5984 0.3976, 3.1496 0.5984 0.3976, 3.15 0.5984 0.4016, 3.1496 0.5984 0.0039, 3.15 0.5984 0.0, 2.835 0.5984 0.0039, 2.835 0.5984 0.0, 3.1496 0.3425 0.4016, 3.15 0.3425 0.4016, 3.1496 0.3425 0.0, 3.15 0.3425 0.0, 3.15 0.5787 0.4016, 3.15 0.5787 0.0, 3.1496 0.5787 0.4016, 3.1496 0.5787 0.0, 3.0661 0.5441 0.0, 3.0473 0.5197 0.0, 3.119 0.5747 0.0, 3.0906 0.5629 0.0, 3.119 0.3465 0.0, 3.0355 0.4912 0.0, 3.0315 0.4606 0.0, 3.0355 0.4301 0.0, 3.0473 0.4016 0.0, 3.0661 0.3771 0.0, 3.0906 0.3583 0.0, 3.0661 0.5441 0.4016, 3.0473 0.5197 0.4016, 3.0355 0.4912 0.4016, 3.0906 0.5629 0.4016, 3.119 0.5747 0.4016, 3.0661 0.3771 0.4016, 3.0473 0.4016 0.4016, 3.0355 0.4301 0.4016, 3.0315 0.4606 0.4016, 3.119 0.3465 0.4016, 3.0906 0.3583 0.4016, 2.835 0.8228 0.0039, 2.835 0.8228 0.0, 3.1496 0.8228 0.0039, 3.15 0.8228 0.0, 3.1496 0.8228 0.3976, 3.15 0.8228 0.4016, 2.9531 0.8228 0.3976, 2.9531 0.8228 0.4016, 2.9531 1.0984 0.4016, 2.9531 1.0984 0.3976, 3.1496 1.0984 0.3976, 3.15 1.0984 0.4016, 3.1496 1.0984 0.0039, 3.15 1.0984 0.0, 2.835 1.0984 0.0039, 2.835 1.0984 0.0, 3.1496 0.8425 0.4016, 3.15 0.8425 0.4016, 3.1496 0.8425 0.0, 3.15 0.8425 0.0, 3.15 1.0787 0.4016, 3.15 1.0787 0.0, 3.1496 1.0787 0.4016, 3.1496 1.0787 0.0, 3.119 0.8465 0.0, 3.0315 0.9606 0.0, 3.0355 0.9301 0.0, 3.0473 0.9016 0.0, 3.0661 0.8771 0.0, 3.0906 0.8583 0.0, 3.119 1.0747 0.0, 3.0906 1.0629 0.0, 3.0661 1.0441 0.0, 3.0473 1.0197 0.0, 3.0355 0.9912 0.0, 3.119 0.8465 0.4016, 3.0906 0.8583 0.4016, 3.0661 0.8771 0.4016, 3.0473 0.9016 0.4016, 3.0355 0.9301 0.4016, 3.0315 0.9606 0.4016, 3.0355 0.9912 0.4016, 3.0473 1.0197 0.4016, 3.0661 1.0441 0.4016, 3.0906 1.0629 0.4016, 3.119 1.0747 0.4016, 2.835 1.3228 0.0039, 2.835 1.3228 0.0, 3.1496 1.3228 0.0039, 3.15 1.3228 0.0, 3.1496 1.3228 0.3976, 3.15 1.3228 0.4016, 2.9531 1.3228 0.3976, 2.9531 1.3228 0.4016, 2.9531 1.5984 0.4016, 2.9531 1.5984 0.3976, 3.1496 1.5984 0.3976, 3.15 1.5984 0.4016, 3.1496 1.5984 0.0039, 3.15 1.5984 0.0, 2.835 1.5984 0.0039, 2.835 1.5984 0.0, 3.1496 1.3425 0.4016, 3.15 1.3425 0.4016, 3.1496 1.3425 0.0, 3.15 1.3425 0.0, 3.15 1.5787 0.4016, 3.15 1.5787 0.0, 3.1496 1.5787 0.4016, 3.1496 1.5787 0.0, 3.0315 1.4606 0.0, 3.0355 1.4301 0.0, 3.0473 1.4016 0.0, 3.0661 1.3771 0.0, 3.0906 1.3583 0.0, 3.119 1.3465 0.0, 3.119 1.5747 0.0, 3.0906 1.5629 0.0, 3.0661 1.5441 0.0, 3.0473 1.5197 0.0, 3.0355 1.4912 0.0, 3.0661 1.3771 0.4016, 3.0473 1.4016 0.4016, 3.0355 1.4301 0.4016, 3.0315 1.4606 0.4016, 3.119 1.3465 0.4016, 3.0906 1.3583 0.4016, 3.0355 1.4912 0.4016, 3.0473 1.5197 0.4016, 3.0661 1.5441 0.4016, 3.0906 1.5629 0.4016, 3.119 1.5747 0.4016, 2.835 1.8228 0.0039, 2.835 1.8228 0.0, 3.1496 1.8228 0.0039, 3.15 1.8228 0.0, 3.1496 1.8228 0.3976, 3.15 1.8228 0.4016, 2.9531 1.8228 0.3976, 2.9531 1.8228 0.4016, 2.9531 2.0984 0.4016, 2.9531 2.0984 0.3976, 3.1496 2.0984 0.3976, 3.15 2.0984 0.4016, 3.1496 2.0984 0.0039, 3.15 2.0984 0.0, 2.835 2.0984 0.0039, 2.835 2.0984 0.0, 3.1496 1.8425 0.4016, 3.15 1.8425 0.4016, 3.1496 1.8425 0.0, 3.15 1.8425 0.0, 3.15 2.0787 0.4016, 3.15 2.0787 0.0, 3.1496 2.0787 0.4016, 3.1496 2.0787 0.0, 3.119 2.0747 0.0, 3.0906 2.0629 0.0, 3.0661 2.0441 0.0, 3.0473 2.0197 0.0, 3.0355 1.9912 0.0, 3.0315 1.9606 0.0, 3.0355 1.9301 0.0, 3.0473 1.9016 0.0, 3.0661 1.8771 0.0, 3.0906 1.8583 0.0, 3.119 1.8465 0.0, 3.0661 1.8771 0.4016, 3.0473 1.9016 0.4016, 3.0355 1.9301 0.4016, 3.0315 1.9606 0.4016, 3.0355 1.9912 0.4016, 3.0473 2.0197 0.4016, 3.0661 2.0441 0.4016, 3.0906 2.0629 0.4016, 3.119 2.0747 0.4016, 3.119 1.8465 0.4016, 3.0906 1.8583 0.4016, 2.835 2.3228 0.0039, 2.835 2.3228 0.0, 3.1496 2.3228 0.0039, 3.15 2.3228 0.0, 3.1496 2.3228 0.3976, 3.15 2.3228 0.4016, 2.9531 2.3228 0.3976, 2.9531 2.3228 0.4016, 2.9531 2.5984 0.4016, 2.9531 2.5984 0.3976, 3.1496 2.5984 0.3976, 3.15 2.5984 0.4016, 3.1496 2.5984 0.0039, 3.15 2.5984 0.0, 2.835 2.5984 0.0039, 2.835 2.5984 0.0, 3.1496 2.3425 0.4016, 3.15 2.3425 0.4016, 3.1496 2.3425 0.0, 3.15 2.3425 0.0, 3.15 2.5787 0.4016, 3.15 2.5787 0.0, 3.1496 2.5787 0.4016, 3.1496 2.5787 0.0, 3.119 2.5747 0.0, 3.0906 2.5629 0.0, 3.0661 2.5441 0.0, 3.0473 2.5197 0.0, 3.0355 2.4912 0.0, 3.0315 2.4606 0.0, 3.0355 2.4301 0.0, 3.0473 2.4016 0.0, 3.0661 2.3771 0.0, 3.0906 2.3583 0.0, 3.119 2.3465 0.0, 3.0661 2.3771 0.4016, 3.0473 2.4016 0.4016, 3.0355 2.4301 0.4016, 3.0315 2.4606 0.4016, 3.0355 2.4912 0.4016, 3.0473 2.5197 0.4016, 3.0661 2.5441 0.4016, 3.0906 2.5629 0.4016, 3.119 2.5747 0.4016, 3.119 2.3465 0.4016, 3.0906 2.3583 0.4016, 2.835 2.8228 0.0039, 2.835 2.8228 0.0, 3.1496 2.8228 0.0039, 3.15 2.8228 0.0, 3.1496 2.8228 0.3976, 3.15 2.8228 0.4016, 2.9531 2.8228 0.3976, 2.9531 2.8228 0.4016, 2.9531 3.0984 0.4016, 2.9531 3.0984 0.3976, 3.1496 3.0984 0.3976, 3.15 3.0984 0.4016, 3.1496 3.0984 0.0039, 3.15 3.0984 0.0, 2.835 3.0984 0.0039, 2.835 3.0984 0.0, 3.1496 2.8425 0.4016, 3.15 2.8425 0.4016, 3.1496 2.8425 0.0, 3.15 2.8425 0.0, 3.15 3.0787 0.4016, 3.15 3.0787 0.0, 3.1496 3.0787 0.4016, 3.1496 3.0787 0.0, 3.119 3.0747 0.0, 3.0906 3.0629 0.0, 3.0661 3.0441 0.0, 3.0473 3.0197 0.0, 3.0355 2.9912 0.0, 3.0315 2.9606 0.0, 3.0355 2.9301 0.0, 3.0473 2.9016 0.0, 3.0661 2.8771 0.0, 3.0906 2.8583 0.0, 3.119 2.8465 0.0, 3.0661 2.8771 0.4016, 3.0473 2.9016 0.4016, 3.0355 2.9301 0.4016, 3.0315 2.9606 0.4016, 3.0355 2.9912 0.4016, 3.0473 3.0197 0.4016, 3.0661 3.0441 0.4016, 3.0906 3.0629 0.4016, 3.119 3.0747 0.4016, 3.119 2.8465 0.4016, 3.0906 2.8583 0.4016, 2.835 3.3228 0.0039, 2.835 3.3228 0.0, 3.1496 3.3228 0.0039, 3.15 3.3228 0.0, 3.1496 3.3228 0.3976, 3.15 3.3228 0.4016, 2.9531 3.3228 0.3976, 2.9531 3.3228 0.4016, 2.9531 3.5984 0.4016, 2.9531 3.5984 0.3976, 3.1496 3.5984 0.3976, 3.15 3.5984 0.4016, 3.1496 3.5984 0.0039, 3.15 3.5984 0.0, 2.835 3.5984 0.0039, 2.835 3.5984 0.0, 3.1496 3.3425 0.4016, 3.15 3.3425 0.4016, 3.1496 3.3425 0.0, 3.15 3.3425 0.0, 3.15 3.5787 0.4016, 3.15 3.5787 0.0, 3.1496 3.5787 0.4016, 3.1496 3.5787 0.0, 3.0661 3.5441 0.0, 3.0473 3.5197 0.0, 3.119 3.5747 0.0, 3.0906 3.5629 0.0, 3.119 3.3465 0.0, 3.0355 3.4912 0.0, 3.0315 3.4606 0.0, 3.0355 3.4301 0.0, 3.0473 3.4016 0.0, 3.0661 3.3771 0.0, 3.0906 3.3583 0.0, 3.0355 3.4912 0.4016, 3.0473 3.5197 0.4016, 3.0661 3.5441 0.4016, 3.0906 3.5629 0.4016, 3.119 3.5747 0.4016, 3.119 3.3465 0.4016, 3.0906 3.3583 0.4016, 3.0661 3.3771 0.4016, 3.0473 3.4016 0.4016, 3.0355 3.4301 0.4016, 3.0315 3.4606 0.4016, 2.835 3.8228 0.0039, 2.835 3.8228 0.0, 3.1496 3.8228 0.0039, 3.15 3.8228 0.0, 3.1496 3.8228 0.3976, 3.15 3.8228 0.4016, 2.9531 3.8228 0.3976, 2.9531 3.8228 0.4016, 2.9531 4.0984 0.4016, 2.9531 4.0984 0.3976, 3.1496 4.0984 0.3976, 3.15 4.0984 0.4016, 3.1496 4.0984 0.0039, 3.15 4.0984 0.0, 2.835 4.0984 0.0039, 2.835 4.0984 0.0, 3.1496 3.8425 0.4016, 3.15 3.8425 0.4016, 3.1496 3.8425 0.0, 3.15 3.8425 0.0, 3.15 4.0787 0.4016, 3.15 4.0787 0.0, 3.1496 4.0787 0.4016, 3.1496 4.0787 0.0, 3.0661 4.0441 0.0, 3.0473 4.0197 0.0, 3.119 4.0747 0.0, 3.0906 4.0629 0.0, 3.119 3.8465 0.0, 3.0355 3.9912 0.0, 3.0315 3.9606 0.0, 3.0355 3.9301 0.0, 3.0473 3.9016 0.0, 3.0661 3.8771 0.0, 3.0906 3.8583 0.0, 3.0355 3.9912 0.4016, 3.0473 4.0197 0.4016, 3.0661 4.0441 0.4016, 3.0906 4.0629 0.4016, 3.119 4.0747 0.4016, 3.119 3.8465 0.4016, 3.0906 3.8583 0.4016, 3.0661 3.8771 0.4016, 3.0473 3.9016 0.4016, 3.0355 3.9301 0.4016, 3.0315 3.9606 0.4016, 2.835 4.3228 0.0039, 2.835 4.3228 0.0, 3.1496 4.3228 0.0039, 3.15 4.3228 0.0, 3.1496 4.3228 0.3976, 3.15 4.3228 0.4016, 2.9531 4.3228 0.3976, 2.9531 4.3228 0.4016, 2.9531 4.5984 0.4016, 2.9531 4.5984 0.3976, 3.1496 4.5984 0.3976, 3.15 4.5984 0.4016, 3.1496 4.5984 0.0039, 3.15 4.5984 0.0, 2.835 4.5984 0.0039, 2.835 4.5984 0.0, 3.1496 4.3425 0.4016, 3.15 4.3425 0.4016, 3.1496 4.3425 0.0, 3.15 4.3425 0.0, 3.15 4.5787 0.4016, 3.15 4.5787 0.0, 3.1496 4.5787 0.4016, 3.1496 4.5787 0.0, 3.119 4.3465 0.0, 3.0661 4.5441 0.0, 3.0473 4.5197 0.0, 3.119 4.5747 0.0, 3.0906 4.5629 0.0, 3.0473 4.4016 0.0, 3.0661 4.3771 0.0, 3.0906 4.3583 0.0, 3.0355 4.4912 0.0, 3.0315 4.4606 0.0, 3.0355 4.4301 0.0, 3.0473 4.5197 0.4016, 3.0661 4.5441 0.4016, 3.119 4.3465 0.4016, 3.0906 4.3583 0.4016, 3.0661 4.3771 0.4016, 3.0355 4.4912 0.4016, 3.0906 4.5629 0.4016, 3.119 4.5747 0.4016, 3.0473 4.4016 0.4016, 3.0355 4.4301 0.4016, 3.0315 4.4606 0.4016
            ]
        }
        coordIndex [
            0,1,2,-1,2,1,3,-1,2,3,4,-1,4,3,5,-1,4,5,6,-1,6,5,7,-1,7,8,6,-1,6,8,9,-1,9,8,10,-1,10,8,11,-1,10,11,12,-1,12,11,13,-1,12,13,14,-1,14,13,15,-1,16,17,18,-1,18,17,19,-1,5,3,17,-1,17,3,19,-1,20,21,11,-1,11,21,13,-1,22,23,20,-1,20,23,21,-1,24,25,15,-1,21,23,13,-1,13,23,26,-1,13,26,15,-1,15,26,27,-1,15,27,24,-1,1,28,3,-1,3,28,18,-1,3,18,19,-1,25,29,15,-1,15,29,30,-1,15,30,1,-1,1,30,31,-1,1,31,32,-1,32,33,1,-1,1,33,34,-1,1,34,28,-1,35,36,8,-1,8,36,37,-1,37,38,8,-1,8,38,39,-1,8,39,11,-1,11,39,22,-1,11,22,20,-1,17,16,5,-1,5,16,40,-1,5,40,7,-1,7,40,41,-1,7,41,42,-1,42,43,7,-1,7,43,44,-1,7,44,8,-1,8,44,45,-1,8,45,35,-1,23,22,26,-1,26,22,39,-1,26,39,27,-1,27,39,38,-1,27,38,24,-1,24,38,37,-1,24,37,25,-1,25,37,36,-1,25,36,29,-1,29,36,35,-1,29,35,30,-1,30,35,45,-1,30,45,31,-1,31,45,44,-1,31,44,32,-1,32,44,43,-1,32,43,33,-1,33,43,42,-1,33,42,34,-1,34,42,41,-1,34,41,28,-1,28,41,40,-1,28,40,18,-1,18,40,16,-1,0,14,1,-1,1,14,15,-1,46,47,48,-1,48,47,49,-1,48,49,50,-1,50,49,51,-1,50,51,52,-1,52,51,53,-1,53,54,52,-1,52,54,55,-1,55,54,56,-1,56,54,57,-1,56,57,58,-1,58,57,59,-1,58,59,60,-1,60,59,61,-1,62,63,64,-1,64,63,65,-1,51,49,63,-1,63,49,65,-1,66,67,57,-1,57,67,59,-1,68,69,66,-1,66,69,67,-1,47,70,49,-1,49,70,64,-1,49,64,65,-1,61,71,72,-1,67,69,59,-1,59,69,73,-1,59,73,61,-1,61,73,74,-1,61,74,71,-1,75,76,47,-1,47,76,77,-1,47,77,70,-1,72,78,61,-1,61,78,79,-1,61,79,47,-1,47,79,80,-1,47,80,75,-1,81,82,54,-1,63,62,51,-1,51,62,83,-1,51,83,53,-1,53,83,84,-1,53,84,85,-1,81,54,86,-1,82,87,54,-1,54,87,88,-1,54,88,57,-1,57,88,68,-1,57,68,66,-1,85,89,53,-1,53,89,90,-1,53,90,54,-1,54,90,91,-1,54,91,86,-1,69,68,73,-1,73,68,88,-1,73,88,74,-1,74,88,87,-1,74,87,71,-1,71,87,82,-1,71,82,72,-1,72,82,81,-1,72,81,78,-1,78,81,86,-1,78,86,79,-1,79,86,91,-1,79,91,80,-1,80,91,90,-1,80,90,75,-1,75,90,89,-1,75,89,76,-1,76,89,85,-1,76,85,77,-1,77,85,84,-1,77,84,70,-1,70,84,83,-1,70,83,64,-1,64,83,62,-1,92,93,94,-1,94,93,95,-1,94,95,96,-1,96,95,97,-1,96,97,98,-1,98,97,99,-1,99,100,98,-1,98,100,101,-1,101,100,102,-1,102,100,103,-1,102,103,104,-1,104,103,105,-1,104,105,106,-1,106,105,107,-1,108,109,110,-1,110,109,111,-1,97,95,109,-1,109,95,111,-1,112,113,103,-1,103,113,105,-1,114,115,112,-1,112,115,113,-1,93,116,117,-1,118,119,107,-1,117,120,93,-1,93,120,121,-1,93,121,95,-1,95,121,110,-1,95,110,111,-1,113,115,105,-1,105,115,122,-1,105,122,107,-1,107,122,123,-1,107,123,118,-1,119,124,107,-1,107,124,125,-1,107,125,93,-1,93,125,126,-1,93,126,116,-1,100,127,103,-1,103,127,114,-1,103,114,112,-1,100,128,129,-1,109,108,97,-1,97,108,130,-1,97,130,99,-1,99,130,131,-1,99,131,132,-1,132,133,99,-1,99,133,134,-1,99,134,100,-1,100,134,135,-1,100,135,128,-1,129,136,100,-1,100,136,137,-1,100,137,127,-1,115,114,122,-1,122,114,127,-1,122,127,123,-1,123,127,137,-1,123,137,118,-1,118,137,136,-1,118,136,119,-1,119,136,129,-1,119,129,124,-1,124,129,128,-1,124,128,125,-1,125,128,135,-1,125,135,126,-1,126,135,134,-1,126,134,116,-1,116,134,133,-1,116,133,117,-1,117,133,132,-1,117,132,120,-1,120,132,131,-1,120,131,121,-1,121,131,130,-1,121,130,110,-1,110,130,108,-1,46,60,47,-1,47,60,61,-1,92,106,93,-1,93,106,107,-1,138,139,140,-1,140,139,141,-1,140,141,142,-1,142,141,143,-1,142,143,144,-1,144,143,145,-1,145,146,144,-1,144,146,147,-1,147,146,148,-1,148,146,149,-1,148,149,150,-1,150,149,151,-1,150,151,152,-1,152,151,153,-1,154,155,156,-1,156,155,157,-1,143,141,155,-1,155,141,157,-1,158,159,149,-1,149,159,151,-1,160,161,158,-1,158,161,159,-1,153,162,163,-1,159,161,151,-1,151,161,164,-1,151,164,153,-1,153,164,165,-1,153,165,162,-1,139,166,141,-1,141,166,156,-1,141,156,157,-1,163,167,153,-1,153,167,168,-1,153,168,139,-1,139,168,169,-1,139,169,170,-1,170,171,139,-1,139,171,172,-1,139,172,166,-1,173,146,174,-1,174,146,175,-1,173,176,146,-1,146,176,177,-1,146,177,149,-1,149,177,160,-1,149,160,158,-1,178,179,145,-1,145,179,180,-1,145,180,146,-1,146,180,181,-1,146,181,175,-1,155,154,143,-1,143,154,182,-1,143,182,145,-1,145,182,183,-1,145,183,178,-1,161,160,164,-1,164,160,177,-1,164,177,165,-1,165,177,176,-1,165,176,162,-1,162,176,173,-1,162,173,163,-1,163,173,174,-1,163,174,167,-1,167,174,175,-1,167,175,168,-1,168,175,181,-1,168,181,169,-1,169,181,180,-1,169,180,170,-1,170,180,179,-1,170,179,171,-1,171,179,178,-1,171,178,172,-1,172,178,183,-1,172,183,166,-1,166,183,182,-1,166,182,156,-1,156,182,154,-1,184,185,186,-1,186,185,187,-1,186,187,188,-1,188,187,189,-1,188,189,190,-1,190,189,191,-1,191,192,190,-1,190,192,193,-1,193,192,194,-1,194,192,195,-1,194,195,196,-1,196,195,197,-1,196,197,198,-1,198,197,199,-1,200,201,202,-1,202,201,203,-1,189,187,201,-1,201,187,203,-1,204,205,195,-1,195,205,197,-1,206,207,204,-1,204,207,205,-1,185,208,187,-1,187,208,202,-1,187,202,203,-1,199,209,185,-1,185,209,210,-1,185,210,211,-1,211,212,185,-1,185,212,213,-1,185,213,208,-1,205,207,197,-1,197,207,214,-1,197,214,199,-1,199,214,215,-1,199,215,216,-1,216,217,199,-1,199,217,218,-1,199,218,209,-1,201,200,189,-1,189,200,219,-1,189,219,191,-1,191,219,220,-1,191,220,221,-1,221,222,191,-1,191,222,223,-1,191,223,192,-1,192,223,224,-1,224,225,192,-1,192,225,226,-1,192,226,227,-1,227,228,192,-1,192,228,229,-1,192,229,195,-1,195,229,206,-1,195,206,204,-1,207,206,214,-1,214,206,229,-1,214,229,215,-1,215,229,228,-1,215,228,216,-1,216,228,227,-1,216,227,217,-1,217,227,226,-1,217,226,218,-1,218,226,225,-1,218,225,209,-1,209,225,224,-1,209,224,210,-1,210,224,223,-1,210,223,211,-1,211,223,222,-1,211,222,212,-1,212,222,221,-1,212,221,213,-1,213,221,220,-1,213,220,208,-1,208,220,219,-1,208,219,202,-1,202,219,200,-1,230,231,232,-1,232,231,233,-1,232,233,234,-1,234,233,235,-1,234,235,236,-1,236,235,237,-1,237,238,236,-1,236,238,239,-1,239,238,240,-1,240,238,241,-1,240,241,242,-1,242,241,243,-1,242,243,244,-1,244,243,245,-1,246,247,248,-1,248,247,249,-1,235,233,247,-1,247,233,249,-1,250,251,241,-1,241,251,243,-1,252,253,250,-1,250,253,251,-1,231,245,254,-1,254,255,231,-1,231,255,256,-1,231,256,257,-1,257,258,231,-1,231,258,259,-1,231,259,233,-1,233,259,248,-1,233,248,249,-1,251,253,243,-1,243,253,260,-1,243,260,245,-1,245,260,261,-1,245,261,262,-1,262,263,245,-1,245,263,264,-1,245,264,254,-1,265,266,237,-1,237,266,267,-1,237,267,238,-1,238,267,268,-1,247,246,235,-1,235,246,269,-1,235,269,237,-1,237,269,270,-1,237,270,265,-1,268,271,238,-1,238,271,272,-1,238,272,273,-1,273,274,238,-1,238,274,275,-1,238,275,241,-1,241,275,252,-1,241,252,250,-1,253,252,260,-1,260,252,275,-1,260,275,261,-1,261,275,274,-1,261,274,262,-1,262,274,273,-1,262,273,263,-1,263,273,272,-1,263,272,264,-1,264,272,271,-1,264,271,254,-1,254,271,268,-1,254,268,255,-1,255,268,267,-1,255,267,256,-1,256,267,266,-1,256,266,257,-1,257,266,265,-1,257,265,258,-1,258,265,270,-1,258,270,259,-1,259,270,269,-1,259,269,248,-1,248,269,246,-1,138,152,139,-1,139,152,153,-1,184,198,185,-1,185,198,199,-1,230,244,231,-1,231,244,245,-1,276,277,278,-1,278,277,279,-1,278,279,280,-1,280,279,281,-1,280,281,282,-1,282,281,283,-1,283,284,282,-1,282,284,285,-1,285,284,286,-1,286,284,287,-1,286,287,288,-1,288,287,289,-1,288,289,290,-1,290,289,291,-1,292,293,294,-1,294,293,295,-1,281,279,293,-1,293,279,295,-1,296,297,287,-1,287,297,289,-1,298,299,296,-1,296,299,297,-1,297,299,289,-1,289,299,300,-1,289,300,291,-1,300,301,291,-1,291,301,302,-1,291,302,303,-1,303,304,291,-1,291,304,305,-1,291,305,277,-1,305,306,277,-1,277,306,307,-1,277,307,308,-1,308,309,277,-1,277,309,310,-1,277,310,279,-1,279,310,294,-1,279,294,295,-1,311,312,283,-1,283,312,313,-1,283,313,284,-1,284,313,314,-1,314,315,284,-1,284,315,316,-1,284,316,317,-1,317,318,284,-1,284,318,319,-1,284,319,287,-1,287,319,298,-1,287,298,296,-1,293,292,281,-1,281,292,320,-1,281,320,283,-1,283,320,321,-1,283,321,311,-1,299,298,300,-1,300,298,319,-1,300,319,301,-1,301,319,318,-1,301,318,302,-1,302,318,317,-1,302,317,303,-1,303,317,316,-1,303,316,304,-1,304,316,315,-1,304,315,305,-1,305,315,314,-1,305,314,306,-1,306,314,313,-1,306,313,307,-1,307,313,312,-1,307,312,308,-1,308,312,311,-1,308,311,309,-1,309,311,321,-1,309,321,310,-1,310,321,320,-1,310,320,294,-1,294,320,292,-1,322,323,324,-1,324,323,325,-1,324,325,326,-1,326,325,327,-1,326,327,328,-1,328,327,329,-1,329,330,328,-1,328,330,331,-1,331,330,332,-1,332,330,333,-1,332,333,334,-1,334,333,335,-1,334,335,336,-1,336,335,337,-1,338,339,340,-1,340,339,341,-1,327,325,339,-1,339,325,341,-1,342,343,333,-1,333,343,335,-1,344,345,342,-1,342,345,343,-1,343,345,335,-1,335,345,346,-1,335,346,337,-1,346,347,337,-1,337,347,348,-1,337,348,349,-1,349,350,337,-1,337,350,351,-1,337,351,323,-1,351,352,323,-1,323,352,353,-1,323,353,354,-1,354,355,323,-1,323,355,356,-1,323,356,325,-1,325,356,340,-1,325,340,341,-1,357,358,329,-1,329,358,359,-1,329,359,330,-1,330,359,360,-1,360,361,330,-1,330,361,362,-1,330,362,363,-1,363,364,330,-1,330,364,365,-1,330,365,333,-1,333,365,344,-1,333,344,342,-1,339,338,327,-1,327,338,366,-1,327,366,329,-1,329,366,367,-1,329,367,357,-1,345,344,346,-1,346,344,365,-1,346,365,347,-1,347,365,364,-1,347,364,348,-1,348,364,363,-1,348,363,349,-1,349,363,362,-1,349,362,350,-1,350,362,361,-1,350,361,351,-1,351,361,360,-1,351,360,352,-1,352,360,359,-1,352,359,353,-1,353,359,358,-1,353,358,354,-1,354,358,357,-1,354,357,355,-1,355,357,367,-1,355,367,356,-1,356,367,366,-1,356,366,340,-1,340,366,338,-1,368,369,370,-1,370,369,371,-1,370,371,372,-1,372,371,373,-1,372,373,374,-1,374,373,375,-1,375,376,374,-1,374,376,377,-1,377,376,378,-1,378,376,379,-1,378,379,380,-1,380,379,381,-1,380,381,382,-1,382,381,383,-1,384,385,386,-1,386,385,387,-1,373,371,385,-1,385,371,387,-1,388,389,379,-1,379,389,381,-1,390,391,388,-1,388,391,389,-1,389,391,381,-1,381,391,392,-1,381,392,383,-1,392,393,383,-1,383,393,394,-1,383,394,395,-1,395,396,383,-1,383,396,397,-1,383,397,369,-1,397,398,369,-1,369,398,399,-1,369,399,400,-1,400,401,369,-1,369,401,402,-1,369,402,371,-1,371,402,386,-1,371,386,387,-1,403,404,375,-1,375,404,405,-1,375,405,376,-1,376,405,406,-1,406,407,376,-1,376,407,408,-1,376,408,409,-1,409,410,376,-1,376,410,411,-1,376,411,379,-1,379,411,390,-1,379,390,388,-1,385,384,373,-1,373,384,412,-1,373,412,375,-1,375,412,413,-1,375,413,403,-1,391,390,392,-1,392,390,411,-1,392,411,393,-1,393,411,410,-1,393,410,394,-1,394,410,409,-1,394,409,395,-1,395,409,408,-1,395,408,396,-1,396,408,407,-1,396,407,397,-1,397,407,406,-1,397,406,398,-1,398,406,405,-1,398,405,399,-1,399,405,404,-1,399,404,400,-1,400,404,403,-1,400,403,401,-1,401,403,413,-1,401,413,402,-1,402,413,412,-1,402,412,386,-1,386,412,384,-1,276,290,277,-1,277,290,291,-1,322,336,323,-1,323,336,337,-1,368,382,369,-1,369,382,383,-1,414,415,416,-1,416,415,417,-1,416,417,418,-1,418,417,419,-1,418,419,420,-1,420,419,421,-1,421,422,420,-1,420,422,423,-1,423,422,424,-1,424,422,425,-1,424,425,426,-1,426,425,427,-1,426,427,428,-1,428,427,429,-1,430,431,432,-1,432,431,433,-1,419,417,431,-1,431,417,433,-1,434,435,425,-1,425,435,427,-1,436,437,434,-1,434,437,435,-1,438,439,429,-1,435,437,427,-1,427,437,440,-1,427,440,429,-1,429,440,441,-1,429,441,438,-1,415,442,417,-1,417,442,432,-1,417,432,433,-1,439,443,429,-1,429,443,444,-1,429,444,415,-1,415,444,445,-1,415,445,446,-1,446,447,415,-1,415,447,448,-1,415,448,442,-1,449,450,422,-1,422,450,451,-1,451,452,422,-1,422,452,453,-1,422,453,425,-1,425,453,436,-1,425,436,434,-1,431,430,419,-1,419,430,454,-1,419,454,421,-1,421,454,455,-1,421,455,456,-1,456,457,421,-1,421,457,458,-1,421,458,422,-1,422,458,459,-1,422,459,449,-1,437,436,440,-1,440,436,453,-1,440,453,441,-1,441,453,452,-1,441,452,438,-1,438,452,451,-1,438,451,439,-1,439,451,450,-1,439,450,443,-1,443,450,449,-1,443,449,444,-1,444,449,459,-1,444,459,445,-1,445,459,458,-1,445,458,446,-1,446,458,457,-1,446,457,447,-1,447,457,456,-1,447,456,448,-1,448,456,455,-1,448,455,442,-1,442,455,454,-1,442,454,432,-1,432,454,430,-1,460,461,462,-1,462,461,463,-1,462,463,464,-1,464,463,465,-1,464,465,466,-1,466,465,467,-1,467,468,466,-1,466,468,469,-1,469,468,470,-1,470,468,471,-1,470,471,472,-1,472,471,473,-1,472,473,474,-1,474,473,475,-1,476,477,478,-1,478,477,479,-1,465,463,477,-1,477,463,479,-1,480,481,471,-1,471,481,473,-1,482,483,480,-1,480,483,481,-1,484,485,475,-1,481,483,473,-1,473,483,486,-1,473,486,475,-1,475,486,487,-1,475,487,484,-1,461,488,463,-1,463,488,478,-1,463,478,479,-1,485,489,475,-1,475,489,490,-1,475,490,461,-1,461,490,491,-1,461,491,492,-1,492,493,461,-1,461,493,494,-1,461,494,488,-1,495,496,468,-1,468,496,497,-1,497,498,468,-1,468,498,499,-1,468,499,471,-1,471,499,482,-1,471,482,480,-1,477,476,465,-1,465,476,500,-1,465,500,467,-1,467,500,501,-1,467,501,502,-1,502,503,467,-1,467,503,504,-1,467,504,468,-1,468,504,505,-1,468,505,495,-1,483,482,486,-1,486,482,499,-1,486,499,487,-1,487,499,498,-1,487,498,484,-1,484,498,497,-1,484,497,485,-1,485,497,496,-1,485,496,489,-1,489,496,495,-1,489,495,490,-1,490,495,505,-1,490,505,491,-1,491,505,504,-1,491,504,492,-1,492,504,503,-1,492,503,493,-1,493,503,502,-1,493,502,494,-1,494,502,501,-1,494,501,488,-1,488,501,500,-1,488,500,478,-1,478,500,476,-1,506,507,508,-1,508,507,509,-1,508,509,510,-1,510,509,511,-1,510,511,512,-1,512,511,513,-1,513,514,512,-1,512,514,515,-1,515,514,516,-1,516,514,517,-1,516,517,518,-1,518,517,519,-1,518,519,520,-1,520,519,521,-1,522,523,524,-1,524,523,525,-1,511,509,523,-1,523,509,525,-1,526,527,517,-1,517,527,519,-1,528,529,526,-1,526,529,527,-1,507,530,509,-1,509,530,524,-1,509,524,525,-1,521,531,532,-1,527,529,519,-1,519,529,533,-1,519,533,521,-1,521,533,534,-1,521,534,531,-1,535,536,507,-1,507,536,537,-1,507,537,530,-1,532,538,521,-1,521,538,539,-1,521,539,507,-1,507,539,540,-1,507,540,535,-1,541,542,514,-1,523,522,511,-1,511,522,543,-1,511,543,513,-1,513,543,544,-1,513,544,545,-1,541,514,546,-1,542,547,514,-1,514,547,548,-1,514,548,517,-1,517,548,528,-1,517,528,526,-1,545,549,513,-1,513,549,550,-1,513,550,514,-1,514,550,551,-1,514,551,546,-1,529,528,533,-1,533,528,548,-1,533,548,534,-1,534,548,547,-1,534,547,531,-1,531,547,542,-1,531,542,532,-1,532,542,541,-1,532,541,538,-1,538,541,546,-1,538,546,539,-1,539,546,551,-1,539,551,540,-1,540,551,550,-1,540,550,535,-1,535,550,549,-1,535,549,536,-1,536,549,545,-1,536,545,537,-1,537,545,544,-1,537,544,530,-1,530,544,543,-1,530,543,524,-1,524,543,522,-1,414,428,415,-1,415,428,429,-1,460,474,461,-1,461,474,475,-1,506,520,507,-1,507,520,521,-1,
        ]
    }
}
Shape{
    appearance Appearance {
        material  Material 	{
            diffuseColor 0.7019607843137254 0.7019607843137254 0.7019607843137254
            specularColor 0.050980392156862744 0.050980392156862744 0.050980392156862744
            ambientIntensity 1.0
            transparency 0.0
            shininess 0.5
        }
    }
    geometry IndexedFaceSet {
        ccw TRUE
        solid FALSE
        coord DEF co Coordinate {
            point [
                1.6929 -4.4094 0.4764, 1.6929 -3.5433 0.4764, 1.6929 -4.4094 0.3976, 1.6929 -3.5433 0.3976, 2.5591 -4.4094 0.4764, 2.5591 -4.4094 0.3976, 2.5591 -3.5433 0.4764, 2.5591 -3.5433 0.3976, 2.4328 -3.7992 0.4764, 2.3765 -3.7258 0.4764, 2.3031 -3.6695 0.4764, 2.4682 -4.0681 0.4764, 2.4803 -3.9764 0.4764, 2.4682 -3.8847 0.4764, 2.4328 -4.1535 0.4764, 2.3765 -4.2269 0.4764, 2.3031 -4.2832 0.4764, 1.7837 -3.8847 0.4764, 1.8191 -3.7992 0.4764, 1.8754 -3.7258 0.4764, 1.9488 -3.6695 0.4764, 2.0343 -3.6341 0.4764, 2.126 -3.622 0.4764, 2.2177 -3.6341 0.4764, 1.7717 -3.9764 0.4764, 1.7837 -4.0681 0.4764, 2.2177 -4.3186 0.4764, 2.126 -4.3307 0.4764, 2.0343 -4.3186 0.4764, 1.9488 -4.2832 0.4764, 1.8754 -4.2269 0.4764, 1.8191 -4.1535 0.4764
            ]
        }
        coordIndex [
            0,1,2,-1,2,1,3,-1,4,0,5,-1,5,0,2,-1,6,4,7,-1,7,4,5,-1,1,6,3,-1,3,6,7,-1,8,6,9,-1,9,6,10,-1,11,4,12,-1,12,4,6,-1,12,6,13,-1,13,6,8,-1,11,14,4,-1,4,14,15,-1,4,15,16,-1,17,18,1,-1,1,18,19,-1,1,19,20,-1,20,21,1,-1,1,21,22,-1,1,22,6,-1,6,22,23,-1,6,23,10,-1,17,1,24,-1,24,1,0,-1,24,0,25,-1,16,26,4,-1,4,26,27,-1,4,27,0,-1,0,27,28,-1,0,28,29,-1,29,30,0,-1,0,30,31,-1,0,31,25,-1,
        ]
    }
}
Shape{
    appearance Appearance {
        material  Material 	{
            diffuseColor 0.8274509803921568 0.6666666666666666 0.12941176470588237
            specularColor 0.8274509803921568 0.6666666666666666 0.12941176470588237
            ambientIntensity 0.6535
            transparency 0.0
            shininess 0.5
        }
    }
    geometry IndexedFaceSet {
        ccw TRUE
        solid FALSE
        coord DEF co Coordinate {
            point [
                1.9033 -3.7537 0.752, 1.8754 -3.7258 0.752, 1.8532 -3.8189 0.752, 1.8191 -3.7992 0.752, 1.8218 -3.8949 0.752, 1.7837 -3.8847 0.752, 1.811 -3.9764 0.752, 1.7717 -3.9764 0.752, 1.8218 -4.0579 0.752, 1.7837 -4.0681 0.752, 1.8532 -4.1339 0.752, 1.8191 -4.1535 0.752, 1.9033 -4.1991 0.752, 1.8754 -4.2269 0.752, 1.9685 -4.2491 0.752, 1.9488 -4.2832 0.752, 2.0445 -4.2806 0.752, 2.0343 -4.3186 0.752, 2.126 -4.2913 0.752, 2.126 -4.3307 0.752, 2.2075 -4.2806 0.752, 2.2177 -4.3186 0.752, 2.2835 -4.2491 0.752, 2.3031 -4.2832 0.752, 2.3487 -4.1991 0.752, 2.3765 -4.2269 0.752, 2.3987 -4.1339 0.752, 2.4328 -4.1535 0.752, 2.4302 -4.0579 0.752, 2.4682 -4.0681 0.752, 2.4409 -3.9764 0.752, 2.4803 -3.9764 0.752, 2.4302 -3.8949 0.752, 2.4682 -3.8847 0.752, 2.3987 -3.8189 0.752, 2.4328 -3.7992 0.752, 2.3487 -3.7537 0.752, 2.3765 -3.7258 0.752, 2.2835 -3.7036 0.752, 2.3031 -3.6695 0.752, 2.2075 -3.6721 0.752, 2.2177 -3.6341 0.752, 2.126 -3.6614 0.752, 2.126 -3.622 0.752, 2.0445 -3.6721 0.752, 2.0343 -3.6341 0.752, 1.9685 -3.7036 0.752, 1.9488 -3.6695 0.752, 2.4803 -3.9764 0.4764, 2.4682 -4.0681 0.4764, 2.4328 -4.1535 0.4764, 2.3765 -4.2269 0.4764, 2.3031 -4.2832 0.4764, 2.2177 -4.3186 0.4764, 2.126 -4.3307 0.4764, 2.0343 -4.3186 0.4764, 1.9488 -4.2832 0.4764, 1.8754 -4.2269 0.4764, 1.8191 -4.1535 0.4764, 1.7837 -4.0681 0.4764, 1.7717 -3.9764 0.4764, 1.7837 -3.8847 0.4764, 1.8191 -3.7992 0.4764, 1.8754 -3.7258 0.4764, 1.9488 -3.6695 0.4764, 2.0343 -3.6341 0.4764, 2.126 -3.622 0.4764, 2.2177 -3.6341 0.4764, 2.3031 -3.6695 0.4764, 2.3765 -3.7258 0.4764, 2.4328 -3.7992 0.4764, 2.4682 -3.8847 0.4764, 2.4409 -3.9764 0.4764, 2.4302 -4.0579 0.4764, 2.3987 -4.1339 0.4764, 2.3487 -4.1991 0.4764, 2.2835 -4.2491 0.4764, 2.2075 -4.2806 0.4764, 2.126 -4.2913 0.4764, 2.0445 -4.2806 0.4764, 1.9685 -4.2491 0.4764, 1.9033 -4.1991 0.4764, 1.8532 -4.1339 0.4764, 1.8218 -4.0579 0.4764, 1.811 -3.9764 0.4764, 1.8218 -3.8949 0.4764, 1.8532 -3.8189 0.4764, 1.9033 -3.7537 0.4764, 1.9685 -3.7036 0.4764, 2.0445 -3.6721 0.4764, 2.126 -3.6614 0.4764, 2.2075 -3.6721 0.4764, 2.2835 -3.7036 0.4764, 2.3487 -3.7537 0.4764, 2.3987 -3.8189 0.4764, 2.4302 -3.8949 0.4764
            ]
        }
        coordIndex [
            0,1,2,-1,2,1,3,-1,2,3,4,-1,4,3,5,-1,4,5,6,-1,6,5,7,-1,6,7,8,-1,8,7,9,-1,8,9,10,-1,10,9,11,-1,10,11,12,-1,12,11,13,-1,12,13,14,-1,14,13,15,-1,14,15,16,-1,16,15,17,-1,16,17,18,-1,18,17,19,-1,18,19,20,-1,20,19,21,-1,20,21,22,-1,22,21,23,-1,22,23,24,-1,24,23,25,-1,24,25,26,-1,26,25,27,-1,26,27,28,-1,28,27,29,-1,28,29,30,-1,30,29,31,-1,30,31,32,-1,32,31,33,-1,32,33,34,-1,34,33,35,-1,34,35,36,-1,36,35,37,-1,36,37,38,-1,38,37,39,-1,38,39,40,-1,40,39,41,-1,40,41,42,-1,42,41,43,-1,42,43,44,-1,44,43,45,-1,44,45,46,-1,46,45,47,-1,46,47,0,-1,0,47,1,-1,48,29,49,-1,49,29,27,-1,49,27,50,-1,50,27,25,-1,50,25,51,-1,51,25,23,-1,51,23,52,-1,52,23,21,-1,52,21,53,-1,53,21,19,-1,53,19,54,-1,54,19,17,-1,54,17,55,-1,55,17,15,-1,55,15,56,-1,56,15,13,-1,56,13,57,-1,57,13,11,-1,57,11,58,-1,58,11,9,-1,58,9,59,-1,59,9,7,-1,59,7,60,-1,60,7,5,-1,60,5,61,-1,61,5,3,-1,61,3,62,-1,62,3,1,-1,62,1,63,-1,63,1,47,-1,63,47,64,-1,64,47,45,-1,64,45,65,-1,65,45,43,-1,65,43,66,-1,66,43,41,-1,66,41,67,-1,67,41,39,-1,67,39,68,-1,68,39,37,-1,68,37,69,-1,69,37,35,-1,69,35,70,-1,70,35,33,-1,70,33,71,-1,71,33,31,-1,71,31,48,-1,48,31,29,-1,30,72,28,-1,28,72,73,-1,28,73,26,-1,26,73,74,-1,26,74,24,-1,24,74,75,-1,24,75,22,-1,22,75,76,-1,22,76,20,-1,20,76,77,-1,20,77,18,-1,18,77,78,-1,18,78,16,-1,16,78,79,-1,16,79,14,-1,14,79,80,-1,14,80,12,-1,12,80,81,-1,12,81,10,-1,10,81,82,-1,10,82,8,-1,8,82,83,-1,8,83,6,-1,6,83,84,-1,6,84,4,-1,4,84,85,-1,4,85,2,-1,2,85,86,-1,2,86,0,-1,0,86,87,-1,0,87,46,-1,46,87,88,-1,46,88,44,-1,44,88,89,-1,44,89,42,-1,42,89,90,-1,42,90,40,-1,40,90,91,-1,40,91,38,-1,38,91,92,-1,38,92,36,-1,36,92,93,-1,36,93,34,-1,34,93,94,-1,34,94,32,-1,32,94,95,-1,32,95,30,-1,30,95,72,-1,
        ]
    }
}
Shape{
    appearance Appearance {
        material  Material 	{
            diffuseColor 0.7019607843137254 0.7019607843137254 0.7019607843137254
            specularColor 0.050980392156862744 0.050980392156862744 0.050980392156862744
            ambientIntensity 1.0
            transparency 0.0
            shininess 0.5
        }
    }
    geometry IndexedFaceSet {
        ccw TRUE
        solid FALSE
        coord DEF co Coordinate {
            point [
                2.0499 -3.9968 0.4764, 1.8218 -4.0579 0.4764, 2.0578 -4.0157 0.4764, 1.8532 -4.1339 0.4764, 2.0703 -4.0321 0.4764, 1.9033 -4.1991 0.4764, 2.0866 -4.0446 0.4764, 1.9685 -4.2491 0.4764, 2.1056 -4.0524 0.4764, 2.0445 -4.2806 0.4764, 2.126 -4.0551 0.4764, 2.126 -4.2913 0.4764, 2.1464 -4.0524 0.4764, 2.2075 -4.2806 0.4764, 2.1654 -4.0446 0.4764, 2.2835 -4.2491 0.4764, 2.1817 -4.0321 0.4764, 2.3487 -4.1991 0.4764, 2.1942 -4.0157 0.4764, 2.3987 -4.1339 0.4764, 2.202 -3.9968 0.4764, 2.4302 -4.0579 0.4764, 2.2047 -3.9764 0.4764, 2.4409 -3.9764 0.4764, 2.202 -3.956 0.4764, 2.4302 -3.8949 0.4764, 2.1942 -3.937 0.4764, 2.3987 -3.8189 0.4764, 2.1817 -3.9207 0.4764, 2.3487 -3.7537 0.4764, 2.1654 -3.9082 0.4764, 2.2835 -3.7036 0.4764, 2.1464 -3.9003 0.4764, 2.2075 -3.6721 0.4764, 2.126 -3.8976 0.4764, 2.126 -3.6614 0.4764, 2.1056 -3.9003 0.4764, 2.0445 -3.6721 0.4764, 2.0866 -3.9082 0.4764, 1.9685 -3.7036 0.4764, 2.0703 -3.9207 0.4764, 1.9033 -3.7537 0.4764, 2.0578 -3.937 0.4764, 1.8532 -3.8189 0.4764, 2.0499 -3.956 0.4764, 1.8218 -3.8949 0.4764, 2.0472 -3.9764 0.4764, 1.811 -3.9764 0.4764
            ]
        }
        coordIndex [
            0,1,2,-1,2,1,3,-1,2,3,4,-1,4,3,5,-1,4,5,6,-1,6,5,7,-1,6,7,8,-1,8,7,9,-1,8,9,10,-1,10,9,11,-1,10,11,12,-1,12,11,13,-1,12,13,14,-1,14,13,15,-1,14,15,16,-1,16,15,17,-1,16,17,18,-1,18,17,19,-1,18,19,20,-1,20,19,21,-1,20,21,22,-1,22,21,23,-1,22,23,24,-1,24,23,25,-1,24,25,26,-1,26,25,27,-1,26,27,28,-1,28,27,29,-1,28,29,30,-1,30,29,31,-1,30,31,32,-1,32,31,33,-1,32,33,34,-1,34,33,35,-1,34,35,36,-1,36,35,37,-1,36,37,38,-1,38,37,39,-1,38,39,40,-1,40,39,41,-1,40,41,42,-1,42,41,43,-1,42,43,44,-1,44,43,45,-1,44,45,46,-1,46,45,47,-1,46,47,0,-1,0,47,1,-1,
        ]
    }
}
Shape{
    appearance Appearance {
        material  Material 	{
            diffuseColor 0.8274509803921568 0.6666666666666666 0.12941176470588237
            specularColor 0.8274509803921568 0.6666666666666666 0.12941176470588237
            ambientIntensity 0.6535
            transparency 0.0
            shininess 0.5
        }
    }
    geometry IndexedFaceSet {
        ccw TRUE
        solid FALSE
        coord DEF co Coordinate {
            point [
                2.2047 -3.9764 0.4764, 2.202 -3.9968 0.6732, 2.202 -3.9968 0.4764, 2.1942 -4.0157 0.6732, 2.1942 -4.0157 0.4764, 2.1817 -4.0321 0.6732, 2.1817 -4.0321 0.4764, 2.1654 -4.0446 0.6732, 2.1654 -4.0446 0.4764, 2.1464 -4.0524 0.6732, 2.1464 -4.0524 0.4764, 2.126 -4.0551 0.6732, 2.126 -4.0551 0.4764, 2.1056 -4.0524 0.6732, 2.1056 -4.0524 0.4764, 2.0866 -4.0446 0.6732, 2.0866 -4.0446 0.4764, 2.0703 -4.0321 0.6732, 2.0703 -4.0321 0.4764, 2.0578 -4.0157 0.6732, 2.0578 -4.0157 0.4764, 2.0499 -3.9968 0.6732, 2.0499 -3.9968 0.4764, 2.0472 -3.9764 0.6732, 2.0472 -3.9764 0.4764, 2.0499 -3.956 0.6732, 2.0499 -3.956 0.4764, 2.0578 -3.937 0.6732, 2.0578 -3.937 0.4764, 2.0703 -3.9207 0.6732, 2.0703 -3.9207 0.4764, 2.0866 -3.9082 0.6732, 2.0866 -3.9082 0.4764, 2.1056 -3.9003 0.6732, 2.1056 -3.9003 0.4764, 2.126 -3.8976 0.6732, 2.126 -3.8976 0.4764, 2.1464 -3.9003 0.6732, 2.1464 -3.9003 0.4764, 2.1654 -3.9082 0.6732, 2.1654 -3.9082 0.4764, 2.1817 -3.9207 0.6732, 2.1817 -3.9207 0.4764, 2.1942 -3.937 0.6732, 2.1942 -3.937 0.4764, 2.202 -3.956 0.6732, 2.202 -3.956 0.4764, 2.2047 -3.9764 0.6732, 2.126 -3.9764 0.752, 2.1063 -3.9817 0.7493, 2.1083 -3.9866 0.7493, 2.1056 -3.9764 0.7493, 2.1158 -3.994 0.7493, 2.1207 -3.9961 0.7493, 2.1116 -3.9908 0.7493, 2.1313 -3.9961 0.7493, 2.1362 -3.994 0.7493, 2.126 -3.9968 0.7493, 2.1436 -3.9866 0.7493, 2.1457 -3.9817 0.7493, 2.1404 -3.9908 0.7493, 2.1457 -3.9711 0.7493, 2.1436 -3.9662 0.7493, 2.1464 -3.9764 0.7493, 2.1362 -3.9587 0.7493, 2.1313 -3.9567 0.7493, 2.1404 -3.962 0.7493, 2.1207 -3.9567 0.7493, 2.1158 -3.9587 0.7493, 2.126 -3.956 0.7493, 2.1083 -3.9662 0.7493, 2.1063 -3.9711 0.7493, 2.1116 -3.962 0.7493, 2.088 -3.9866 0.7414, 2.0919 -3.9961 0.7414, 2.0981 -4.0042 0.7414, 2.1063 -4.0105 0.7414, 2.1158 -4.0144 0.7414, 2.126 -4.0157 0.7414, 2.1362 -4.0144 0.7414, 2.1457 -4.0105 0.7414, 2.1538 -4.0042 0.7414, 2.1601 -3.9961 0.7414, 2.164 -3.9866 0.7414, 2.1654 -3.9764 0.7414, 2.164 -3.9662 0.7414, 2.1601 -3.9567 0.7414, 2.1538 -3.9485 0.7414, 2.1457 -3.9423 0.7414, 2.1362 -3.9383 0.7414, 2.126 -3.937 0.7414, 2.1158 -3.9383 0.7414, 2.1063 -3.9423 0.7414, 2.0981 -3.9485 0.7414, 2.0919 -3.9567 0.7414, 2.088 -3.9662 0.7414, 2.0866 -3.9764 0.7414, 2.0722 -3.9908 0.7289, 2.0778 -4.0042 0.7289, 2.0866 -4.0157 0.7289, 2.0981 -4.0246 0.7289, 2.1116 -4.0302 0.7289, 2.126 -4.0321 0.7289, 2.1404 -4.0302 0.7289, 2.1538 -4.0246 0.7289, 2.1654 -4.0157 0.7289, 2.1742 -4.0042 0.7289, 2.1798 -3.9908 0.7289, 2.1817 -3.9764 0.7289, 2.1798 -3.962 0.7289, 2.1742 -3.9485 0.7289, 2.1654 -3.937 0.7289, 2.1538 -3.9282 0.7289, 2.1404 -3.9226 0.7289, 2.126 -3.9207 0.7289, 2.1116 -3.9226 0.7289, 2.0981 -3.9282 0.7289, 2.0866 -3.937 0.7289, 2.0778 -3.9485 0.7289, 2.0722 -3.962 0.7289, 2.0703 -3.9764 0.7289, 2.0601 -3.994 0.7126, 2.0669 -4.0105 0.7126, 2.0778 -4.0246 0.7126, 2.0919 -4.0354 0.7126, 2.1083 -4.0422 0.7126, 2.126 -4.0446 0.7126, 2.1436 -4.0422 0.7126, 2.1601 -4.0354 0.7126, 2.1742 -4.0246 0.7126, 2.185 -4.0105 0.7126, 2.1919 -3.994 0.7126, 2.1942 -3.9764 0.7126, 2.1919 -3.9587 0.7126, 2.185 -3.9423 0.7126, 2.1742 -3.9282 0.7126, 2.1601 -3.9173 0.7126, 2.1436 -3.9105 0.7126, 2.126 -3.9082 0.7126, 2.1083 -3.9105 0.7126, 2.0919 -3.9173 0.7126, 2.0778 -3.9282 0.7126, 2.0669 -3.9423 0.7126, 2.0601 -3.9587 0.7126, 2.0578 -3.9764 0.7126, 2.0525 -3.9961 0.6936, 2.0601 -4.0144 0.6936, 2.0722 -4.0302 0.6936, 2.088 -4.0422 0.6936, 2.1063 -4.0498 0.6936, 2.126 -4.0524 0.6936, 2.1457 -4.0498 0.6936, 2.164 -4.0422 0.6936, 2.1798 -4.0302 0.6936, 2.1919 -4.0144 0.6936, 2.1995 -3.9961 0.6936, 2.202 -3.9764 0.6936, 2.1995 -3.9567 0.6936, 2.1919 -3.9383 0.6936, 2.1798 -3.9226 0.6936, 2.164 -3.9105 0.6936, 2.1457 -3.9029 0.6936, 2.126 -3.9003 0.6936, 2.1063 -3.9029 0.6936, 2.088 -3.9105 0.6936, 2.0722 -3.9226 0.6936, 2.0601 -3.9383 0.6936, 2.0525 -3.9567 0.6936, 2.0499 -3.9764 0.6936
            ]
        }
        coordIndex [
            0,1,2,-1,2,1,3,-1,2,3,4,-1,4,3,5,-1,4,5,6,-1,6,5,7,-1,6,7,8,-1,8,7,9,-1,8,9,10,-1,10,9,11,-1,10,11,12,-1,12,11,13,-1,12,13,14,-1,14,13,15,-1,14,15,16,-1,16,15,17,-1,16,17,18,-1,18,17,19,-1,18,19,20,-1,20,19,21,-1,20,21,22,-1,22,21,23,-1,22,23,24,-1,24,23,25,-1,24,25,26,-1,26,25,27,-1,26,27,28,-1,28,27,29,-1,28,29,30,-1,30,29,31,-1,30,31,32,-1,32,31,33,-1,32,33,34,-1,34,33,35,-1,34,35,36,-1,36,35,37,-1,36,37,38,-1,38,37,39,-1,38,39,40,-1,40,39,41,-1,40,41,42,-1,42,41,43,-1,42,43,44,-1,44,43,45,-1,44,45,46,-1,46,45,47,-1,46,47,0,-1,0,47,1,-1,48,49,50,-1,51,49,48,-1,48,52,53,-1,54,52,48,-1,50,54,48,-1,48,55,56,-1,57,55,48,-1,53,57,48,-1,48,58,59,-1,60,58,48,-1,56,60,48,-1,48,61,62,-1,63,61,48,-1,59,63,48,-1,48,64,65,-1,66,64,48,-1,62,66,48,-1,48,67,68,-1,69,67,48,-1,65,69,48,-1,48,70,71,-1,72,70,48,-1,68,72,48,-1,71,51,48,-1,51,73,49,-1,49,73,74,-1,49,74,50,-1,50,74,75,-1,50,75,54,-1,54,75,76,-1,54,76,52,-1,52,76,77,-1,52,77,53,-1,53,77,78,-1,53,78,57,-1,57,78,79,-1,57,79,55,-1,55,79,80,-1,55,80,56,-1,56,80,81,-1,56,81,60,-1,60,81,82,-1,60,82,58,-1,58,82,83,-1,58,83,59,-1,59,83,84,-1,59,84,63,-1,63,84,85,-1,63,85,61,-1,61,85,86,-1,61,86,62,-1,62,86,87,-1,62,87,66,-1,66,87,88,-1,66,88,64,-1,64,88,89,-1,64,89,65,-1,65,89,90,-1,65,90,69,-1,69,90,91,-1,69,91,67,-1,67,91,92,-1,67,92,68,-1,68,92,93,-1,68,93,72,-1,72,93,94,-1,72,94,70,-1,70,94,95,-1,70,95,71,-1,71,95,96,-1,71,96,51,-1,51,96,73,-1,96,97,73,-1,73,97,98,-1,73,98,74,-1,74,98,99,-1,74,99,75,-1,75,99,100,-1,75,100,76,-1,76,100,101,-1,76,101,77,-1,77,101,102,-1,77,102,78,-1,78,102,103,-1,78,103,79,-1,79,103,104,-1,79,104,80,-1,80,104,105,-1,80,105,81,-1,81,105,106,-1,81,106,82,-1,82,106,107,-1,82,107,83,-1,83,107,108,-1,83,108,84,-1,84,108,109,-1,84,109,85,-1,85,109,110,-1,85,110,86,-1,86,110,111,-1,86,111,87,-1,87,111,112,-1,87,112,88,-1,88,112,113,-1,88,113,89,-1,89,113,114,-1,89,114,90,-1,90,114,115,-1,90,115,91,-1,91,115,116,-1,91,116,92,-1,92,116,117,-1,92,117,93,-1,93,117,118,-1,93,118,94,-1,94,118,119,-1,94,119,95,-1,95,119,120,-1,95,120,96,-1,96,120,97,-1,120,121,97,-1,97,121,122,-1,97,122,98,-1,98,122,123,-1,98,123,99,-1,99,123,124,-1,99,124,100,-1,100,124,125,-1,100,125,101,-1,101,125,126,-1,101,126,102,-1,102,126,127,-1,102,127,103,-1,103,127,128,-1,103,128,104,-1,104,128,129,-1,104,129,105,-1,105,129,130,-1,105,130,106,-1,106,130,131,-1,106,131,107,-1,107,131,132,-1,107,132,108,-1,108,132,133,-1,108,133,109,-1,109,133,134,-1,109,134,110,-1,110,134,135,-1,110,135,111,-1,111,135,136,-1,111,136,112,-1,112,136,137,-1,112,137,113,-1,113,137,138,-1,113,138,114,-1,114,138,139,-1,114,139,115,-1,115,139,140,-1,115,140,116,-1,116,140,141,-1,116,141,117,-1,117,141,142,-1,117,142,118,-1,118,142,143,-1,118,143,119,-1,119,143,144,-1,119,144,120,-1,120,144,121,-1,144,145,121,-1,121,145,146,-1,121,146,122,-1,122,146,147,-1,122,147,123,-1,123,147,148,-1,123,148,124,-1,124,148,149,-1,124,149,125,-1,125,149,150,-1,125,150,126,-1,126,150,151,-1,126,151,127,-1,127,151,152,-1,127,152,128,-1,128,152,153,-1,128,153,129,-1,129,153,154,-1,129,154,130,-1,130,154,155,-1,130,155,131,-1,131,155,156,-1,131,156,132,-1,132,156,157,-1,132,157,133,-1,133,157,158,-1,133,158,134,-1,134,158,159,-1,134,159,135,-1,135,159,160,-1,135,160,136,-1,136,160,161,-1,136,161,137,-1,137,161,162,-1,137,162,138,-1,138,162,163,-1,138,163,139,-1,139,163,164,-1,139,164,140,-1,140,164,165,-1,140,165,141,-1,141,165,166,-1,141,166,142,-1,142,166,167,-1,142,167,143,-1,143,167,168,-1,143,168,144,-1,144,168,145,-1,168,21,145,-1,145,21,19,-1,145,19,146,-1,146,19,17,-1,146,17,147,-1,147,17,15,-1,147,15,148,-1,148,15,13,-1,148,13,149,-1,149,13,11,-1,149,11,150,-1,150,11,9,-1,150,9,151,-1,151,9,7,-1,151,7,152,-1,152,7,5,-1,152,5,153,-1,153,5,3,-1,153,3,154,-1,154,3,1,-1,154,1,155,-1,155,1,47,-1,155,47,156,-1,156,47,45,-1,156,45,157,-1,157,45,43,-1,157,43,158,-1,158,43,41,-1,158,41,159,-1,159,41,39,-1,159,39,160,-1,160,39,37,-1,160,37,161,-1,161,37,35,-1,161,35,162,-1,162,35,33,-1,162,33,163,-1,163,33,31,-1,163,31,164,-1,164,31,29,-1,164,29,165,-1,165,29,27,-1,165,27,166,-1,166,27,25,-1,166,25,167,-1,167,25,23,-1,167,23,168,-1,168,23,21,-1,
        ]
    }
}
Shape{
    appearance Appearance {
        material  Material 	{
            diffuseColor 0.2 0.4627450980392157 0.23137254901960785
            specularColor 0.01568627450980392 0.03137254901960784 0.01568627450980392
            ambientIntensity 0.5122
            transparency 0.0
            shininess 0.5
        }
    }
    geometry IndexedFaceSet {
        ccw TRUE
        solid FALSE
        coord DEF co Coordinate {
            point [
                -3.1496 3.0984 0.3976, -3.1496 3.3228 0.3976, -3.1496 3.0984 0.0039, -3.1496 3.3228 0.0039, -3.1496 3.5984 0.3976, -3.1496 3.8228 0.3976, -3.1496 3.5984 0.0039, -3.1496 3.8228 0.0039, -3.1496 4.0984 0.3976, -3.1496 4.3228 0.3976, -3.1496 4.0984 0.0039, -3.1496 4.3228 0.0039, -3.1496 1.5984 0.3976, -3.1496 1.8228 0.3976, -3.1496 1.5984 0.0039, -3.1496 1.8228 0.0039, -3.1496 2.0984 0.3976, -3.1496 2.3228 0.3976, -3.1496 2.0984 0.0039, -3.1496 2.3228 0.0039, -3.1496 2.5984 0.3976, -3.1496 2.8228 0.3976, -3.1496 2.5984 0.0039, -3.1496 2.8228 0.0039, -3.1496 -3.311 0.3976, -3.1496 0.3228 0.3976, -3.1496 -3.311 0.0039, -3.1496 0.3228 0.0039, -3.1496 0.5984 0.3976, -3.1496 0.8228 0.3976, -3.1496 0.5984 0.0039, -3.1496 0.8228 0.0039, -3.1496 1.0984 0.3976, -3.1496 1.3228 0.3976, -3.1496 1.0984 0.0039, -3.1496 1.3228 0.0039, -3.1496 -4.311 0.3976, -3.1496 -4.0866 0.3976, -3.1496 -4.311 0.0039, -3.1496 -4.0866 0.0039, -3.1496 -3.811 0.3976, -3.1496 -3.5866 0.3976, -3.1496 -3.811 0.0039, -3.1496 -3.5866 0.0039, -3.1496 -5.0 0.3976, -3.1496 -4.5866 0.3976, -3.1496 -5.0 0.0039, -3.1496 -4.5866 0.0039
            ]
        }
        coordIndex [
            0,1,2,-1,2,1,3,-1,4,5,6,-1,6,5,7,-1,8,9,10,-1,10,9,11,-1,12,13,14,-1,14,13,15,-1,16,17,18,-1,18,17,19,-1,20,21,22,-1,22,21,23,-1,24,25,26,-1,26,25,27,-1,28,29,30,-1,30,29,31,-1,32,33,34,-1,34,33,35,-1,36,37,38,-1,38,37,39,-1,40,41,42,-1,42,41,43,-1,44,45,46,-1,46,45,47,-1,
        ]
    }
}
Shape{
    appearance Appearance {
        material  Material 	{
            diffuseColor 0.6666666666666666 0.6666666666666666 0.6666666666666666
            specularColor 0.4666666666666667 0.4666666666666667 0.4666666666666667
            ambientIntensity 0.6667
            transparency 0.0
            shininess 0.5
        }
    }
    geometry IndexedFaceSet {
        ccw TRUE
        solid FALSE
        coord DEF co Coordinate {
            point [
                -2.7953 4.8031 1.1063, -2.7953 4.8031 0.3976, -2.7953 -3.3465 1.1063, -2.7953 -3.3465 0.3976, -2.7369 -3.3465 1.1824, -2.7165 -3.3465 1.185, -2.7165 4.1005 1.185, -2.7165 4.1504 1.185, -2.7369 4.8031 1.1824, -2.7165 4.3135 1.185, -2.7165 4.4787 1.185, -2.7165 4.6573 1.185, -2.7165 4.8031 1.185, -2.7559 4.8031 1.1745, -2.7559 -3.3465 1.1745, -2.7722 4.8031 1.162, -2.7722 -3.3465 1.162, -2.7847 4.8031 1.1457, -2.7847 -3.3465 1.1457, -2.7926 4.8031 1.1267, -2.7926 -3.3465 1.1267
            ]
        }
        coordIndex [
            0,1,2,-1,2,1,3,-1,4,5,6,-1,6,7,8,-1,8,7,9,-1,9,10,8,-1,8,10,11,-1,8,11,12,-1,6,8,4,-1,4,8,13,-1,4,13,14,-1,14,13,15,-1,14,15,16,-1,16,15,17,-1,16,17,18,-1,18,17,19,-1,18,19,20,-1,20,19,0,-1,20,0,2,-1,
        ]
    }
}
Shape{
    appearance Appearance {
        material  Material 	{
            diffuseColor 0.2 0.4627450980392157 0.23137254901960785
            specularColor 0.01568627450980392 0.03137254901960784 0.01568627450980392
            ambientIntensity 0.5122
            transparency 0.0
            shininess 0.5
        }
    }
    geometry IndexedFaceSet {
        ccw TRUE
        solid FALSE
        coord DEF co Coordinate {
            point [
                -3.1496 5.2362 0.0039, -3.1496 4.5984 0.0039, -3.1496 5.2362 0.3976, -3.1496 4.5984 0.3976
            ]
        }
        coordIndex [
            0,1,2,-1,2,1,3,-1,
        ]
    }
}
Shape{
    appearance Appearance {
        material  Material 	{
            diffuseColor 0.6666666666666666 0.6666666666666666 0.6666666666666666
            specularColor 0.4666666666666667 0.4666666666666667 0.4666666666666667
            ambientIntensity 0.6667
            transparency 0.0
            shininess 0.5
        }
    }
    geometry IndexedFaceSet {
        ccw TRUE
        solid FALSE
        coord DEF co Coordinate {
            point [
                -2.7165 4.8819 1.1063, -2.7165 4.8819 0.3976, -2.7341 4.8799 0.3976, -2.7507 4.8741 0.3976, -2.7369 4.8792 1.1063, -2.734 4.8796 1.1063, -2.7656 4.8647 0.3976, -2.7559 4.8713 1.1063, -2.7505 4.8736 1.1063, -2.7781 4.8522 0.3976, -2.7722 4.8588 1.1063, -2.7652 4.8642 1.1063, -2.7875 4.8373 0.3976, -2.7847 4.8425 1.1063, -2.7776 4.8518 1.1063, -2.793 4.8206 1.1063, -2.7926 4.8235 1.1063, -2.787 4.8371 1.1063, -2.7933 4.8207 0.3976, -2.7953 4.8031 0.3976, -2.7953 4.8031 1.1063, -2.7362 4.8766 1.1267, -2.7546 4.869 1.1267, -2.7703 4.8569 1.1267, -2.7824 4.8412 1.1267, -2.79 4.8228 1.1267, -2.7926 4.8031 1.1267, -2.7824 4.8208 1.1457, -2.7847 4.8031 1.1457, -2.7703 4.8176 1.162, -2.7722 4.8031 1.162, -2.7546 4.8133 1.1745, -2.7559 4.8031 1.1745, -2.7362 4.8084 1.1824, -2.7369 4.8031 1.1824, -2.7165 4.8031 1.185, -2.7756 4.8372 1.1457, -2.7648 4.831 1.162, -2.7506 4.8228 1.1745, -2.7342 4.8133 1.1824, -2.7648 4.8514 1.1457, -2.7559 4.8425 1.162, -2.7444 4.831 1.1745, -2.7309 4.8176 1.1824, -2.7506 4.8622 1.1457, -2.7444 4.8514 1.162, -2.7362 4.8372 1.1745, -2.7267 4.8208 1.1824, -2.7342 4.869 1.1457, -2.7309 4.8569 1.162, -2.7267 4.8412 1.1745, -2.7218 4.8228 1.1824, -2.7165 4.8792 1.1267, -2.7165 4.8713 1.1457, -2.7165 4.8588 1.162, -2.7165 4.8425 1.1745, -2.7165 4.8235 1.1824, -1.378 -3.3465 1.185, -1.378 -3.3465 0.3976, -1.378 -4.5669 1.185, -1.378 -4.6457 0.3976, -1.378 -4.6457 1.1063, -1.378 -4.643 1.1267, -1.378 -4.5873 1.1824, -1.378 -4.6351 1.1457, -1.378 -4.6226 1.162, -1.378 -4.6063 1.1745, -1.6717 -3.3465 1.185, -2.7953 -3.3465 0.3976, -2.7165 -3.3465 1.185, -2.7953 -3.3465 1.1063, -2.7559 -3.3465 1.1745, -2.7722 -3.3465 1.162, -2.7847 -3.3465 1.1457, -2.7369 -3.3465 1.1824, -2.7926 -3.3465 1.1267
            ]
        }
        coordIndex [
            0,1,2,-1,3,4,2,-1,2,4,5,-1,2,5,0,-1,6,7,3,-1,3,7,8,-1,3,8,4,-1,9,10,6,-1,6,10,11,-1,6,11,7,-1,12,13,9,-1,9,13,14,-1,9,14,10,-1,15,16,12,-1,12,16,17,-1,12,17,13,-1,12,18,15,-1,15,18,19,-1,15,19,20,-1,5,4,21,-1,8,7,22,-1,11,10,23,-1,14,13,24,-1,17,16,25,-1,15,20,26,-1,16,15,25,-1,25,15,26,-1,25,26,27,-1,27,26,28,-1,27,28,29,-1,29,28,30,-1,29,30,31,-1,31,30,32,-1,31,32,33,-1,33,32,34,-1,33,34,35,-1,13,17,24,-1,24,17,25,-1,24,25,36,-1,36,25,27,-1,36,27,37,-1,37,27,29,-1,37,29,38,-1,38,29,31,-1,38,31,39,-1,39,31,33,-1,39,33,35,-1,10,14,23,-1,23,14,24,-1,23,24,40,-1,40,24,36,-1,40,36,41,-1,41,36,37,-1,41,37,42,-1,42,37,38,-1,42,38,43,-1,43,38,39,-1,43,39,35,-1,7,11,22,-1,22,11,23,-1,22,23,44,-1,44,23,40,-1,44,40,45,-1,45,40,41,-1,45,41,46,-1,46,41,42,-1,46,42,47,-1,47,42,43,-1,47,43,35,-1,4,8,21,-1,21,8,22,-1,21,22,48,-1,48,22,44,-1,48,44,49,-1,49,44,45,-1,49,45,50,-1,50,45,46,-1,50,46,51,-1,51,46,47,-1,51,47,35,-1,0,5,52,-1,52,5,21,-1,52,21,53,-1,53,21,48,-1,53,48,54,-1,54,48,49,-1,54,49,55,-1,55,49,50,-1,55,50,56,-1,56,50,51,-1,56,51,35,-1,57,58,59,-1,59,58,60,-1,60,61,59,-1,59,61,62,-1,59,62,63,-1,64,65,62,-1,62,65,66,-1,62,66,63,-1,58,57,67,-1,58,67,68,-1,68,67,69,-1,68,69,70,-1,71,72,73,-1,69,74,70,-1,70,74,71,-1,70,71,75,-1,75,71,73,-1,
        ]
    }
}
Shape{
    appearance Appearance {
        material  Material 	{
            diffuseColor 0.8274509803921568 0.6666666666666666 0.12941176470588237
            specularColor 0.8274509803921568 0.6666666666666666 0.12941176470588237
            ambientIntensity 0.6535
            transparency 0.0
            shininess 0.5
        }
    }
    geometry IndexedFaceSet {
        ccw TRUE
        solid FALSE
        coord DEF co Coordinate {
            point [
                -2.9531 -4.5866 0.3976, -2.9531 -4.5866 0.4016, -3.1496 -4.5866 0.3976, -3.15 -4.5866 0.4016, -3.1496 -4.5866 0.0039, -3.15 -4.5866 0.0, -2.835 -4.5866 0.0039, -2.835 -4.5866 0.0, -2.9531 -4.311 0.4016, -2.9531 -4.311 0.3976, -2.835 -4.311 0.0039, -2.835 -4.311 0.0, -3.1496 -4.311 0.0039, -3.15 -4.311 0.0, -3.1496 -4.311 0.3976, -3.15 -4.311 0.4016, -3.15 -4.5669 0.4016, -3.1496 -4.5669 0.4016, -3.15 -4.5669 0.0, -3.1496 -4.5669 0.0, -3.15 -4.3307 0.0, -3.15 -4.3307 0.4016, -3.1496 -4.3307 0.0, -3.1496 -4.3307 0.4016, -3.0473 -4.3898 0.0, -3.0661 -4.3653 0.0, -3.0661 -4.5323 0.0, -3.0473 -4.5079 0.0, -3.0906 -4.3465 0.0, -3.119 -4.3347 0.0, -3.119 -4.5629 0.0, -3.0906 -4.5511 0.0, -3.0355 -4.4794 0.0, -3.0315 -4.4488 0.0, -3.0355 -4.4182 0.0, -3.119 -4.5629 0.4016, -3.0355 -4.4794 0.4016, -3.0473 -4.5079 0.4016, -3.119 -4.3347 0.4016, -3.0906 -4.3465 0.4016, -3.0661 -4.3653 0.4016, -3.0473 -4.3898 0.4016, -3.0355 -4.4182 0.4016, -3.0315 -4.4488 0.4016, -3.0661 -4.5323 0.4016, -3.0906 -4.5511 0.4016, -2.9531 -4.0866 0.3976, -2.9531 -4.0866 0.4016, -3.1496 -4.0866 0.3976, -3.15 -4.0866 0.4016, -3.1496 -4.0866 0.0039, -3.15 -4.0866 0.0, -2.835 -4.0866 0.0039, -2.835 -4.0866 0.0, -2.9531 -3.811 0.4016, -2.9531 -3.811 0.3976, -2.835 -3.811 0.0039, -2.835 -3.811 0.0, -3.1496 -3.811 0.0039, -3.15 -3.811 0.0, -3.1496 -3.811 0.3976, -3.15 -3.811 0.4016, -3.15 -4.0669 0.4016, -3.1496 -4.0669 0.4016, -3.15 -4.0669 0.0, -3.1496 -4.0669 0.0, -3.15 -3.8307 0.0, -3.15 -3.8307 0.4016, -3.1496 -3.8307 0.0, -3.1496 -3.8307 0.4016, -3.0473 -3.8898 0.0, -3.0661 -3.8653 0.0, -3.0661 -4.0323 0.0, -3.0473 -4.0079 0.0, -3.0906 -3.8465 0.0, -3.119 -3.8347 0.0, -3.119 -4.0629 0.0, -3.0906 -4.0511 0.0, -3.0355 -3.9794 0.0, -3.0315 -3.9488 0.0, -3.0355 -3.9183 0.0, -3.119 -4.0629 0.4016, -3.0355 -3.9794 0.4016, -3.0473 -4.0079 0.4016, -3.119 -3.8347 0.4016, -3.0906 -3.8465 0.4016, -3.0661 -3.8653 0.4016, -3.0473 -3.8898 0.4016, -3.0355 -3.9183 0.4016, -3.0315 -3.9488 0.4016, -3.0661 -4.0323 0.4016, -3.0906 -4.0511 0.4016, -2.9531 -3.5866 0.3976, -2.9531 -3.5866 0.4016, -3.1496 -3.5866 0.3976, -3.15 -3.5866 0.4016, -3.1496 -3.5866 0.0039, -3.15 -3.5866 0.0, -2.835 -3.5866 0.0039, -2.835 -3.5866 0.0, -2.9531 -3.311 0.4016, -2.9531 -3.311 0.3976, -2.835 -3.311 0.0039, -2.835 -3.311 0.0, -3.1496 -3.311 0.0039, -3.15 -3.311 0.0, -3.1496 -3.311 0.3976, -3.15 -3.311 0.4016, -3.15 -3.5669 0.4016, -3.1496 -3.5669 0.4016, -3.15 -3.5669 0.0, -3.1496 -3.5669 0.0, -3.15 -3.3307 0.0, -3.15 -3.3307 0.4016, -3.1496 -3.3307 0.0, -3.1496 -3.3307 0.4016, -3.119 -3.3347 0.0, -3.0661 -3.5323 0.0, -3.0473 -3.5079 0.0, -3.119 -3.5629 0.0, -3.0906 -3.5511 0.0, -3.0473 -3.3898 0.0, -3.0661 -3.3653 0.0, -3.0906 -3.3465 0.0, -3.0355 -3.4794 0.0, -3.0315 -3.4488 0.0, -3.0355 -3.4182 0.0, -3.0473 -3.5079 0.4016, -3.0661 -3.5323 0.4016, -3.119 -3.3347 0.4016, -3.0906 -3.3465 0.4016, -3.0661 -3.3653 0.4016, -3.0355 -3.4794 0.4016, -3.0906 -3.5511 0.4016, -3.119 -3.5629 0.4016, -3.0473 -3.3898 0.4016, -3.0355 -3.4182 0.4016, -3.0315 -3.4488 0.4016, -2.9531 0.3228 0.3976, -2.9531 0.3228 0.4016, -3.1496 0.3228 0.3976, -3.15 0.3228 0.4016, -3.1496 0.3228 0.0039, -3.15 0.3228 0.0, -2.835 0.3228 0.0039, -2.835 0.3228 0.0, -2.9531 0.5984 0.4016, -2.9531 0.5984 0.3976, -2.835 0.5984 0.0039, -2.835 0.5984 0.0, -3.1496 0.5984 0.0039, -3.15 0.5984 0.0, -3.1496 0.5984 0.3976, -3.15 0.5984 0.4016, -3.15 0.3425 0.4016, -3.1496 0.3425 0.4016, -3.15 0.3425 0.0, -3.1496 0.3425 0.0, -3.15 0.5787 0.0, -3.15 0.5787 0.4016, -3.1496 0.5787 0.0, -3.1496 0.5787 0.4016, -3.0661 0.3771 0.0, -3.0473 0.4016 0.0, -3.119 0.3465 0.0, -3.0906 0.3583 0.0, -3.0473 0.5197 0.0, -3.0661 0.5441 0.0, -3.0906 0.5629 0.0, -3.119 0.5747 0.0, -3.0355 0.4301 0.0, -3.0315 0.4606 0.0, -3.0355 0.4912 0.0, -3.119 0.5747 0.4016, -3.0906 0.5629 0.4016, -3.0661 0.5441 0.4016, -3.0315 0.4606 0.4016, -3.0355 0.4912 0.4016, -3.0473 0.5197 0.4016, -3.0355 0.4301 0.4016, -3.0473 0.4016 0.4016, -3.0661 0.3771 0.4016, -3.0906 0.3583 0.4016, -3.119 0.3465 0.4016, -2.9531 0.8228 0.3976, -2.9531 0.8228 0.4016, -3.1496 0.8228 0.3976, -3.15 0.8228 0.4016, -3.1496 0.8228 0.0039, -3.15 0.8228 0.0, -2.835 0.8228 0.0039, -2.835 0.8228 0.0, -2.9531 1.0984 0.4016, -2.9531 1.0984 0.3976, -2.835 1.0984 0.0039, -2.835 1.0984 0.0, -3.1496 1.0984 0.0039, -3.15 1.0984 0.0, -3.1496 1.0984 0.3976, -3.15 1.0984 0.4016, -3.15 0.8425 0.4016, -3.1496 0.8425 0.4016, -3.15 0.8425 0.0, -3.1496 0.8425 0.0, -3.15 1.0787 0.0, -3.15 1.0787 0.4016, -3.1496 1.0787 0.0, -3.1496 1.0787 0.4016, -3.119 1.0747 0.0, -3.119 0.8465 0.0, -3.0906 0.8583 0.0, -3.0661 0.8771 0.0, -3.0473 0.9016 0.0, -3.0355 0.9301 0.0, -3.0315 0.9606 0.0, -3.0355 0.9912 0.0, -3.0473 1.0197 0.0, -3.0661 1.0441 0.0, -3.0906 1.0629 0.0, -3.0661 1.0441 0.4016, -3.0473 1.0197 0.4016, -3.0355 0.9912 0.4016, -3.0315 0.9606 0.4016, -3.0355 0.9301 0.4016, -3.0473 0.9016 0.4016, -3.0661 0.8771 0.4016, -3.119 1.0747 0.4016, -3.0906 1.0629 0.4016, -3.0906 0.8583 0.4016, -3.119 0.8465 0.4016, -2.9531 1.3228 0.3976, -2.9531 1.3228 0.4016, -3.1496 1.3228 0.3976, -3.15 1.3228 0.4016, -3.1496 1.3228 0.0039, -3.15 1.3228 0.0, -2.835 1.3228 0.0039, -2.835 1.3228 0.0, -2.9531 1.5984 0.4016, -2.9531 1.5984 0.3976, -2.835 1.5984 0.0039, -2.835 1.5984 0.0, -3.1496 1.5984 0.0039, -3.15 1.5984 0.0, -3.1496 1.5984 0.3976, -3.15 1.5984 0.4016, -3.15 1.3425 0.4016, -3.1496 1.3425 0.4016, -3.15 1.3425 0.0, -3.1496 1.3425 0.0, -3.15 1.5787 0.0, -3.15 1.5787 0.4016, -3.1496 1.5787 0.0, -3.1496 1.5787 0.4016, -3.119 1.3465 0.0, -3.0906 1.3583 0.0, -3.0661 1.3771 0.0, -3.0473 1.4016 0.0, -3.119 1.5747 0.0, -3.0355 1.4301 0.0, -3.0315 1.4606 0.0, -3.0355 1.4912 0.0, -3.0473 1.5197 0.0, -3.0661 1.5441 0.0, -3.0906 1.5629 0.0, -3.0661 1.3771 0.4016, -3.0473 1.4016 0.4016, -3.0355 1.4301 0.4016, -3.119 1.5747 0.4016, -3.0906 1.5629 0.4016, -3.0661 1.5441 0.4016, -3.0473 1.5197 0.4016, -3.0355 1.4912 0.4016, -3.0315 1.4606 0.4016, -3.0906 1.3583 0.4016, -3.119 1.3465 0.4016, -2.9531 1.8228 0.3976, -2.9531 1.8228 0.4016, -3.1496 1.8228 0.3976, -3.15 1.8228 0.4016, -3.1496 1.8228 0.0039, -3.15 1.8228 0.0, -2.835 1.8228 0.0039, -2.835 1.8228 0.0, -2.9531 2.0984 0.4016, -2.9531 2.0984 0.3976, -2.835 2.0984 0.0039, -2.835 2.0984 0.0, -3.1496 2.0984 0.0039, -3.15 2.0984 0.0, -3.1496 2.0984 0.3976, -3.15 2.0984 0.4016, -3.15 1.8425 0.4016, -3.1496 1.8425 0.4016, -3.15 1.8425 0.0, -3.1496 1.8425 0.0, -3.15 2.0787 0.0, -3.15 2.0787 0.4016, -3.1496 2.0787 0.0, -3.1496 2.0787 0.4016, -3.0661 1.8771 0.0, -3.0473 1.9016 0.0, -3.119 1.8465 0.0, -3.0906 1.8583 0.0, -3.0473 2.0197 0.0, -3.0661 2.0441 0.0, -3.0906 2.0629 0.0, -3.119 2.0747 0.0, -3.0355 1.9301 0.0, -3.0315 1.9606 0.0, -3.0355 1.9912 0.0, -3.0355 1.9301 0.4016, -3.0473 1.9016 0.4016, -3.0661 1.8771 0.4016, -3.119 2.0747 0.4016, -3.0906 2.0629 0.4016, -3.0661 2.0441 0.4016, -3.0906 1.8583 0.4016, -3.119 1.8465 0.4016, -3.0473 2.0197 0.4016, -3.0355 1.9912 0.4016, -3.0315 1.9606 0.4016, -2.9531 2.3228 0.3976, -2.9531 2.3228 0.4016, -3.1496 2.3228 0.3976, -3.15 2.3228 0.4016, -3.1496 2.3228 0.0039, -3.15 2.3228 0.0, -2.835 2.3228 0.0039, -2.835 2.3228 0.0, -2.9531 2.5984 0.4016, -2.9531 2.5984 0.3976, -2.835 2.5984 0.0039, -2.835 2.5984 0.0, -3.1496 2.5984 0.0039, -3.15 2.5984 0.0, -3.1496 2.5984 0.3976, -3.15 2.5984 0.4016, -3.15 2.3425 0.4016, -3.1496 2.3425 0.4016, -3.15 2.3425 0.0, -3.1496 2.3425 0.0, -3.15 2.5787 0.0, -3.15 2.5787 0.4016, -3.1496 2.5787 0.0, -3.1496 2.5787 0.4016, -3.0661 2.3771 0.0, -3.0473 2.4016 0.0, -3.119 2.3465 0.0, -3.0906 2.3583 0.0, -3.0473 2.5197 0.0, -3.0661 2.5441 0.0, -3.0906 2.5629 0.0, -3.119 2.5747 0.0, -3.0355 2.4301 0.0, -3.0315 2.4606 0.0, -3.0355 2.4912 0.0, -3.0355 2.4301 0.4016, -3.0473 2.4016 0.4016, -3.0661 2.3771 0.4016, -3.119 2.5747 0.4016, -3.0906 2.5629 0.4016, -3.0661 2.5441 0.4016, -3.0906 2.3583 0.4016, -3.119 2.3465 0.4016, -3.0473 2.5197 0.4016, -3.0355 2.4912 0.4016, -3.0315 2.4606 0.4016, -2.9531 2.8228 0.3976, -2.9531 2.8228 0.4016, -3.1496 2.8228 0.3976, -3.15 2.8228 0.4016, -3.1496 2.8228 0.0039, -3.15 2.8228 0.0, -2.835 2.8228 0.0039, -2.835 2.8228 0.0, -2.9531 3.0984 0.4016, -2.9531 3.0984 0.3976, -2.835 3.0984 0.0039, -2.835 3.0984 0.0, -3.1496 3.0984 0.0039, -3.15 3.0984 0.0, -3.1496 3.0984 0.3976, -3.15 3.0984 0.4016, -3.15 2.8425 0.4016, -3.1496 2.8425 0.4016, -3.15 2.8425 0.0, -3.1496 2.8425 0.0, -3.15 3.0787 0.0, -3.15 3.0787 0.4016, -3.1496 3.0787 0.0, -3.1496 3.0787 0.4016, -3.0661 2.8771 0.0, -3.0473 2.9016 0.0, -3.119 2.8465 0.0, -3.0906 2.8583 0.0, -3.0473 3.0197 0.0, -3.0661 3.0441 0.0, -3.0906 3.0629 0.0, -3.119 3.0747 0.0, -3.0355 2.9301 0.0, -3.0315 2.9606 0.0, -3.0355 2.9912 0.0, -3.0355 2.9301 0.4016, -3.0473 2.9016 0.4016, -3.0661 2.8771 0.4016, -3.119 3.0747 0.4016, -3.0906 3.0629 0.4016, -3.0661 3.0441 0.4016, -3.0906 2.8583 0.4016, -3.119 2.8465 0.4016, -3.0473 3.0197 0.4016, -3.0355 2.9912 0.4016, -3.0315 2.9606 0.4016, -2.9531 3.3228 0.3976, -2.9531 3.3228 0.4016, -3.1496 3.3228 0.3976, -3.15 3.3228 0.4016, -3.1496 3.3228 0.0039, -3.15 3.3228 0.0, -2.835 3.3228 0.0039, -2.835 3.3228 0.0, -2.9531 3.5984 0.4016, -2.9531 3.5984 0.3976, -2.835 3.5984 0.0039, -2.835 3.5984 0.0, -3.1496 3.5984 0.0039, -3.15 3.5984 0.0, -3.1496 3.5984 0.3976, -3.15 3.5984 0.4016, -3.15 3.3425 0.4016, -3.1496 3.3425 0.4016, -3.15 3.3425 0.0, -3.1496 3.3425 0.0, -3.15 3.5787 0.0, -3.15 3.5787 0.4016, -3.1496 3.5787 0.0, -3.1496 3.5787 0.4016, -3.0661 3.3771 0.0, -3.0473 3.4016 0.0, -3.119 3.3465 0.0, -3.0906 3.3583 0.0, -3.119 3.5747 0.0, -3.0355 3.4301 0.0, -3.0315 3.4606 0.0, -3.0355 3.4912 0.0, -3.0473 3.5197 0.0, -3.0661 3.5441 0.0, -3.0906 3.5629 0.0, -3.0355 3.4301 0.4016, -3.0473 3.4016 0.4016, -3.0661 3.3771 0.4016, -3.0906 3.3583 0.4016, -3.119 3.3465 0.4016, -3.119 3.5747 0.4016, -3.0906 3.5629 0.4016, -3.0661 3.5441 0.4016, -3.0473 3.5197 0.4016, -3.0355 3.4912 0.4016, -3.0315 3.4606 0.4016, -2.9531 3.8228 0.3976, -2.9531 3.8228 0.4016, -3.1496 3.8228 0.3976, -3.15 3.8228 0.4016, -3.1496 3.8228 0.0039, -3.15 3.8228 0.0, -2.835 3.8228 0.0039, -2.835 3.8228 0.0, -2.9531 4.0984 0.4016, -2.9531 4.0984 0.3976, -2.835 4.0984 0.0039, -2.835 4.0984 0.0, -3.1496 4.0984 0.0039, -3.15 4.0984 0.0, -3.1496 4.0984 0.3976, -3.15 4.0984 0.4016, -3.15 3.8425 0.4016, -3.1496 3.8425 0.4016, -3.15 3.8425 0.0, -3.1496 3.8425 0.0, -3.15 4.0787 0.0, -3.15 4.0787 0.4016, -3.1496 4.0787 0.0, -3.1496 4.0787 0.4016, -3.0661 3.8771 0.0, -3.0473 3.9016 0.0, -3.119 3.8465 0.0, -3.0906 3.8583 0.0, -3.119 4.0747 0.0, -3.0355 3.9301 0.0, -3.0315 3.9606 0.0, -3.0355 3.9912 0.0, -3.0473 4.0197 0.0, -3.0661 4.0441 0.0, -3.0906 4.0629 0.0, -3.0355 3.9301 0.4016, -3.0473 3.9016 0.4016, -3.0661 3.8771 0.4016, -3.0906 3.8583 0.4016, -3.119 3.8465 0.4016, -3.119 4.0747 0.4016, -3.0906 4.0629 0.4016, -3.0661 4.0441 0.4016, -3.0473 4.0197 0.4016, -3.0355 3.9912 0.4016, -3.0315 3.9606 0.4016, -2.9531 4.3228 0.3976, -2.9531 4.3228 0.4016, -3.1496 4.3228 0.3976, -3.15 4.3228 0.4016, -3.1496 4.3228 0.0039, -3.15 4.3228 0.0, -2.835 4.3228 0.0039, -2.835 4.3228 0.0, -2.9531 4.5984 0.4016, -2.9531 4.5984 0.3976, -2.835 4.5984 0.0039, -2.835 4.5984 0.0, -3.1496 4.5984 0.0039, -3.15 4.5984 0.0, -3.1496 4.5984 0.3976, -3.15 4.5984 0.4016, -3.15 4.3425 0.4016, -3.1496 4.3425 0.4016, -3.15 4.3425 0.0, -3.1496 4.3425 0.0, -3.15 4.5787 0.0, -3.15 4.5787 0.4016, -3.1496 4.5787 0.0, -3.1496 4.5787 0.4016, -3.0473 4.5197 0.0, -3.0661 4.5441 0.0, -3.0661 4.3771 0.0, -3.0473 4.4016 0.0, -3.0906 4.5629 0.0, -3.119 4.5747 0.0, -3.119 4.3465 0.0, -3.0906 4.3583 0.0, -3.0355 4.4301 0.0, -3.0315 4.4606 0.0, -3.0355 4.4912 0.0, -3.119 4.3465 0.4016, -3.0355 4.4301 0.4016, -3.0473 4.4016 0.4016, -3.119 4.5747 0.4016, -3.0906 4.5629 0.4016, -3.0661 4.5441 0.4016, -3.0473 4.5197 0.4016, -3.0355 4.4912 0.4016, -3.0315 4.4606 0.4016, -3.0661 4.3771 0.4016, -3.0906 4.3583 0.4016
            ]
        }
        coordIndex [
            0,1,2,-1,2,1,3,-1,2,3,4,-1,4,3,5,-1,4,5,6,-1,6,5,7,-1,8,1,9,-1,9,1,0,-1,10,11,12,-1,12,11,13,-1,12,13,14,-1,14,13,15,-1,14,15,9,-1,9,15,8,-1,16,17,18,-1,18,17,19,-1,5,3,18,-1,18,3,16,-1,20,21,13,-1,13,21,15,-1,22,23,20,-1,20,23,21,-1,11,24,25,-1,26,27,7,-1,25,28,11,-1,11,28,29,-1,11,29,13,-1,13,29,22,-1,13,22,20,-1,18,19,5,-1,5,19,30,-1,5,30,7,-1,7,30,31,-1,7,31,26,-1,27,32,7,-1,7,32,33,-1,7,33,11,-1,11,33,34,-1,11,34,24,-1,1,35,3,-1,3,35,17,-1,3,17,16,-1,1,36,37,-1,21,23,15,-1,15,23,38,-1,15,38,8,-1,8,38,39,-1,8,39,40,-1,40,41,8,-1,8,41,42,-1,8,42,1,-1,1,42,43,-1,1,43,36,-1,37,44,1,-1,1,44,45,-1,1,45,35,-1,19,17,30,-1,30,17,35,-1,30,35,31,-1,31,35,45,-1,31,45,26,-1,26,45,44,-1,26,44,27,-1,27,44,37,-1,27,37,32,-1,32,37,36,-1,32,36,33,-1,33,36,43,-1,33,43,34,-1,34,43,42,-1,34,42,24,-1,24,42,41,-1,24,41,25,-1,25,41,40,-1,25,40,28,-1,28,40,39,-1,28,39,29,-1,29,39,38,-1,29,38,22,-1,22,38,23,-1,10,6,11,-1,11,6,7,-1,46,47,48,-1,48,47,49,-1,48,49,50,-1,50,49,51,-1,50,51,52,-1,52,51,53,-1,54,47,55,-1,55,47,46,-1,56,57,58,-1,58,57,59,-1,58,59,60,-1,60,59,61,-1,60,61,55,-1,55,61,54,-1,62,63,64,-1,64,63,65,-1,51,49,64,-1,64,49,62,-1,66,67,59,-1,59,67,61,-1,68,69,66,-1,66,69,67,-1,57,70,71,-1,72,73,53,-1,71,74,57,-1,57,74,75,-1,57,75,59,-1,59,75,68,-1,59,68,66,-1,64,65,51,-1,51,65,76,-1,51,76,53,-1,53,76,77,-1,53,77,72,-1,73,78,53,-1,53,78,79,-1,53,79,57,-1,57,79,80,-1,57,80,70,-1,47,81,49,-1,49,81,63,-1,49,63,62,-1,47,82,83,-1,67,69,61,-1,61,69,84,-1,61,84,54,-1,54,84,85,-1,54,85,86,-1,86,87,54,-1,54,87,88,-1,54,88,47,-1,47,88,89,-1,47,89,82,-1,83,90,47,-1,47,90,91,-1,47,91,81,-1,65,63,76,-1,76,63,81,-1,76,81,77,-1,77,81,91,-1,77,91,72,-1,72,91,90,-1,72,90,73,-1,73,90,83,-1,73,83,78,-1,78,83,82,-1,78,82,79,-1,79,82,89,-1,79,89,80,-1,80,89,88,-1,80,88,70,-1,70,88,87,-1,70,87,71,-1,71,87,86,-1,71,86,74,-1,74,86,85,-1,74,85,75,-1,75,85,84,-1,75,84,68,-1,68,84,69,-1,92,93,94,-1,94,93,95,-1,94,95,96,-1,96,95,97,-1,96,97,98,-1,98,97,99,-1,100,93,101,-1,101,93,92,-1,102,103,104,-1,104,103,105,-1,104,105,106,-1,106,105,107,-1,106,107,101,-1,101,107,100,-1,108,109,110,-1,110,109,111,-1,97,95,110,-1,110,95,108,-1,112,113,105,-1,105,113,107,-1,114,115,112,-1,112,115,113,-1,103,116,105,-1,105,116,114,-1,105,114,112,-1,99,117,118,-1,110,111,97,-1,97,111,119,-1,97,119,99,-1,99,119,120,-1,99,120,117,-1,121,122,103,-1,103,122,123,-1,103,123,116,-1,118,124,99,-1,99,124,125,-1,99,125,103,-1,103,125,126,-1,103,126,121,-1,127,128,93,-1,113,115,107,-1,107,115,129,-1,107,129,100,-1,100,129,130,-1,100,130,131,-1,127,93,132,-1,128,133,93,-1,93,133,134,-1,93,134,95,-1,95,134,109,-1,95,109,108,-1,131,135,100,-1,100,135,136,-1,100,136,93,-1,93,136,137,-1,93,137,132,-1,111,109,119,-1,119,109,134,-1,119,134,120,-1,120,134,133,-1,120,133,117,-1,117,133,128,-1,117,128,118,-1,118,128,127,-1,118,127,124,-1,124,127,132,-1,124,132,125,-1,125,132,137,-1,125,137,126,-1,126,137,136,-1,126,136,121,-1,121,136,135,-1,121,135,122,-1,122,135,131,-1,122,131,123,-1,123,131,130,-1,123,130,116,-1,116,130,129,-1,116,129,114,-1,114,129,115,-1,56,52,57,-1,57,52,53,-1,102,98,103,-1,103,98,99,-1,138,139,140,-1,140,139,141,-1,140,141,142,-1,142,141,143,-1,142,143,144,-1,144,143,145,-1,146,139,147,-1,147,139,138,-1,148,149,150,-1,150,149,151,-1,150,151,152,-1,152,151,153,-1,152,153,147,-1,147,153,146,-1,154,155,156,-1,156,155,157,-1,143,141,156,-1,156,141,154,-1,158,159,151,-1,151,159,153,-1,160,161,158,-1,158,161,159,-1,162,163,145,-1,156,157,143,-1,143,157,164,-1,143,164,145,-1,145,164,165,-1,145,165,162,-1,166,167,149,-1,167,168,149,-1,149,168,169,-1,149,169,151,-1,151,169,160,-1,151,160,158,-1,163,170,145,-1,145,170,171,-1,145,171,149,-1,149,171,172,-1,149,172,166,-1,159,161,153,-1,153,161,173,-1,153,173,146,-1,146,173,174,-1,146,174,175,-1,176,139,177,-1,177,139,146,-1,177,146,178,-1,178,146,175,-1,176,179,139,-1,139,179,180,-1,139,180,181,-1,181,182,139,-1,139,182,183,-1,139,183,141,-1,141,183,155,-1,141,155,154,-1,157,155,164,-1,164,155,183,-1,164,183,165,-1,165,183,182,-1,165,182,162,-1,162,182,181,-1,162,181,163,-1,163,181,180,-1,163,180,170,-1,170,180,179,-1,170,179,171,-1,171,179,176,-1,171,176,172,-1,172,176,177,-1,172,177,166,-1,166,177,178,-1,166,178,167,-1,167,178,175,-1,167,175,168,-1,168,175,174,-1,168,174,169,-1,169,174,173,-1,169,173,160,-1,160,173,161,-1,184,185,186,-1,186,185,187,-1,186,187,188,-1,188,187,189,-1,188,189,190,-1,190,189,191,-1,192,185,193,-1,193,185,184,-1,194,195,196,-1,196,195,197,-1,196,197,198,-1,198,197,199,-1,198,199,193,-1,193,199,192,-1,200,201,202,-1,202,201,203,-1,189,187,202,-1,202,187,200,-1,204,205,197,-1,197,205,199,-1,206,207,204,-1,204,207,205,-1,195,208,197,-1,197,208,206,-1,197,206,204,-1,202,203,189,-1,189,203,209,-1,189,209,191,-1,191,209,210,-1,191,210,211,-1,211,212,191,-1,191,212,213,-1,191,213,195,-1,213,214,195,-1,195,214,215,-1,195,215,216,-1,216,217,195,-1,195,217,218,-1,195,218,208,-1,219,220,192,-1,192,220,221,-1,192,221,185,-1,185,221,222,-1,222,223,185,-1,185,223,224,-1,185,224,225,-1,205,207,199,-1,199,207,226,-1,199,226,192,-1,192,226,227,-1,192,227,219,-1,225,228,185,-1,185,228,229,-1,185,229,187,-1,187,229,201,-1,187,201,200,-1,203,201,209,-1,209,201,229,-1,209,229,210,-1,210,229,228,-1,210,228,211,-1,211,228,225,-1,211,225,212,-1,212,225,224,-1,212,224,213,-1,213,224,223,-1,213,223,214,-1,214,223,222,-1,214,222,215,-1,215,222,221,-1,215,221,216,-1,216,221,220,-1,216,220,217,-1,217,220,219,-1,217,219,218,-1,218,219,227,-1,218,227,208,-1,208,227,226,-1,208,226,206,-1,206,226,207,-1,230,231,232,-1,232,231,233,-1,232,233,234,-1,234,233,235,-1,234,235,236,-1,236,235,237,-1,238,231,239,-1,239,231,230,-1,240,241,242,-1,242,241,243,-1,242,243,244,-1,244,243,245,-1,244,245,239,-1,239,245,238,-1,246,247,248,-1,248,247,249,-1,235,233,248,-1,248,233,246,-1,250,251,243,-1,243,251,245,-1,252,253,250,-1,250,253,251,-1,248,249,235,-1,235,249,254,-1,235,254,237,-1,254,255,237,-1,237,255,256,-1,237,256,257,-1,241,258,243,-1,243,258,252,-1,243,252,250,-1,257,259,237,-1,237,259,260,-1,237,260,241,-1,241,260,261,-1,241,261,262,-1,262,263,241,-1,241,263,264,-1,241,264,258,-1,265,231,266,-1,266,231,267,-1,251,253,245,-1,245,253,268,-1,245,268,238,-1,238,268,269,-1,238,269,270,-1,270,271,238,-1,238,271,272,-1,238,272,231,-1,231,272,273,-1,231,273,267,-1,265,274,231,-1,231,274,275,-1,231,275,233,-1,233,275,247,-1,233,247,246,-1,249,247,254,-1,254,247,275,-1,254,275,255,-1,255,275,274,-1,255,274,256,-1,256,274,265,-1,256,265,257,-1,257,265,266,-1,257,266,259,-1,259,266,267,-1,259,267,260,-1,260,267,273,-1,260,273,261,-1,261,273,272,-1,261,272,262,-1,262,272,271,-1,262,271,263,-1,263,271,270,-1,263,270,264,-1,264,270,269,-1,264,269,258,-1,258,269,268,-1,258,268,252,-1,252,268,253,-1,148,144,149,-1,149,144,145,-1,194,190,195,-1,195,190,191,-1,240,236,241,-1,241,236,237,-1,276,277,278,-1,278,277,279,-1,278,279,280,-1,280,279,281,-1,280,281,282,-1,282,281,283,-1,284,277,285,-1,285,277,276,-1,286,287,288,-1,288,287,289,-1,288,289,290,-1,290,289,291,-1,290,291,285,-1,285,291,284,-1,292,293,294,-1,294,293,295,-1,281,279,294,-1,294,279,292,-1,296,297,289,-1,289,297,291,-1,298,299,296,-1,296,299,297,-1,300,301,283,-1,294,295,281,-1,281,295,302,-1,281,302,283,-1,283,302,303,-1,283,303,300,-1,287,304,305,-1,305,306,287,-1,287,306,307,-1,287,307,289,-1,289,307,298,-1,289,298,296,-1,301,308,283,-1,283,308,309,-1,283,309,287,-1,287,309,310,-1,287,310,304,-1,311,312,277,-1,277,312,313,-1,297,299,291,-1,291,299,314,-1,291,314,284,-1,284,314,315,-1,284,315,316,-1,313,317,277,-1,277,317,318,-1,277,318,279,-1,279,318,293,-1,279,293,292,-1,316,319,284,-1,284,319,320,-1,284,320,277,-1,277,320,321,-1,277,321,311,-1,295,293,302,-1,302,293,318,-1,302,318,303,-1,303,318,317,-1,303,317,300,-1,300,317,313,-1,300,313,301,-1,301,313,312,-1,301,312,308,-1,308,312,311,-1,308,311,309,-1,309,311,321,-1,309,321,310,-1,310,321,320,-1,310,320,304,-1,304,320,319,-1,304,319,305,-1,305,319,316,-1,305,316,306,-1,306,316,315,-1,306,315,307,-1,307,315,314,-1,307,314,298,-1,298,314,299,-1,322,323,324,-1,324,323,325,-1,324,325,326,-1,326,325,327,-1,326,327,328,-1,328,327,329,-1,330,323,331,-1,331,323,322,-1,332,333,334,-1,334,333,335,-1,334,335,336,-1,336,335,337,-1,336,337,331,-1,331,337,330,-1,338,339,340,-1,340,339,341,-1,327,325,340,-1,340,325,338,-1,342,343,335,-1,335,343,337,-1,344,345,342,-1,342,345,343,-1,346,347,329,-1,340,341,327,-1,327,341,348,-1,327,348,329,-1,329,348,349,-1,329,349,346,-1,333,350,351,-1,351,352,333,-1,333,352,353,-1,333,353,335,-1,335,353,344,-1,335,344,342,-1,347,354,329,-1,329,354,355,-1,329,355,333,-1,333,355,356,-1,333,356,350,-1,357,358,323,-1,323,358,359,-1,343,345,337,-1,337,345,360,-1,337,360,330,-1,330,360,361,-1,330,361,362,-1,359,363,323,-1,323,363,364,-1,323,364,325,-1,325,364,339,-1,325,339,338,-1,362,365,330,-1,330,365,366,-1,330,366,323,-1,323,366,367,-1,323,367,357,-1,341,339,348,-1,348,339,364,-1,348,364,349,-1,349,364,363,-1,349,363,346,-1,346,363,359,-1,346,359,347,-1,347,359,358,-1,347,358,354,-1,354,358,357,-1,354,357,355,-1,355,357,367,-1,355,367,356,-1,356,367,366,-1,356,366,350,-1,350,366,365,-1,350,365,351,-1,351,365,362,-1,351,362,352,-1,352,362,361,-1,352,361,353,-1,353,361,360,-1,353,360,344,-1,344,360,345,-1,368,369,370,-1,370,369,371,-1,370,371,372,-1,372,371,373,-1,372,373,374,-1,374,373,375,-1,376,369,377,-1,377,369,368,-1,378,379,380,-1,380,379,381,-1,380,381,382,-1,382,381,383,-1,382,383,377,-1,377,383,376,-1,384,385,386,-1,386,385,387,-1,373,371,386,-1,386,371,384,-1,388,389,381,-1,381,389,383,-1,390,391,388,-1,388,391,389,-1,392,393,375,-1,386,387,373,-1,373,387,394,-1,373,394,375,-1,375,394,395,-1,375,395,392,-1,379,396,397,-1,397,398,379,-1,379,398,399,-1,379,399,381,-1,381,399,390,-1,381,390,388,-1,393,400,375,-1,375,400,401,-1,375,401,379,-1,379,401,402,-1,379,402,396,-1,403,404,369,-1,369,404,405,-1,389,391,383,-1,383,391,406,-1,383,406,376,-1,376,406,407,-1,376,407,408,-1,405,409,369,-1,369,409,410,-1,369,410,371,-1,371,410,385,-1,371,385,384,-1,408,411,376,-1,376,411,412,-1,376,412,369,-1,369,412,413,-1,369,413,403,-1,387,385,394,-1,394,385,410,-1,394,410,395,-1,395,410,409,-1,395,409,392,-1,392,409,405,-1,392,405,393,-1,393,405,404,-1,393,404,400,-1,400,404,403,-1,400,403,401,-1,401,403,413,-1,401,413,402,-1,402,413,412,-1,402,412,396,-1,396,412,411,-1,396,411,397,-1,397,411,408,-1,397,408,398,-1,398,408,407,-1,398,407,399,-1,399,407,406,-1,399,406,390,-1,390,406,391,-1,286,282,287,-1,287,282,283,-1,332,328,333,-1,333,328,329,-1,378,374,379,-1,379,374,375,-1,414,415,416,-1,416,415,417,-1,416,417,418,-1,418,417,419,-1,418,419,420,-1,420,419,421,-1,422,415,423,-1,423,415,414,-1,424,425,426,-1,426,425,427,-1,426,427,428,-1,428,427,429,-1,428,429,423,-1,423,429,422,-1,430,431,432,-1,432,431,433,-1,419,417,432,-1,432,417,430,-1,434,435,427,-1,427,435,429,-1,436,437,434,-1,434,437,435,-1,438,439,421,-1,432,433,419,-1,419,433,440,-1,419,440,421,-1,421,440,441,-1,421,441,438,-1,425,442,427,-1,427,442,436,-1,427,436,434,-1,439,443,421,-1,421,443,444,-1,421,444,425,-1,425,444,445,-1,425,445,446,-1,446,447,425,-1,425,447,448,-1,425,448,442,-1,449,450,415,-1,415,450,451,-1,451,452,415,-1,415,452,453,-1,415,453,417,-1,417,453,431,-1,417,431,430,-1,435,437,429,-1,429,437,454,-1,429,454,422,-1,422,454,455,-1,422,455,456,-1,456,457,422,-1,422,457,458,-1,422,458,415,-1,415,458,459,-1,415,459,449,-1,433,431,440,-1,440,431,453,-1,440,453,441,-1,441,453,452,-1,441,452,438,-1,438,452,451,-1,438,451,439,-1,439,451,450,-1,439,450,443,-1,443,450,449,-1,443,449,444,-1,444,449,459,-1,444,459,445,-1,445,459,458,-1,445,458,446,-1,446,458,457,-1,446,457,447,-1,447,457,456,-1,447,456,448,-1,448,456,455,-1,448,455,442,-1,442,455,454,-1,442,454,436,-1,436,454,437,-1,460,461,462,-1,462,461,463,-1,462,463,464,-1,464,463,465,-1,464,465,466,-1,466,465,467,-1,468,461,469,-1,469,461,460,-1,470,471,472,-1,472,471,473,-1,472,473,474,-1,474,473,475,-1,474,475,469,-1,469,475,468,-1,476,477,478,-1,478,477,479,-1,465,463,478,-1,478,463,476,-1,480,481,473,-1,473,481,475,-1,482,483,480,-1,480,483,481,-1,484,485,467,-1,478,479,465,-1,465,479,486,-1,465,486,467,-1,467,486,487,-1,467,487,484,-1,471,488,473,-1,473,488,482,-1,473,482,480,-1,485,489,467,-1,467,489,490,-1,467,490,471,-1,471,490,491,-1,471,491,492,-1,492,493,471,-1,471,493,494,-1,471,494,488,-1,495,496,461,-1,461,496,497,-1,497,498,461,-1,461,498,499,-1,461,499,463,-1,463,499,477,-1,463,477,476,-1,481,483,475,-1,475,483,500,-1,475,500,468,-1,468,500,501,-1,468,501,502,-1,502,503,468,-1,468,503,504,-1,468,504,461,-1,461,504,505,-1,461,505,495,-1,479,477,486,-1,486,477,499,-1,486,499,487,-1,487,499,498,-1,487,498,484,-1,484,498,497,-1,484,497,485,-1,485,497,496,-1,485,496,489,-1,489,496,495,-1,489,495,490,-1,490,495,505,-1,490,505,491,-1,491,505,504,-1,491,504,492,-1,492,504,503,-1,492,503,493,-1,493,503,502,-1,493,502,494,-1,494,502,501,-1,494,501,488,-1,488,501,500,-1,488,500,482,-1,482,500,483,-1,506,507,508,-1,508,507,509,-1,508,509,510,-1,510,509,511,-1,510,511,512,-1,512,511,513,-1,514,507,515,-1,515,507,506,-1,516,517,518,-1,518,517,519,-1,518,519,520,-1,520,519,521,-1,520,521,515,-1,515,521,514,-1,522,523,524,-1,524,523,525,-1,511,509,524,-1,524,509,522,-1,526,527,519,-1,519,527,521,-1,528,529,526,-1,526,529,527,-1,517,530,531,-1,532,533,513,-1,531,534,517,-1,517,534,535,-1,517,535,519,-1,519,535,528,-1,519,528,526,-1,524,525,511,-1,511,525,536,-1,511,536,513,-1,513,536,537,-1,513,537,532,-1,533,538,513,-1,513,538,539,-1,513,539,517,-1,517,539,540,-1,517,540,530,-1,507,541,509,-1,509,541,523,-1,509,523,522,-1,507,542,543,-1,527,529,521,-1,521,529,544,-1,521,544,514,-1,514,544,545,-1,514,545,546,-1,546,547,514,-1,514,547,548,-1,514,548,507,-1,507,548,549,-1,507,549,542,-1,543,550,507,-1,507,550,551,-1,507,551,541,-1,525,523,536,-1,536,523,541,-1,536,541,537,-1,537,541,551,-1,537,551,532,-1,532,551,550,-1,532,550,533,-1,533,550,543,-1,533,543,538,-1,538,543,542,-1,538,542,539,-1,539,542,549,-1,539,549,540,-1,540,549,548,-1,540,548,530,-1,530,548,547,-1,530,547,531,-1,531,547,546,-1,531,546,534,-1,534,546,545,-1,534,545,535,-1,535,545,544,-1,535,544,528,-1,528,544,529,-1,424,420,425,-1,425,420,421,-1,470,466,471,-1,471,466,467,-1,516,512,517,-1,517,512,513,-1,
        ]
    }
}
Shape{
    appearance Appearance {
        material  Material 	{
            diffuseColor 0.7019607843137254 0.7019607843137254 0.7019607843137254
            specularColor 0.050980392156862744 0.050980392156862744 0.050980392156862744
            ambientIntensity 1.0
            transparency 0.0
            shininess 0.5
        }
    }
    geometry IndexedFaceSet {
        ccw TRUE
        solid FALSE
        coord DEF co Coordinate {
            point [
                -1.6929 -3.5433 0.4764, -1.6929 -4.4094 0.4764, -1.6929 -3.5433 0.3976, -1.6929 -4.4094 0.3976, -2.5591 -4.4094 0.4764, -2.5591 -4.4094 0.3976, -2.5591 -3.5433 0.4764, -2.5591 -3.5433 0.3976, -2.3765 -4.2269 0.4764, -2.4328 -4.1535 0.4764, -1.7837 -4.0681 0.4764, -1.7717 -3.9764 0.4764, -1.7837 -3.8847 0.4764, -1.8191 -3.7992 0.4764, -1.8191 -4.1535 0.4764, -1.8754 -4.2269 0.4764, -1.9488 -4.2832 0.4764, -2.3031 -4.2832 0.4764, -2.0343 -4.3186 0.4764, -2.126 -4.3307 0.4764, -2.2177 -4.3186 0.4764, -2.0343 -3.6341 0.4764, -1.9488 -3.6695 0.4764, -1.8754 -3.7258 0.4764, -2.126 -3.622 0.4764, -2.2177 -3.6341 0.4764, -2.4682 -4.0681 0.4764, -2.4803 -3.9764 0.4764, -2.4682 -3.8847 0.4764, -2.4328 -3.7992 0.4764, -2.3765 -3.7258 0.4764, -2.3031 -3.6695 0.4764
            ]
        }
        coordIndex [
            0,1,2,-1,2,1,3,-1,1,4,3,-1,3,4,5,-1,4,6,5,-1,5,6,7,-1,6,0,7,-1,7,0,2,-1,8,9,4,-1,10,1,11,-1,11,1,0,-1,11,0,12,-1,12,0,13,-1,10,14,1,-1,1,14,15,-1,1,15,16,-1,8,4,17,-1,16,18,1,-1,1,18,19,-1,1,19,4,-1,4,19,20,-1,4,20,17,-1,21,22,0,-1,0,22,23,-1,0,23,13,-1,21,0,24,-1,24,0,6,-1,24,6,25,-1,9,26,4,-1,4,26,27,-1,4,27,6,-1,6,27,28,-1,6,28,29,-1,29,30,6,-1,6,30,31,-1,6,31,25,-1,
        ]
    }
}
Shape{
    appearance Appearance {
        material  Material 	{
            diffuseColor 0.8274509803921568 0.6666666666666666 0.12941176470588237
            specularColor 0.8274509803921568 0.6666666666666666 0.12941176470588237
            ambientIntensity 0.6535
            transparency 0.0
            shininess 0.5
        }
    }
    geometry IndexedFaceSet {
        ccw TRUE
        solid FALSE
        coord DEF co Coordinate {
            point [
                -2.3487 -3.7537 0.752, -2.3765 -3.7258 0.752, -2.3987 -3.8189 0.752, -2.4328 -3.7992 0.752, -2.4302 -3.8949 0.752, -2.4682 -3.8847 0.752, -2.4409 -3.9764 0.752, -2.4803 -3.9764 0.752, -2.4302 -4.0579 0.752, -2.4682 -4.0681 0.752, -2.3987 -4.1339 0.752, -2.4328 -4.1535 0.752, -2.3487 -4.1991 0.752, -2.3765 -4.2269 0.752, -2.2835 -4.2491 0.752, -2.3031 -4.2832 0.752, -2.2075 -4.2806 0.752, -2.2177 -4.3186 0.752, -2.126 -4.2913 0.752, -2.126 -4.3307 0.752, -2.0445 -4.2806 0.752, -2.0343 -4.3186 0.752, -1.9685 -4.2491 0.752, -1.9488 -4.2832 0.752, -1.9033 -4.1991 0.752, -1.8754 -4.2269 0.752, -1.8532 -4.1339 0.752, -1.8191 -4.1535 0.752, -1.8218 -4.0579 0.752, -1.7837 -4.0681 0.752, -1.811 -3.9764 0.752, -1.7717 -3.9764 0.752, -1.8218 -3.8949 0.752, -1.7837 -3.8847 0.752, -1.8532 -3.8189 0.752, -1.8191 -3.7992 0.752, -1.9033 -3.7537 0.752, -1.8754 -3.7258 0.752, -1.9685 -3.7036 0.752, -1.9488 -3.6695 0.752, -2.0445 -3.6721 0.752, -2.0343 -3.6341 0.752, -2.126 -3.6614 0.752, -2.126 -3.622 0.752, -2.2075 -3.6721 0.752, -2.2177 -3.6341 0.752, -2.2835 -3.7036 0.752, -2.3031 -3.6695 0.752, -2.4803 -3.9764 0.4764, -2.4682 -3.8847 0.4764, -2.4328 -3.7992 0.4764, -2.3765 -3.7258 0.4764, -2.3031 -3.6695 0.4764, -2.2177 -3.6341 0.4764, -2.126 -3.622 0.4764, -2.0343 -3.6341 0.4764, -1.9488 -3.6695 0.4764, -1.8754 -3.7258 0.4764, -1.8191 -3.7992 0.4764, -1.7837 -3.8847 0.4764, -1.7717 -3.9764 0.4764, -1.7837 -4.0681 0.4764, -1.8191 -4.1535 0.4764, -1.8754 -4.2269 0.4764, -1.9488 -4.2832 0.4764, -2.0343 -4.3186 0.4764, -2.126 -4.3307 0.4764, -2.2177 -4.3186 0.4764, -2.3031 -4.2832 0.4764, -2.3765 -4.2269 0.4764, -2.4328 -4.1535 0.4764, -2.4682 -4.0681 0.4764, -2.4409 -3.9764 0.4764, -2.4302 -3.8949 0.4764, -2.3987 -3.8189 0.4764, -2.3487 -3.7537 0.4764, -2.2835 -3.7036 0.4764, -2.2075 -3.6721 0.4764, -2.126 -3.6614 0.4764, -2.0445 -3.6721 0.4764, -1.9685 -3.7036 0.4764, -1.9033 -3.7537 0.4764, -1.8532 -3.8189 0.4764, -1.8218 -3.8949 0.4764, -1.811 -3.9764 0.4764, -1.8218 -4.0579 0.4764, -1.8532 -4.1339 0.4764, -1.9033 -4.1991 0.4764, -1.9685 -4.2491 0.4764, -2.0445 -4.2806 0.4764, -2.126 -4.2913 0.4764, -2.2075 -4.2806 0.4764, -2.2835 -4.2491 0.4764, -2.3487 -4.1991 0.4764, -2.3987 -4.1339 0.4764, -2.4302 -4.0579 0.4764
            ]
        }
        coordIndex [
            0,1,2,-1,2,1,3,-1,2,3,4,-1,4,3,5,-1,4,5,6,-1,6,5,7,-1,6,7,8,-1,8,7,9,-1,8,9,10,-1,10,9,11,-1,10,11,12,-1,12,11,13,-1,12,13,14,-1,14,13,15,-1,14,15,16,-1,16,15,17,-1,16,17,18,-1,18,17,19,-1,18,19,20,-1,20,19,21,-1,20,21,22,-1,22,21,23,-1,22,23,24,-1,24,23,25,-1,24,25,26,-1,26,25,27,-1,26,27,28,-1,28,27,29,-1,28,29,30,-1,30,29,31,-1,30,31,32,-1,32,31,33,-1,32,33,34,-1,34,33,35,-1,34,35,36,-1,36,35,37,-1,36,37,38,-1,38,37,39,-1,38,39,40,-1,40,39,41,-1,40,41,42,-1,42,41,43,-1,42,43,44,-1,44,43,45,-1,44,45,46,-1,46,45,47,-1,46,47,0,-1,0,47,1,-1,48,5,49,-1,49,5,3,-1,49,3,50,-1,50,3,1,-1,50,1,51,-1,51,1,47,-1,51,47,52,-1,52,47,45,-1,52,45,53,-1,53,45,43,-1,53,43,54,-1,54,43,41,-1,54,41,55,-1,55,41,39,-1,55,39,56,-1,56,39,37,-1,56,37,57,-1,57,37,35,-1,57,35,58,-1,58,35,33,-1,58,33,59,-1,59,33,31,-1,59,31,60,-1,60,31,29,-1,60,29,61,-1,61,29,27,-1,61,27,62,-1,62,27,25,-1,62,25,63,-1,63,25,23,-1,63,23,64,-1,64,23,21,-1,64,21,65,-1,65,21,19,-1,65,19,66,-1,66,19,17,-1,66,17,67,-1,67,17,15,-1,67,15,68,-1,68,15,13,-1,68,13,69,-1,69,13,11,-1,69,11,70,-1,70,11,9,-1,70,9,71,-1,71,9,7,-1,71,7,48,-1,48,7,5,-1,6,72,4,-1,4,72,73,-1,4,73,2,-1,2,73,74,-1,2,74,0,-1,0,74,75,-1,0,75,46,-1,46,75,76,-1,46,76,44,-1,44,76,77,-1,44,77,42,-1,42,77,78,-1,42,78,40,-1,40,78,79,-1,40,79,38,-1,38,79,80,-1,38,80,36,-1,36,80,81,-1,36,81,34,-1,34,81,82,-1,34,82,32,-1,32,82,83,-1,32,83,30,-1,30,83,84,-1,30,84,28,-1,28,84,85,-1,28,85,26,-1,26,85,86,-1,26,86,24,-1,24,86,87,-1,24,87,22,-1,22,87,88,-1,22,88,20,-1,20,88,89,-1,20,89,18,-1,18,89,90,-1,18,90,16,-1,16,90,91,-1,16,91,14,-1,14,91,92,-1,14,92,12,-1,12,92,93,-1,12,93,10,-1,10,93,94,-1,10,94,8,-1,8,94,95,-1,8,95,6,-1,6,95,72,-1,
        ]
    }
}
Shape{
    appearance Appearance {
        material  Material 	{
            diffuseColor 0.7019607843137254 0.7019607843137254 0.7019607843137254
            specularColor 0.050980392156862744 0.050980392156862744 0.050980392156862744
            ambientIntensity 1.0
            transparency 0.0
            shininess 0.5
        }
    }
    geometry IndexedFaceSet {
        ccw TRUE
        solid FALSE
        coord DEF co Coordinate {
            point [
                -2.2047 -3.9764 0.4764, -2.4409 -3.9764 0.4764, -2.202 -3.9968 0.4764, -2.4302 -4.0579 0.4764, -2.1942 -4.0157 0.4764, -2.3987 -4.1339 0.4764, -2.1817 -4.0321 0.4764, -2.3487 -4.1991 0.4764, -2.1654 -4.0446 0.4764, -2.2835 -4.2491 0.4764, -2.1464 -4.0524 0.4764, -2.2075 -4.2806 0.4764, -2.126 -4.0551 0.4764, -2.126 -4.2913 0.4764, -2.1056 -4.0524 0.4764, -2.0445 -4.2806 0.4764, -2.0866 -4.0446 0.4764, -1.9685 -4.2491 0.4764, -2.0703 -4.0321 0.4764, -1.9033 -4.1991 0.4764, -2.0578 -4.0157 0.4764, -1.8532 -4.1339 0.4764, -2.0499 -3.9968 0.4764, -1.8218 -4.0579 0.4764, -2.0472 -3.9764 0.4764, -1.811 -3.9764 0.4764, -2.0499 -3.956 0.4764, -1.8218 -3.8949 0.4764, -2.0578 -3.937 0.4764, -1.8532 -3.8189 0.4764, -2.0703 -3.9207 0.4764, -1.9033 -3.7537 0.4764, -2.0866 -3.9082 0.4764, -1.9685 -3.7036 0.4764, -2.1056 -3.9003 0.4764, -2.0445 -3.6721 0.4764, -2.126 -3.8976 0.4764, -2.126 -3.6614 0.4764, -2.1464 -3.9003 0.4764, -2.2075 -3.6721 0.4764, -2.1654 -3.9082 0.4764, -2.2835 -3.7036 0.4764, -2.1817 -3.9207 0.4764, -2.3487 -3.7537 0.4764, -2.1942 -3.937 0.4764, -2.3987 -3.8189 0.4764, -2.202 -3.956 0.4764, -2.4302 -3.8949 0.4764
            ]
        }
        coordIndex [
            0,1,2,-1,2,1,3,-1,2,3,4,-1,4,3,5,-1,4,5,6,-1,6,5,7,-1,6,7,8,-1,8,7,9,-1,8,9,10,-1,10,9,11,-1,10,11,12,-1,12,11,13,-1,12,13,14,-1,14,13,15,-1,14,15,16,-1,16,15,17,-1,16,17,18,-1,18,17,19,-1,18,19,20,-1,20,19,21,-1,20,21,22,-1,22,21,23,-1,22,23,24,-1,24,23,25,-1,24,25,26,-1,26,25,27,-1,26,27,28,-1,28,27,29,-1,28,29,30,-1,30,29,31,-1,30,31,32,-1,32,31,33,-1,32,33,34,-1,34,33,35,-1,34,35,36,-1,36,35,37,-1,36,37,38,-1,38,37,39,-1,38,39,40,-1,40,39,41,-1,40,41,42,-1,42,41,43,-1,42,43,44,-1,44,43,45,-1,44,45,46,-1,46,45,47,-1,46,47,0,-1,0,47,1,-1,
        ]
    }
}
Shape{
    appearance Appearance {
        material  Material 	{
            diffuseColor 0.8274509803921568 0.6666666666666666 0.12941176470588237
            specularColor 0.8274509803921568 0.6666666666666666 0.12941176470588237
            ambientIntensity 0.6535
            transparency 0.0
            shininess 0.5
        }
    }
    geometry IndexedFaceSet {
        ccw TRUE
        solid FALSE
        coord DEF co Coordinate {
            point [
                -2.2047 -3.9764 0.4764, -2.202 -3.956 0.6732, -2.202 -3.956 0.4764, -2.1942 -3.937 0.6732, -2.1942 -3.937 0.4764, -2.1817 -3.9207 0.6732, -2.1817 -3.9207 0.4764, -2.1654 -3.9082 0.6732, -2.1654 -3.9082 0.4764, -2.1464 -3.9003 0.6732, -2.1464 -3.9003 0.4764, -2.126 -3.8976 0.6732, -2.126 -3.8976 0.4764, -2.1056 -3.9003 0.6732, -2.1056 -3.9003 0.4764, -2.0866 -3.9082 0.6732, -2.0866 -3.9082 0.4764, -2.0703 -3.9207 0.6732, -2.0703 -3.9207 0.4764, -2.0578 -3.937 0.6732, -2.0578 -3.937 0.4764, -2.0499 -3.956 0.6732, -2.0499 -3.956 0.4764, -2.0472 -3.9764 0.6732, -2.0472 -3.9764 0.4764, -2.0499 -3.9968 0.6732, -2.0499 -3.9968 0.4764, -2.0578 -4.0157 0.6732, -2.0578 -4.0157 0.4764, -2.0703 -4.0321 0.6732, -2.0703 -4.0321 0.4764, -2.0866 -4.0446 0.6732, -2.0866 -4.0446 0.4764, -2.1056 -4.0524 0.6732, -2.1056 -4.0524 0.4764, -2.126 -4.0551 0.6732, -2.126 -4.0551 0.4764, -2.1464 -4.0524 0.6732, -2.1464 -4.0524 0.4764, -2.1654 -4.0446 0.6732, -2.1654 -4.0446 0.4764, -2.1817 -4.0321 0.6732, -2.1817 -4.0321 0.4764, -2.1942 -4.0157 0.6732, -2.1942 -4.0157 0.4764, -2.202 -3.9968 0.6732, -2.202 -3.9968 0.4764, -2.2047 -3.9764 0.6732, -2.126 -3.9764 0.752, -2.1063 -3.9711 0.7493, -2.1083 -3.9662 0.7493, -2.1056 -3.9764 0.7493, -2.1158 -3.9587 0.7493, -2.1207 -3.9567 0.7493, -2.1116 -3.962 0.7493, -2.1313 -3.9567 0.7493, -2.1362 -3.9587 0.7493, -2.126 -3.956 0.7493, -2.1436 -3.9662 0.7493, -2.1457 -3.9711 0.7493, -2.1404 -3.962 0.7493, -2.1457 -3.9817 0.7493, -2.1436 -3.9866 0.7493, -2.1464 -3.9764 0.7493, -2.1362 -3.994 0.7493, -2.1313 -3.9961 0.7493, -2.1404 -3.9908 0.7493, -2.1207 -3.9961 0.7493, -2.1158 -3.994 0.7493, -2.126 -3.9968 0.7493, -2.1083 -3.9866 0.7493, -2.1063 -3.9817 0.7493, -2.1116 -3.9908 0.7493, -2.088 -3.9662 0.7414, -2.0919 -3.9567 0.7414, -2.0981 -3.9485 0.7414, -2.1063 -3.9423 0.7414, -2.1158 -3.9383 0.7414, -2.126 -3.937 0.7414, -2.1362 -3.9383 0.7414, -2.1457 -3.9423 0.7414, -2.1538 -3.9485 0.7414, -2.1601 -3.9567 0.7414, -2.164 -3.9662 0.7414, -2.1654 -3.9764 0.7414, -2.164 -3.9866 0.7414, -2.1601 -3.9961 0.7414, -2.1538 -4.0042 0.7414, -2.1457 -4.0105 0.7414, -2.1362 -4.0144 0.7414, -2.126 -4.0157 0.7414, -2.1158 -4.0144 0.7414, -2.1063 -4.0105 0.7414, -2.0981 -4.0042 0.7414, -2.0919 -3.9961 0.7414, -2.088 -3.9866 0.7414, -2.0866 -3.9764 0.7414, -2.0722 -3.962 0.7289, -2.0778 -3.9485 0.7289, -2.0866 -3.937 0.7289, -2.0981 -3.9282 0.7289, -2.1116 -3.9226 0.7289, -2.126 -3.9207 0.7289, -2.1404 -3.9226 0.7289, -2.1538 -3.9282 0.7289, -2.1654 -3.937 0.7289, -2.1742 -3.9485 0.7289, -2.1798 -3.962 0.7289, -2.1817 -3.9764 0.7289, -2.1798 -3.9908 0.7289, -2.1742 -4.0042 0.7289, -2.1654 -4.0157 0.7289, -2.1538 -4.0246 0.7289, -2.1404 -4.0302 0.7289, -2.126 -4.0321 0.7289, -2.1116 -4.0302 0.7289, -2.0981 -4.0246 0.7289, -2.0866 -4.0157 0.7289, -2.0778 -4.0042 0.7289, -2.0722 -3.9908 0.7289, -2.0703 -3.9764 0.7289, -2.0601 -3.9587 0.7126, -2.0669 -3.9423 0.7126, -2.0778 -3.9282 0.7126, -2.0919 -3.9173 0.7126, -2.1083 -3.9105 0.7126, -2.126 -3.9082 0.7126, -2.1436 -3.9105 0.7126, -2.1601 -3.9173 0.7126, -2.1742 -3.9282 0.7126, -2.185 -3.9423 0.7126, -2.1919 -3.9587 0.7126, -2.1942 -3.9764 0.7126, -2.1919 -3.994 0.7126, -2.185 -4.0105 0.7126, -2.1742 -4.0246 0.7126, -2.1601 -4.0354 0.7126, -2.1436 -4.0422 0.7126, -2.126 -4.0446 0.7126, -2.1083 -4.0422 0.7126, -2.0919 -4.0354 0.7126, -2.0778 -4.0246 0.7126, -2.0669 -4.0105 0.7126, -2.0601 -3.994 0.7126, -2.0578 -3.9764 0.7126, -2.0525 -3.9567 0.6936, -2.0601 -3.9383 0.6936, -2.0722 -3.9226 0.6936, -2.088 -3.9105 0.6936, -2.1063 -3.9029 0.6936, -2.126 -3.9003 0.6936, -2.1457 -3.9029 0.6936, -2.164 -3.9105 0.6936, -2.1798 -3.9226 0.6936, -2.1919 -3.9383 0.6936, -2.1995 -3.9567 0.6936, -2.202 -3.9764 0.6936, -2.1995 -3.9961 0.6936, -2.1919 -4.0144 0.6936, -2.1798 -4.0302 0.6936, -2.164 -4.0422 0.6936, -2.1457 -4.0498 0.6936, -2.126 -4.0524 0.6936, -2.1063 -4.0498 0.6936, -2.088 -4.0422 0.6936, -2.0722 -4.0302 0.6936, -2.0601 -4.0144 0.6936, -2.0525 -3.9961 0.6936, -2.0499 -3.9764 0.6936
            ]
        }
        coordIndex [
            0,1,2,-1,2,1,3,-1,2,3,4,-1,4,3,5,-1,4,5,6,-1,6,5,7,-1,6,7,8,-1,8,7,9,-1,8,9,10,-1,10,9,11,-1,10,11,12,-1,12,11,13,-1,12,13,14,-1,14,13,15,-1,14,15,16,-1,16,15,17,-1,16,17,18,-1,18,17,19,-1,18,19,20,-1,20,19,21,-1,20,21,22,-1,22,21,23,-1,22,23,24,-1,24,23,25,-1,24,25,26,-1,26,25,27,-1,26,27,28,-1,28,27,29,-1,28,29,30,-1,30,29,31,-1,30,31,32,-1,32,31,33,-1,32,33,34,-1,34,33,35,-1,34,35,36,-1,36,35,37,-1,36,37,38,-1,38,37,39,-1,38,39,40,-1,40,39,41,-1,40,41,42,-1,42,41,43,-1,42,43,44,-1,44,43,45,-1,44,45,46,-1,46,45,47,-1,46,47,0,-1,0,47,1,-1,48,49,50,-1,51,49,48,-1,48,52,53,-1,54,52,48,-1,50,54,48,-1,48,55,56,-1,57,55,48,-1,53,57,48,-1,48,58,59,-1,60,58,48,-1,56,60,48,-1,48,61,62,-1,63,61,48,-1,59,63,48,-1,48,64,65,-1,66,64,48,-1,62,66,48,-1,48,67,68,-1,69,67,48,-1,65,69,48,-1,48,70,71,-1,72,70,48,-1,68,72,48,-1,71,51,48,-1,51,73,49,-1,49,73,74,-1,49,74,50,-1,50,74,75,-1,50,75,54,-1,54,75,76,-1,54,76,52,-1,52,76,77,-1,52,77,53,-1,53,77,78,-1,53,78,57,-1,57,78,79,-1,57,79,55,-1,55,79,80,-1,55,80,56,-1,56,80,81,-1,56,81,60,-1,60,81,82,-1,60,82,58,-1,58,82,83,-1,58,83,59,-1,59,83,84,-1,59,84,63,-1,63,84,85,-1,63,85,61,-1,61,85,86,-1,61,86,62,-1,62,86,87,-1,62,87,66,-1,66,87,88,-1,66,88,64,-1,64,88,89,-1,64,89,65,-1,65,89,90,-1,65,90,69,-1,69,90,91,-1,69,91,67,-1,67,91,92,-1,67,92,68,-1,68,92,93,-1,68,93,72,-1,72,93,94,-1,72,94,70,-1,70,94,95,-1,70,95,71,-1,71,95,96,-1,71,96,51,-1,51,96,73,-1,96,97,73,-1,73,97,98,-1,73,98,74,-1,74,98,99,-1,74,99,75,-1,75,99,100,-1,75,100,76,-1,76,100,101,-1,76,101,77,-1,77,101,102,-1,77,102,78,-1,78,102,103,-1,78,103,79,-1,79,103,104,-1,79,104,80,-1,80,104,105,-1,80,105,81,-1,81,105,106,-1,81,106,82,-1,82,106,107,-1,82,107,83,-1,83,107,108,-1,83,108,84,-1,84,108,109,-1,84,109,85,-1,85,109,110,-1,85,110,86,-1,86,110,111,-1,86,111,87,-1,87,111,112,-1,87,112,88,-1,88,112,113,-1,88,113,89,-1,89,113,114,-1,89,114,90,-1,90,114,115,-1,90,115,91,-1,91,115,116,-1,91,116,92,-1,92,116,117,-1,92,117,93,-1,93,117,118,-1,93,118,94,-1,94,118,119,-1,94,119,95,-1,95,119,120,-1,95,120,96,-1,96,120,97,-1,120,121,97,-1,97,121,122,-1,97,122,98,-1,98,122,123,-1,98,123,99,-1,99,123,124,-1,99,124,100,-1,100,124,125,-1,100,125,101,-1,101,125,126,-1,101,126,102,-1,102,126,127,-1,102,127,103,-1,103,127,128,-1,103,128,104,-1,104,128,129,-1,104,129,105,-1,105,129,130,-1,105,130,106,-1,106,130,131,-1,106,131,107,-1,107,131,132,-1,107,132,108,-1,108,132,133,-1,108,133,109,-1,109,133,134,-1,109,134,110,-1,110,134,135,-1,110,135,111,-1,111,135,136,-1,111,136,112,-1,112,136,137,-1,112,137,113,-1,113,137,138,-1,113,138,114,-1,114,138,139,-1,114,139,115,-1,115,139,140,-1,115,140,116,-1,116,140,141,-1,116,141,117,-1,117,141,142,-1,117,142,118,-1,118,142,143,-1,118,143,119,-1,119,143,144,-1,119,144,120,-1,120,144,121,-1,144,145,121,-1,121,145,146,-1,121,146,122,-1,122,146,147,-1,122,147,123,-1,123,147,148,-1,123,148,124,-1,124,148,149,-1,124,149,125,-1,125,149,150,-1,125,150,126,-1,126,150,151,-1,126,151,127,-1,127,151,152,-1,127,152,128,-1,128,152,153,-1,128,153,129,-1,129,153,154,-1,129,154,130,-1,130,154,155,-1,130,155,131,-1,131,155,156,-1,131,156,132,-1,132,156,157,-1,132,157,133,-1,133,157,158,-1,133,158,134,-1,134,158,159,-1,134,159,135,-1,135,159,160,-1,135,160,136,-1,136,160,161,-1,136,161,137,-1,137,161,162,-1,137,162,138,-1,138,162,163,-1,138,163,139,-1,139,163,164,-1,139,164,140,-1,140,164,165,-1,140,165,141,-1,141,165,166,-1,141,166,142,-1,142,166,167,-1,142,167,143,-1,143,167,168,-1,143,168,144,-1,144,168,145,-1,168,21,145,-1,145,21,19,-1,145,19,146,-1,146,19,17,-1,146,17,147,-1,147,17,15,-1,147,15,148,-1,148,15,13,-1,148,13,149,-1,149,13,11,-1,149,11,150,-1,150,11,9,-1,150,9,151,-1,151,9,7,-1,151,7,152,-1,152,7,5,-1,152,5,153,-1,153,5,3,-1,153,3,154,-1,154,3,1,-1,154,1,155,-1,155,1,47,-1,155,47,156,-1,156,47,45,-1,156,45,157,-1,157,45,43,-1,157,43,158,-1,158,43,41,-1,158,41,159,-1,159,41,39,-1,159,39,160,-1,160,39,37,-1,160,37,161,-1,161,37,35,-1,161,35,162,-1,162,35,33,-1,162,33,163,-1,163,33,31,-1,163,31,164,-1,164,31,29,-1,164,29,165,-1,165,29,27,-1,165,27,166,-1,166,27,25,-1,166,25,167,-1,167,25,23,-1,167,23,168,-1,168,23,21,-1,
        ]
    }
}
Shape{
    appearance Appearance {
        material  Material 	{
            diffuseColor 0.0 0.0 0.0
            specularColor 0.0 0.0 0.0
            ambientIntensity 0.0
            transparency 0.0
            shininess 0.5
        }
    }
    geometry IndexedFaceSet {
        ccw TRUE
        solid FALSE
        coord DEF co Coordinate {
            point [
                0.5647 4.2475 1.1854, 0.5781 4.2557 1.1854, 0.561 4.2512 1.1854, 0.573 4.2609 1.1854, 0.5513 4.2576 1.1854, 0.5605 4.2695 1.1854, 0.5403 4.2614 1.1854, 0.5454 4.2752 1.1854, 0.5246 4.2631 1.1854, 0.5253 4.2776 1.1854, 0.5056 4.2631 1.1854, 0.4893 4.2776 1.1854, 0.5056 4.1659 1.1854, 0.4893 4.1515 1.1854, 0.5239 4.1659 1.1854, 0.524 4.1515 1.1854, 0.5402 4.1676 1.1854, 0.542 4.1533 1.1854, 0.5509 4.1715 1.1854, 0.5571 4.1583 1.1854, 0.5592 4.177 1.1854, 0.5696 4.1662 1.1854, 0.5614 4.179 1.1854, 0.573 4.1691 1.1854, 0.568 4.1873 1.1854, 0.5823 4.1802 1.1854, 0.5722 4.1968 1.1854, 0.5885 4.1932 1.1854, 0.5745 4.2085 1.1854, 0.5916 4.208 1.1854, 0.5749 4.2157 1.1854, 0.592 4.2161 1.1854, 0.5731 4.2311 1.1854, 0.5902 4.2322 1.1854, 0.5696 4.2404 1.1854, 0.5858 4.2445 1.1854, 0.573 4.1691 1.185, 0.5823 4.1802 1.185, 0.5885 4.1932 1.185, 0.5916 4.208 1.185, 0.592 4.2161 1.185, 0.5902 4.2322 1.185, 0.5858 4.2445 1.185, 0.5781 4.2557 1.185, 0.573 4.2609 1.185, 0.5605 4.2695 1.185, 0.5454 4.2752 1.185, 0.5253 4.2776 1.185, 0.4893 4.2776 1.185, 0.4893 4.1515 1.185, 0.524 4.1515 1.185, 0.542 4.1533 1.185, 0.5571 4.1583 1.185, 0.5696 4.1662 1.185, 0.561 4.2512 1.185, 0.5647 4.2475 1.185, 0.5696 4.2404 1.185, 0.5731 4.2311 1.185, 0.5749 4.2157 1.185, 0.5246 4.2631 1.185, 0.5403 4.2614 1.185, 0.5513 4.2576 1.185, 0.5056 4.2631 1.185, 0.5056 4.1659 1.185, 0.5239 4.1659 1.185, 0.5614 4.179 1.185, 0.5592 4.177 1.185, 0.5509 4.1715 1.185, 0.5402 4.1676 1.185, 0.5745 4.2085 1.185, 0.5722 4.1968 1.185, 0.568 4.1873 1.185
            ]
        }
        coordIndex [
            0,1,2,-1,2,1,3,-1,2,3,4,-1,4,3,5,-1,4,5,6,-1,6,5,7,-1,6,7,8,-1,8,7,9,-1,8,9,10,-1,10,9,11,-1,10,11,12,-1,12,11,13,-1,12,13,14,-1,14,13,15,-1,14,15,16,-1,16,15,17,-1,16,17,18,-1,18,17,19,-1,18,19,20,-1,20,19,21,-1,20,21,22,-1,22,21,23,-1,22,23,24,-1,24,23,25,-1,24,25,26,-1,26,25,27,-1,26,27,28,-1,28,27,29,-1,28,29,30,-1,30,29,31,-1,30,31,32,-1,32,31,33,-1,32,33,34,-1,34,33,35,-1,34,35,0,-1,0,35,1,-1,23,36,37,-1,23,37,25,-1,25,37,38,-1,25,38,27,-1,27,38,39,-1,27,39,29,-1,29,39,40,-1,29,40,31,-1,31,40,41,-1,31,41,33,-1,33,41,42,-1,33,42,35,-1,35,42,43,-1,35,43,1,-1,1,43,44,-1,1,44,3,-1,3,44,45,-1,3,45,5,-1,5,45,46,-1,5,46,7,-1,7,46,47,-1,7,47,9,-1,11,9,48,-1,48,9,47,-1,13,11,49,-1,49,11,48,-1,15,13,50,-1,50,13,49,-1,15,50,51,-1,15,51,17,-1,17,51,52,-1,17,52,19,-1,19,52,53,-1,19,53,21,-1,21,53,36,-1,21,36,23,-1,2,54,55,-1,2,55,0,-1,0,55,56,-1,0,56,34,-1,34,56,57,-1,34,57,32,-1,32,57,58,-1,32,58,30,-1,8,59,60,-1,8,60,6,-1,6,60,61,-1,6,61,4,-1,4,61,54,-1,4,54,2,-1,8,10,59,-1,59,10,62,-1,10,12,62,-1,62,12,63,-1,12,14,63,-1,63,14,64,-1,22,65,66,-1,22,66,20,-1,20,66,67,-1,20,67,18,-1,18,67,68,-1,18,68,16,-1,16,68,64,-1,16,64,14,-1,30,58,69,-1,30,69,28,-1,28,69,70,-1,28,70,26,-1,26,70,71,-1,26,71,24,-1,24,71,65,-1,24,65,22,-1,
        ]
    }
}
Shape{
    appearance Appearance {
        material  Material 	{
            diffuseColor 0.6666666666666666 0.6666666666666666 0.6666666666666666
            specularColor 0.4666666666666667 0.4666666666666667 0.4666666666666667
            ambientIntensity 0.6667
            transparency 0.0
            shininess 0.5
        }
    }
    geometry IndexedFaceSet {
        ccw TRUE
        solid FALSE
        coord DEF co Coordinate {
            point [
                0.5056 4.2631 1.185, 0.5056 4.1659 1.185, 0.5246 4.2631 1.185, 0.5239 4.1659 1.185, 0.5592 4.177 1.185, 0.5614 4.179 1.185, 0.5402 4.1676 1.185, 0.5509 4.1715 1.185, 0.568 4.1873 1.185, 0.5722 4.1968 1.185, 0.5745 4.2085 1.185, 0.5749 4.2157 1.185, 0.5731 4.2311 1.185, 0.5696 4.2404 1.185, 0.5647 4.2475 1.185, 0.561 4.2512 1.185, 0.5403 4.2614 1.185, 0.5513 4.2576 1.185
            ]
        }
        coordIndex [
            0,1,2,-1,2,1,3,-1,2,4,5,-1,3,6,2,-1,2,6,7,-1,2,7,4,-1,5,8,2,-1,2,8,9,-1,2,9,10,-1,10,11,2,-1,2,11,12,-1,2,12,13,-1,13,14,2,-1,2,14,15,-1,2,15,16,-1,16,15,17,-1,
        ]
    }
}
Shape{
    appearance Appearance {
        material  Material 	{
            diffuseColor 0.0 0.0 0.0
            specularColor 0.0 0.0 0.0
            ambientIntensity 0.0
            transparency 0.0
            shininess 0.5
        }
    }
    geometry IndexedFaceSet {
        ccw TRUE
        solid FALSE
        coord DEF co Coordinate {
            point [
                0.3397 4.1737 1.1854, 0.3397 4.1737 1.185, 0.3385 4.1695 1.185, 0.3385 4.1695 1.1854, 0.3378 4.1664 1.185, 0.3378 4.1664 1.1854, 0.3373 4.1664 1.1854, 0.3373 4.1664 1.185, 0.3354 4.1738 1.1854, 0.3354 4.1738 1.185, 0.3119 4.2415 1.185, 0.3119 4.2415 1.1854, 0.3195 4.2196 1.185, 0.2942 4.2415 1.1854, 0.2942 4.2415 1.185, 0.3295 4.1517 1.185, 0.3295 4.1517 1.1854, 0.3195 4.1772 1.185, 0.3226 4.1353 1.185, 0.3226 4.1353 1.1854, 0.329 4.1504 1.185, 0.3195 4.1296 1.185, 0.3195 4.1296 1.1854, 0.3195 4.1296 1.185, 0.3166 4.1263 1.1854, 0.3166 4.1263 1.185, 0.3137 4.1243 1.185, 0.3137 4.1243 1.1854, 0.3102 4.123 1.185, 0.3102 4.123 1.1854, 0.3064 4.1226 1.185, 0.3064 4.1226 1.1854, 0.3007 4.1233 1.185, 0.3007 4.1233 1.1854, 0.2975 4.1244 1.185, 0.2975 4.1244 1.1854, 0.2975 4.1103 1.1854, 0.2975 4.1103 1.185, 0.3042 4.1092 1.185, 0.3042 4.1092 1.1854, 0.3077 4.1091 1.185, 0.3077 4.1091 1.1854, 0.314 4.1098 1.185, 0.3195 4.1119 1.185, 0.3203 4.1122 1.1854, 0.314 4.1098 1.1854, 0.3203 4.1122 1.185, 0.3258 4.116 1.185, 0.3258 4.116 1.1854, 0.3269 4.117 1.185, 0.3269 4.117 1.1854, 0.3326 4.1239 1.185, 0.3326 4.1239 1.1854, 0.3398 4.1379 1.185, 0.3398 4.1379 1.1854, 0.3807 4.2415 1.185, 0.3807 4.2415 1.1854, 0.3447 4.1504 1.185, 0.3643 4.2415 1.1854, 0.3643 4.2415 1.185, 0.2627 4.1508 1.1854, 0.2496 4.1493 1.1854, 0.2595 4.1504 1.185, 0.2496 4.1493 1.185, 0.2627 4.1508 1.185, 0.2713 4.1538 1.185, 0.2713 4.1538 1.1854, 0.2758 4.1565 1.185, 0.2758 4.1565 1.1854, 0.2804 4.1605 1.185, 0.2804 4.1605 1.1854, 0.2833 4.1646 1.185, 0.2833 4.1646 1.1854, 0.2852 4.1696 1.185, 0.2852 4.1696 1.1854, 0.286 4.176 1.185, 0.286 4.176 1.1854, 0.2853 4.1819 1.185, 0.2853 4.1819 1.1854, 0.2837 4.1865 1.185, 0.2837 4.1865 1.1854, 0.2807 4.1909 1.185, 0.2807 4.1909 1.1854, 0.2769 4.1942 1.185, 0.2769 4.1942 1.1854, 0.2665 4.2001 1.185, 0.2665 4.2001 1.1854, 0.2603 4.2025 1.185, 0.2603 4.2025 1.1854, 0.2506 4.2068 1.185, 0.2506 4.2068 1.1854, 0.245 4.2103 1.185, 0.245 4.2103 1.1854, 0.2435 4.212 1.185, 0.2435 4.212 1.1854, 0.2423 4.2141 1.185, 0.2423 4.2141 1.1854, 0.2417 4.2165 1.185, 0.2417 4.2165 1.1854, 0.2415 4.2186 1.185, 0.2415 4.2186 1.1854, 0.2418 4.2212 1.185, 0.2418 4.2212 1.1854, 0.2426 4.2233 1.185, 0.2426 4.2233 1.1854, 0.244 4.2253 1.185, 0.244 4.2253 1.1854, 0.2463 4.2274 1.185, 0.2463 4.2274 1.1854, 0.2499 4.2293 1.185, 0.2499 4.2293 1.1854, 0.2541 4.2304 1.185, 0.2541 4.2304 1.1854, 0.2588 4.2308 1.185, 0.2588 4.2308 1.1854, 0.2692 4.2296 1.185, 0.2692 4.2296 1.1854, 0.2781 4.2263 1.185, 0.2781 4.2263 1.1854, 0.2817 4.2243 1.185, 0.2817 4.2243 1.1854, 0.2817 4.2396 1.1854, 0.2817 4.2396 1.185, 0.269 4.243 1.185, 0.269 4.243 1.1854, 0.2603 4.2436 1.185, 0.2603 4.2436 1.1854, 0.2487 4.2423 1.185, 0.2487 4.2423 1.1854, 0.24 4.2392 1.185, 0.24 4.2392 1.1854, 0.2354 4.2364 1.185, 0.2354 4.2364 1.1854, 0.2307 4.2322 1.1854, 0.2325 4.2338 1.185, 0.2307 4.2322 1.185, 0.2278 4.228 1.185, 0.2278 4.228 1.1854, 0.2259 4.2229 1.185, 0.2259 4.2229 1.1854, 0.2253 4.2172 1.185, 0.2253 4.2172 1.1854, 0.2259 4.2111 1.185, 0.2259 4.2111 1.1854, 0.2277 4.2063 1.185, 0.2277 4.2063 1.1854, 0.2298 4.203 1.185, 0.2298 4.203 1.1854, 0.2492 4.1911 1.185, 0.2492 4.1911 1.1854, 0.2398 4.1954 1.1854, 0.2323 4.2003 1.185, 0.2323 4.2003 1.1854, 0.2325 4.2002 1.185, 0.2398 4.1954 1.185, 0.2596 4.1867 1.185, 0.2596 4.1867 1.1854, 0.2657 4.183 1.185, 0.2657 4.183 1.1854, 0.2677 4.1809 1.185, 0.2677 4.1809 1.1854, 0.2689 4.1789 1.185, 0.2689 4.1789 1.1854, 0.2696 4.1764 1.185, 0.2696 4.1764 1.1854, 0.2698 4.1744 1.185, 0.2698 4.1744 1.1854, 0.2695 4.1714 1.185, 0.2695 4.1714 1.1854, 0.2687 4.1692 1.185, 0.2687 4.1692 1.1854, 0.2673 4.1671 1.185, 0.2673 4.1671 1.1854, 0.2655 4.1655 1.185, 0.2655 4.1655 1.1854, 0.264 4.1646 1.185, 0.264 4.1646 1.1854, 0.2599 4.1632 1.185, 0.2599 4.1632 1.1854, 0.2519 4.1622 1.185, 0.2519 4.1622 1.1854, 0.2512 4.1622 1.185, 0.2512 4.1622 1.1854, 0.2412 4.1634 1.185, 0.2325 4.1667 1.185, 0.2313 4.1671 1.1854, 0.2412 4.1634 1.1854, 0.2313 4.1671 1.185, 0.2252 4.1709 1.185, 0.2252 4.1709 1.1854, 0.2252 4.1546 1.1854, 0.2252 4.1546 1.185, 0.2365 4.1507 1.1854, 0.2325 4.1521 1.185, 0.2392 4.1504 1.185, 0.2365 4.1507 1.185, 0.188 4.1515 1.1854, 0.2038 4.1515 1.1854, 0.188 4.1654 1.1854, 0.2038 4.2094 1.1854, 0.188 4.2087 1.1854, 0.154 4.1901 1.1854, 0.158 4.1918 1.1854, 0.1669 4.1938 1.1854, 0.188 4.1967 1.1854, 0.188 4.188 1.1854, 0.1876 4.1654 1.1854, 0.1792 4.1677 1.1854, 0.1851 4.1617 1.1854, 0.1748 4.1647 1.1854, 0.188 4.187 1.1854, 0.1869 4.1799 1.1854, 0.1846 4.1743 1.1854, 0.1812 4.1697 1.1854, 0.1874 4.2157 1.1854, 0.2025 4.2215 1.1854, 0.1858 4.2213 1.1854, 0.2 4.2286 1.1854, 0.1839 4.2246 1.1854, 0.1968 4.2337 1.1854, 0.1816 4.2271 1.1854, 0.1926 4.2377 1.1854, 0.1787 4.2289 1.1854, 0.1873 4.2407 1.1854, 0.1751 4.2302 1.1854, 0.1807 4.2428 1.1854, 0.1697 4.2308 1.1854, 0.1712 4.2436 1.1854, 0.1602 4.2298 1.1854, 0.1559 4.2418 1.1854, 0.1503 4.2264 1.1854, 0.144 4.2374 1.1854, 0.1402 4.2199 1.1854, 0.1402 4.2352 1.1854, 0.1507 4.1677 1.1854, 0.1391 4.1564 1.1854, 0.152 4.1664 1.1854, 0.1445 4.1527 1.1854, 0.1552 4.1642 1.1854, 0.1505 4.1504 1.1854, 0.1587 4.1629 1.1854, 0.16 4.1493 1.1854, 0.1641 4.1623 1.1854, 0.1681 4.1502 1.1854, 0.17 4.163 1.1854, 0.1745 4.1526 1.1854, 0.1801 4.1563 1.1854, 0.1476 4.1794 1.1854, 0.1315 4.1775 1.1854, 0.1474 4.1769 1.1854, 0.1314 4.1756 1.1854, 0.1478 4.1732 1.1854, 0.1322 4.1684 1.1854, 0.1489 4.1704 1.1854, 0.1341 4.1631 1.1854, 0.1374 4.1582 1.1854, 0.1613 4.205 1.1854, 0.1494 4.2021 1.1854, 0.1516 4.1883 1.1854, 0.1427 4.1986 1.1854, 0.1497 4.1859 1.1854, 0.1378 4.1944 1.1854, 0.1483 4.183 1.1854, 0.1346 4.1899 1.1854, 0.1325 4.1843 1.1854, 0.1697 4.2308 1.185, 0.1751 4.2302 1.185, 0.1787 4.2289 1.185, 0.1816 4.2271 1.185, 0.1839 4.2246 1.185, 0.1858 4.2213 1.185, 0.1874 4.2157 1.185, 0.188 4.2087 1.185, 0.1613 4.205 1.185, 0.1494 4.2021 1.185, 0.1427 4.1986 1.185, 0.1378 4.1944 1.185, 0.1346 4.1899 1.185, 0.1325 4.1843 1.185, 0.1315 4.1775 1.185, 0.1314 4.1756 1.185, 0.1322 4.1684 1.185, 0.1341 4.1631 1.185, 0.1374 4.1582 1.185, 0.1391 4.1564 1.185, 0.16 4.1493 1.185, 0.1508 4.1504 1.185, 0.1505 4.1504 1.185, 0.1445 4.1527 1.185, 0.1681 4.1502 1.185, 0.1686 4.1504 1.185, 0.1745 4.1526 1.185, 0.1801 4.1563 1.185, 0.1851 4.1617 1.185, 0.1876 4.1654 1.185, 0.188 4.1654 1.185, 0.188 4.1515 1.185, 0.2038 4.1515 1.185, 0.2038 4.2094 1.185, 0.2025 4.2215 1.185, 0.2 4.2286 1.185, 0.1968 4.2337 1.185, 0.1926 4.2377 1.185, 0.1873 4.2407 1.185, 0.1807 4.2428 1.185, 0.1712 4.2436 1.185, 0.1559 4.2418 1.185, 0.144 4.2374 1.185, 0.1402 4.2352 1.185, 0.1402 4.2199 1.185, 0.1503 4.2264 1.185, 0.1602 4.2298 1.185, 0.1812 4.1697 1.185, 0.1792 4.1677 1.185, 0.1748 4.1647 1.185, 0.17 4.163 1.185, 0.1641 4.1623 1.185, 0.188 4.188 1.185, 0.188 4.187 1.185, 0.1869 4.1799 1.185, 0.1846 4.1743 1.185, 0.188 4.1967 1.185, 0.1669 4.1938 1.185, 0.1516 4.1883 1.185, 0.154 4.1901 1.185, 0.158 4.1918 1.185, 0.1474 4.1769 1.185, 0.1476 4.1794 1.185, 0.1483 4.183 1.185, 0.1497 4.1859 1.185, 0.152 4.1664 1.185, 0.1507 4.1677 1.185, 0.1489 4.1704 1.185, 0.1478 4.1732 1.185, 0.1587 4.1629 1.185, 0.1552 4.1642 1.185
            ]
        }
        coordIndex [
            0,1,2,-1,0,2,3,-1,3,2,4,-1,3,4,5,-1,6,5,7,-1,7,5,4,-1,8,6,9,-1,9,6,7,-1,10,11,12,-1,12,11,8,-1,12,8,9,-1,13,11,14,-1,14,11,10,-1,15,16,17,-1,17,16,13,-1,17,13,14,-1,18,19,20,-1,20,19,16,-1,20,16,15,-1,19,18,21,-1,19,21,22,-1,22,21,23,-1,22,23,24,-1,23,25,24,-1,24,25,26,-1,24,26,27,-1,27,26,28,-1,27,28,29,-1,29,28,30,-1,29,30,31,-1,31,30,32,-1,31,32,33,-1,33,32,34,-1,33,34,35,-1,36,35,37,-1,37,35,34,-1,36,37,38,-1,36,38,39,-1,39,38,40,-1,39,40,41,-1,41,40,42,-1,43,44,42,-1,42,44,45,-1,42,45,41,-1,43,46,44,-1,44,46,47,-1,44,47,48,-1,48,47,49,-1,48,49,50,-1,50,49,51,-1,50,51,52,-1,52,51,53,-1,52,53,54,-1,55,56,57,-1,57,56,54,-1,57,54,53,-1,58,56,59,-1,59,56,55,-1,0,58,1,-1,1,58,59,-1,3,5,54,-1,56,58,54,-1,54,58,0,-1,54,0,3,-1,11,13,8,-1,8,13,16,-1,8,16,6,-1,52,22,50,-1,50,22,24,-1,35,36,33,-1,33,36,39,-1,33,39,31,-1,31,39,41,-1,31,41,29,-1,29,41,45,-1,29,45,27,-1,27,45,44,-1,27,44,24,-1,24,44,48,-1,24,48,50,-1,5,6,54,-1,54,6,16,-1,54,16,52,-1,52,16,19,-1,52,19,22,-1,60,61,62,-1,62,61,63,-1,62,64,60,-1,60,64,65,-1,60,65,66,-1,66,65,67,-1,66,67,68,-1,68,67,69,-1,68,69,70,-1,70,69,71,-1,70,71,72,-1,72,71,73,-1,72,73,74,-1,74,73,75,-1,74,75,76,-1,76,75,77,-1,76,77,78,-1,78,77,79,-1,78,79,80,-1,80,79,81,-1,80,81,82,-1,82,81,83,-1,82,83,84,-1,84,83,85,-1,84,85,86,-1,86,85,87,-1,86,87,88,-1,88,87,89,-1,88,89,90,-1,90,89,91,-1,90,91,92,-1,92,91,93,-1,92,93,94,-1,94,93,95,-1,94,95,96,-1,96,95,97,-1,96,97,98,-1,98,97,99,-1,98,99,100,-1,100,99,101,-1,100,101,102,-1,102,101,103,-1,102,103,104,-1,104,103,105,-1,104,105,106,-1,106,105,107,-1,106,107,108,-1,108,107,109,-1,108,109,110,-1,110,109,111,-1,110,111,112,-1,112,111,113,-1,112,113,114,-1,114,113,115,-1,114,115,116,-1,116,115,117,-1,116,117,118,-1,118,117,119,-1,118,119,120,-1,121,120,122,-1,122,120,119,-1,121,122,123,-1,121,123,124,-1,124,123,125,-1,124,125,126,-1,126,125,127,-1,126,127,128,-1,128,127,129,-1,128,129,130,-1,130,129,131,-1,130,131,132,-1,133,132,134,-1,134,132,131,-1,134,135,133,-1,133,135,136,-1,133,136,137,-1,137,136,138,-1,137,138,139,-1,139,138,140,-1,139,140,141,-1,141,140,142,-1,141,142,143,-1,143,142,144,-1,143,144,145,-1,145,144,146,-1,145,146,147,-1,148,149,150,-1,147,146,151,-1,147,151,152,-1,152,151,153,-1,152,153,150,-1,150,153,154,-1,150,154,148,-1,149,148,155,-1,149,155,156,-1,156,155,157,-1,156,157,158,-1,158,157,159,-1,158,159,160,-1,160,159,161,-1,160,161,162,-1,162,161,163,-1,162,163,164,-1,164,163,165,-1,164,165,166,-1,166,165,167,-1,166,167,168,-1,168,167,169,-1,168,169,170,-1,170,169,171,-1,170,171,172,-1,172,171,173,-1,172,173,174,-1,174,173,175,-1,174,175,176,-1,176,175,177,-1,176,177,178,-1,178,177,179,-1,178,179,180,-1,180,179,181,-1,180,181,182,-1,182,181,183,-1,184,185,183,-1,183,185,186,-1,183,186,182,-1,184,187,185,-1,185,187,188,-1,185,188,189,-1,190,189,191,-1,191,189,188,-1,192,190,193,-1,193,190,191,-1,63,61,194,-1,194,61,192,-1,194,192,195,-1,195,192,193,-1,106,108,130,-1,130,108,128,-1,156,88,149,-1,149,88,90,-1,66,68,172,-1,172,68,70,-1,172,70,170,-1,170,70,72,-1,170,72,168,-1,168,72,74,-1,168,74,166,-1,166,74,76,-1,166,76,164,-1,164,76,78,-1,164,78,162,-1,162,78,80,-1,162,80,160,-1,160,80,82,-1,160,82,158,-1,158,82,84,-1,158,84,156,-1,156,84,86,-1,156,86,88,-1,61,182,192,-1,192,182,186,-1,192,186,190,-1,190,186,185,-1,190,185,189,-1,108,110,128,-1,128,110,112,-1,128,112,126,-1,126,112,114,-1,126,114,124,-1,124,114,116,-1,124,116,121,-1,121,116,118,-1,121,118,120,-1,172,174,66,-1,66,174,176,-1,66,176,60,-1,60,176,178,-1,60,178,61,-1,61,178,180,-1,61,180,182,-1,130,132,106,-1,106,132,133,-1,106,133,104,-1,104,133,137,-1,104,137,102,-1,102,137,139,-1,102,139,100,-1,100,139,141,-1,100,141,98,-1,98,141,143,-1,98,143,96,-1,96,143,145,-1,96,145,94,-1,94,145,147,-1,94,147,92,-1,92,147,152,-1,92,152,90,-1,90,152,150,-1,90,150,149,-1,196,197,198,-1,198,197,199,-1,200,201,202,-1,203,204,199,-1,199,204,205,-1,206,207,208,-1,208,207,209,-1,205,210,199,-1,199,210,211,-1,199,211,198,-1,198,211,212,-1,198,212,206,-1,206,212,213,-1,206,213,207,-1,202,203,200,-1,200,203,199,-1,200,199,214,-1,214,199,215,-1,214,215,216,-1,216,215,217,-1,216,217,218,-1,218,217,219,-1,218,219,220,-1,220,219,221,-1,220,221,222,-1,222,221,223,-1,222,223,224,-1,224,223,225,-1,224,225,226,-1,226,225,227,-1,226,227,228,-1,228,227,229,-1,228,229,230,-1,230,229,231,-1,230,231,232,-1,232,231,233,-1,234,235,236,-1,236,235,237,-1,236,237,238,-1,238,237,239,-1,238,239,240,-1,240,239,241,-1,240,241,242,-1,242,241,243,-1,242,243,244,-1,244,243,245,-1,244,245,209,-1,209,245,246,-1,209,246,208,-1,247,248,249,-1,249,248,250,-1,249,250,251,-1,251,250,252,-1,251,252,253,-1,253,252,254,-1,253,254,234,-1,234,254,255,-1,234,255,235,-1,200,256,201,-1,201,256,257,-1,201,257,258,-1,258,257,259,-1,258,259,260,-1,260,259,261,-1,260,261,262,-1,262,261,263,-1,262,263,247,-1,247,263,264,-1,247,264,248,-1,226,265,266,-1,226,266,224,-1,224,266,267,-1,224,267,222,-1,222,267,268,-1,222,268,220,-1,220,268,269,-1,220,269,218,-1,218,269,270,-1,218,270,216,-1,216,270,271,-1,216,271,214,-1,214,271,272,-1,214,272,200,-1,256,200,273,-1,273,200,272,-1,256,273,274,-1,256,274,257,-1,257,274,275,-1,257,275,259,-1,259,275,276,-1,259,276,261,-1,261,276,277,-1,261,277,263,-1,263,277,278,-1,263,278,264,-1,264,278,279,-1,264,279,248,-1,248,279,280,-1,248,280,250,-1,250,280,281,-1,250,281,252,-1,252,281,282,-1,252,282,254,-1,254,282,283,-1,254,283,255,-1,255,283,284,-1,255,284,235,-1,285,241,286,-1,286,241,239,-1,286,239,287,-1,287,239,237,-1,287,237,288,-1,288,237,235,-1,288,235,284,-1,241,285,289,-1,241,289,243,-1,243,289,290,-1,243,290,245,-1,290,291,245,-1,245,291,292,-1,245,292,246,-1,246,292,293,-1,246,293,208,-1,208,293,294,-1,208,294,206,-1,198,206,295,-1,295,206,294,-1,196,198,296,-1,296,198,295,-1,197,196,297,-1,297,196,296,-1,199,197,298,-1,298,197,297,-1,199,298,299,-1,199,299,215,-1,215,299,300,-1,215,300,217,-1,217,300,301,-1,217,301,219,-1,219,301,302,-1,219,302,221,-1,221,302,303,-1,221,303,223,-1,223,303,304,-1,223,304,225,-1,225,304,305,-1,225,305,227,-1,227,305,306,-1,227,306,229,-1,229,306,307,-1,229,307,231,-1,231,307,308,-1,231,308,233,-1,232,233,309,-1,309,233,308,-1,232,309,310,-1,232,310,230,-1,230,310,311,-1,230,311,228,-1,228,311,265,-1,228,265,226,-1,213,312,313,-1,213,313,207,-1,207,313,314,-1,207,314,209,-1,209,314,315,-1,209,315,244,-1,244,315,316,-1,244,316,242,-1,205,317,318,-1,205,318,210,-1,210,318,319,-1,210,319,211,-1,211,319,320,-1,211,320,212,-1,212,320,312,-1,212,312,213,-1,205,204,317,-1,317,204,321,-1,204,203,321,-1,321,203,322,-1,258,323,324,-1,258,324,201,-1,201,324,325,-1,201,325,202,-1,202,325,322,-1,202,322,203,-1,249,326,327,-1,249,327,247,-1,247,327,328,-1,247,328,262,-1,262,328,329,-1,262,329,260,-1,260,329,323,-1,260,323,258,-1,236,330,331,-1,236,331,234,-1,234,331,332,-1,234,332,253,-1,253,332,333,-1,253,333,251,-1,251,333,326,-1,251,326,249,-1,242,316,334,-1,242,334,240,-1,240,334,335,-1,240,335,238,-1,238,335,330,-1,238,330,236,-1,
        ]
    }
}
Shape{
    appearance Appearance {
        material  Material 	{
            diffuseColor 0.6666666666666666 0.6666666666666666 0.6666666666666666
            specularColor 0.4666666666666667 0.4666666666666667 0.4666666666666667
            ambientIntensity 0.6667
            transparency 0.0
            shininess 0.5
        }
    }
    geometry IndexedFaceSet {
        ccw TRUE
        solid FALSE
        coord DEF co Coordinate {
            point [
                0.188 4.1967 1.185, 0.1669 4.1938 1.185, 0.188 4.188 1.185, 0.158 4.1918 1.185, 0.154 4.1901 1.185, 0.1516 4.1883 1.185, 0.188 4.187 1.185, 0.1869 4.1799 1.185, 0.1497 4.1859 1.185, 0.1846 4.1743 1.185, 0.1507 4.1677 1.185, 0.152 4.1664 1.185, 0.1792 4.1677 1.185, 0.1489 4.1704 1.185, 0.1748 4.1647 1.185, 0.17 4.163 1.185, 0.1641 4.1623 1.185, 0.1483 4.183 1.185, 0.1476 4.1794 1.185, 0.1812 4.1697 1.185, 0.1474 4.1769 1.185, 0.1478 4.1732 1.185, 0.1552 4.1642 1.185, 0.1587 4.1629 1.185
            ]
        }
        coordIndex [
            0,1,2,-1,2,1,3,-1,3,4,2,-1,2,4,5,-1,2,5,6,-1,6,5,7,-1,7,5,8,-1,7,8,9,-1,10,11,12,-1,10,12,13,-1,14,12,15,-1,15,12,16,-1,8,17,9,-1,9,17,18,-1,9,18,19,-1,19,18,20,-1,19,20,12,-1,12,20,21,-1,12,21,13,-1,11,22,12,-1,12,22,23,-1,12,23,16,-1,
        ]
    }
}
Shape{
    appearance Appearance {
        material  Material 	{
            diffuseColor 0.0 0.0 0.0
            specularColor 0.0 0.0 0.0
            ambientIntensity 0.0
            transparency 0.0
            shininess 0.5
        }
    }
    geometry IndexedFaceSet {
        ccw TRUE
        solid FALSE
        coord DEF co Coordinate {
            point [
                -0.5084 4.1335 1.1854, -0.495 4.1171 1.1854, -0.5165 4.2129 1.1854, -0.5323 4.3685 1.1854, -0.5124 4.3792 1.1854, -0.5169 4.4344 1.1854, -0.4609 4.437 1.1854, -0.4331 4.3716 1.1854, -0.4194 4.4 1.1854, -0.5361 4.225 1.1854, -0.5288 4.1562 1.1854, -0.5174 4.1528 1.1854, -0.4815 4.4388 1.1854, -0.4257 4.2148 1.1854, -0.4173 4.2118 1.1854, -0.3426 4.1905 1.1854, -0.4101 4.2069 1.1854, -0.4043 4.2005 1.1854, -0.2171 4.2568 1.1854, -0.2449 4.3043 1.1854, -0.365 4.2416 1.1854, -0.4331 4.2156 1.1854, -0.4419 4.2145 1.1854, -0.4537 4.2694 1.1854, -0.4497 4.2114 1.1854, -0.4735 4.2618 1.1854, -0.4567 4.2064 1.1854, -0.4918 4.2491 1.1854, -0.4603 4.2026 1.1854, -0.5066 4.2321 1.1854, -0.4649 4.1952 1.1854, -0.4675 4.1868 1.1854, -0.468 4.178 1.1854, -0.3998 4.2661 1.1854, -0.4214 4.2714 1.1854, -0.4322 4.2721 1.1854, -0.4005 4.1931 1.1854, -0.3984 4.1848 1.1854, -0.3426 4.1815 1.1854, -0.3984 4.1766 1.1854, -0.3431 4.1719 1.1854, -0.4425 4.4584 1.1854, -0.3993 4.424 1.1854, -0.4215 4.4765 1.1854, -0.3753 4.4415 1.1854, -0.3996 4.49 1.1854, -0.4902 4.3845 1.1854, -0.4806 4.385 1.1854, -0.4712 4.4383 1.1854, -0.4593 4.3823 1.1854, -0.4392 4.3749 1.1854, -0.3807 4.2559 1.1854, -0.088 4.1914 1.1854, -0.1339 4.2229 1.1854, -0.1123 4.1708 1.1854, -0.1481 4.2132 1.1854, -0.1397 4.1574 1.1854, -0.1646 4.2073 1.1854, -0.1695 4.151 1.1854, -0.1749 4.2057 1.1854, -0.2224 4.151 1.1854, -0.2153 4.2057 1.1854, -0.2275 4.1519 1.1854, -0.4663 4.1696 1.1854, -0.4628 4.1621 1.1854, -0.1875 4.3456 1.1854, -0.1803 4.3456 1.1854, -0.1435 4.394 1.1854, -0.1649 4.3439 1.1854, -0.1393 4.3926 1.1854, -0.1492 4.3382 1.1854, -0.1126 4.3793 1.1854, -0.135 4.3289 1.1854, -0.0882 4.3588 1.1854, -0.1233 4.3161 1.1854, -0.0699 4.3333 1.1854, -0.115 4.3006 1.1854, -0.0589 4.3059 1.1854, -0.1108 4.2833 1.1854, -0.0548 4.2765 1.1854, -0.1104 4.2757 1.1854, -0.0589 4.2446 1.1854, -0.1121 4.2601 1.1854, -0.0701 4.2162 1.1854, -0.1178 4.2439 1.1854, -0.1273 4.2297 1.1854, -0.192 4.4648 1.1854, -0.2272 4.4238 1.1854, -0.1623 4.4305 1.1854, -0.207 4.3997 1.1854, -0.1931 4.3708 1.1854, -0.5676 4.3172 1.1854, -0.6265 4.3021 1.1854, -0.5703 4.2954 1.1854, -0.6268 4.2936 1.1854, -0.5692 4.2813 1.1854, -0.6224 4.2584 1.1854, -0.5627 4.2594 1.1854, -0.6095 4.225 1.1854, -0.5522 4.2415 1.1854, -0.5891 4.1959 1.1854, -0.5612 4.172 1.1854, -0.5501 4.4215 1.1854, -0.5786 4.4015 1.1854, -0.5475 4.355 1.1854, -0.5846 4.3958 1.1854, -0.5599 4.3371 1.1854, -0.6062 4.3681 1.1854, -0.6205 4.3358 1.1854, -0.3484 4.1498 1.1854, -0.4005 4.168 1.1854, -0.3591 4.1299 1.1854, -0.4047 4.1603 1.1854, -0.3726 4.1147 1.1854, -0.4096 4.1548 1.1854, -0.3905 4.1023 1.1854, -0.4164 4.1499 1.1854, -0.4104 4.0946 1.1854, -0.4241 4.1468 1.1854, -0.4322 4.0919 1.1854, -0.4331 4.1457 1.1854, -0.4356 4.0919 1.1854, -0.4347 4.1457 1.1854, -0.4567 4.0952 1.1854, -0.4427 4.147 1.1854, -0.4774 4.1039 1.1854, -0.4508 4.1505 1.1854, -0.4577 4.1557 1.1854, -0.3582 4.506 1.1854, -0.3461 4.4534 1.1854, -0.3139 4.5114 1.1854, -0.313 4.4576 1.1854, -0.2769 4.5076 1.1854, -0.2825 4.4539 1.1854, -0.2319 4.4917 1.1854, -0.2544 4.4431 1.1854, -0.2292 4.4256 1.1854, -0.2198 4.2066 1.1854, -0.2413 4.1604 1.1854, -0.2392 4.1583 1.1854, -0.2171 4.206 1.1854, -0.2334 4.1542 1.1854, -0.2484 4.1788 1.1854, -0.2476 4.1722 1.1854, -0.2452 4.1661 1.1854, -0.2276 4.2057 1.1854, -0.2337 4.2033 1.1854, -0.2482 4.1824 1.1854, -0.2393 4.1994 1.1854, -0.243 4.1953 1.1854, -0.2464 4.1892 1.1854, -0.2206 4.2066 1.1854, -0.0548 4.2765 1.185, -0.0589 4.3059 1.185, -0.062 4.3135 1.185, -0.0699 4.3333 1.185, -0.0882 4.3588 1.185, -0.1126 4.3793 1.185, -0.1393 4.3926 1.185, -0.1435 4.394 1.185, -0.1623 4.4305 1.185, -0.192 4.4648 1.185, -0.2126 4.4787 1.185, -0.2319 4.4917 1.185, -0.2769 4.5076 1.185, -0.3139 4.5114 1.185, -0.4215 4.4765 1.185, -0.4179 4.4787 1.185, -0.3996 4.49 1.185, -0.3582 4.506 1.185, -0.4425 4.4584 1.185, -0.4609 4.437 1.185, -0.4712 4.4383 1.185, -0.4815 4.4388 1.185, -0.5169 4.4344 1.185, -0.5501 4.4215 1.185, -0.5786 4.4015 1.185, -0.5846 4.3958 1.185, -0.6268 4.2936 1.185, -0.6062 4.3681 1.185, -0.6205 4.3358 1.185, -0.6245 4.3135 1.185, -0.6265 4.3021 1.185, -0.6224 4.2584 1.185, -0.6095 4.225 1.185, -0.5891 4.1959 1.185, -0.5612 4.172 1.185, -0.5288 4.1562 1.185, -0.5174 4.1528 1.185, -0.5163 4.1504 1.185, -0.5084 4.1335 1.185, -0.495 4.1171 1.185, -0.4774 4.1039 1.185, -0.4693 4.1005 1.185, -0.4567 4.0952 1.185, -0.4356 4.0919 1.185, -0.4322 4.0919 1.185, -0.3426 4.1815 1.185, -0.4104 4.0946 1.185, -0.3951 4.1005 1.185, -0.3905 4.1023 1.185, -0.3726 4.1147 1.185, -0.3591 4.1299 1.185, -0.3484 4.1498 1.185, -0.3483 4.1504 1.185, -0.3431 4.1719 1.185, -0.3426 4.1905 1.185, -0.2171 4.2568 1.185, -0.2449 4.3043 1.185, -0.365 4.2416 1.185, -0.3807 4.2559 1.185, -0.3998 4.2661 1.185, -0.4214 4.2714 1.185, -0.4322 4.2721 1.185, -0.4537 4.2694 1.185, -0.4735 4.2618 1.185, -0.4918 4.2491 1.185, -0.5066 4.2321 1.185, -0.5165 4.2129 1.185, -0.5361 4.225 1.185, -0.5522 4.2415 1.185, -0.5627 4.2594 1.185, -0.5692 4.2813 1.185, -0.5703 4.2954 1.185, -0.5681 4.3135 1.185, -0.5676 4.3172 1.185, -0.5599 4.3371 1.185, -0.5475 4.355 1.185, -0.5323 4.3685 1.185, -0.5124 4.3792 1.185, -0.4902 4.3845 1.185, -0.4806 4.385 1.185, -0.4593 4.3823 1.185, -0.4392 4.3749 1.185, -0.4331 4.3716 1.185, -0.4194 4.4 1.185, -0.3993 4.424 1.185, -0.3753 4.4415 1.185, -0.3461 4.4534 1.185, -0.313 4.4576 1.185, -0.2825 4.4539 1.185, -0.2544 4.4431 1.185, -0.2292 4.4256 1.185, -0.2272 4.4238 1.185, -0.207 4.3997 1.185, -0.1931 4.3708 1.185, -0.1875 4.3456 1.185, -0.1803 4.3456 1.185, -0.1649 4.3439 1.185, -0.1492 4.3382 1.185, -0.135 4.3289 1.185, -0.1233 4.3161 1.185, -0.1219 4.3135 1.185, -0.115 4.3006 1.185, -0.1108 4.2833 1.185, -0.1104 4.2757 1.185, -0.1121 4.2601 1.185, -0.1178 4.2439 1.185, -0.1273 4.2297 1.185, -0.1339 4.2229 1.185, -0.1481 4.2132 1.185, -0.1646 4.2073 1.185, -0.1749 4.2057 1.185, -0.2153 4.2057 1.185, -0.2171 4.206 1.185, -0.2198 4.2066 1.185, -0.2206 4.2066 1.185, -0.2276 4.2057 1.185, -0.2337 4.2033 1.185, -0.2393 4.1994 1.185, -0.243 4.1953 1.185, -0.2464 4.1892 1.185, -0.2482 4.1824 1.185, -0.2484 4.1788 1.185, -0.2476 4.1722 1.185, -0.2452 4.1661 1.185, -0.2413 4.1604 1.185, -0.2392 4.1583 1.185, -0.2334 4.1542 1.185, -0.2275 4.1519 1.185, -0.2224 4.151 1.185, -0.1695 4.151 1.185, -0.1397 4.1574 1.185, -0.1123 4.1708 1.185, -0.088 4.1914 1.185, -0.0701 4.2162 1.185, -0.0589 4.2446 1.185, -0.4331 4.2156 1.185, -0.4257 4.2148 1.185, -0.4173 4.2118 1.185, -0.4101 4.2069 1.185, -0.4043 4.2005 1.185, -0.4005 4.1931 1.185, -0.3984 4.1848 1.185, -0.3984 4.1766 1.185, -0.4005 4.168 1.185, -0.4047 4.1603 1.185, -0.4096 4.1548 1.185, -0.4164 4.1499 1.185, -0.4241 4.1468 1.185, -0.4331 4.1457 1.185, -0.4347 4.1457 1.185, -0.4427 4.147 1.185, -0.4508 4.1505 1.185, -0.4577 4.1557 1.185, -0.4628 4.1621 1.185, -0.4663 4.1696 1.185, -0.468 4.178 1.185, -0.4675 4.1868 1.185, -0.4649 4.1952 1.185, -0.4603 4.2026 1.185, -0.4567 4.2064 1.185, -0.4497 4.2114 1.185, -0.4419 4.2145 1.185
            ]
        }
        coordIndex [
            0,1,2,-1,3,4,5,-1,6,7,8,-1,9,10,2,-1,2,10,11,-1,2,11,0,-1,5,4,12,-1,13,14,15,-1,15,14,16,-1,15,16,17,-1,18,19,15,-1,15,19,20,-1,15,20,13,-1,13,20,21,-1,22,23,24,-1,24,23,25,-1,24,25,26,-1,26,25,27,-1,26,27,28,-1,28,27,29,-1,28,29,30,-1,30,29,2,-1,30,2,31,-1,31,2,32,-1,33,34,22,-1,22,34,35,-1,22,35,23,-1,17,36,15,-1,15,36,37,-1,15,37,38,-1,38,37,39,-1,38,39,40,-1,6,8,41,-1,41,8,42,-1,41,42,43,-1,43,42,44,-1,43,44,45,-1,4,46,12,-1,12,46,47,-1,12,47,48,-1,48,47,49,-1,48,49,6,-1,6,49,50,-1,6,50,7,-1,21,20,22,-1,22,20,51,-1,22,51,33,-1,52,53,54,-1,54,53,55,-1,54,55,56,-1,56,55,57,-1,56,57,58,-1,58,57,59,-1,58,59,60,-1,60,59,61,-1,60,61,62,-1,32,2,63,-1,63,2,1,-1,63,1,64,-1,65,66,67,-1,67,66,68,-1,67,68,69,-1,69,68,70,-1,69,70,71,-1,71,70,72,-1,71,72,73,-1,73,72,74,-1,73,74,75,-1,75,74,76,-1,75,76,77,-1,77,76,78,-1,77,78,79,-1,79,78,80,-1,79,80,81,-1,81,80,82,-1,81,82,83,-1,83,82,84,-1,83,84,52,-1,52,84,85,-1,52,85,53,-1,86,87,88,-1,88,87,89,-1,88,89,67,-1,67,89,90,-1,67,90,65,-1,91,92,93,-1,93,92,94,-1,93,94,95,-1,95,94,96,-1,95,96,97,-1,97,96,98,-1,97,98,99,-1,99,98,100,-1,99,100,9,-1,9,100,101,-1,9,101,10,-1,5,102,3,-1,3,102,103,-1,3,103,104,-1,104,103,105,-1,104,105,106,-1,106,105,107,-1,106,107,91,-1,91,107,108,-1,91,108,92,-1,40,39,109,-1,109,39,110,-1,109,110,111,-1,111,110,112,-1,111,112,113,-1,113,112,114,-1,113,114,115,-1,115,114,116,-1,115,116,117,-1,117,116,118,-1,117,118,119,-1,119,118,120,-1,119,120,121,-1,121,120,122,-1,121,122,123,-1,123,122,124,-1,123,124,125,-1,125,124,126,-1,125,126,1,-1,1,126,127,-1,1,127,64,-1,45,44,128,-1,128,44,129,-1,128,129,130,-1,130,129,131,-1,130,131,132,-1,132,131,133,-1,132,133,134,-1,134,133,135,-1,134,135,86,-1,86,135,136,-1,86,136,87,-1,137,138,139,-1,61,140,62,-1,62,140,137,-1,62,137,141,-1,141,137,139,-1,142,143,137,-1,137,143,144,-1,137,144,138,-1,145,146,147,-1,146,148,147,-1,147,148,149,-1,147,149,150,-1,142,137,147,-1,147,137,151,-1,147,151,145,-1,79,152,153,-1,79,153,77,-1,77,153,154,-1,77,154,75,-1,154,155,75,-1,75,155,156,-1,75,156,73,-1,73,156,157,-1,73,157,71,-1,71,157,158,-1,71,158,69,-1,69,158,159,-1,69,159,67,-1,67,159,160,-1,67,160,88,-1,88,160,161,-1,88,161,86,-1,134,86,162,-1,162,86,161,-1,162,163,134,-1,134,163,164,-1,134,164,132,-1,132,164,165,-1,132,165,130,-1,166,43,167,-1,167,43,45,-1,167,45,168,-1,168,45,128,-1,168,128,169,-1,169,128,130,-1,169,130,165,-1,43,166,170,-1,43,170,41,-1,41,170,171,-1,41,171,6,-1,6,171,172,-1,6,172,48,-1,48,172,173,-1,48,173,12,-1,12,173,174,-1,12,174,5,-1,5,174,175,-1,5,175,102,-1,102,175,176,-1,102,176,103,-1,103,176,177,-1,103,177,105,-1,178,94,92,-1,105,177,179,-1,105,179,107,-1,107,179,180,-1,107,180,108,-1,108,180,181,-1,108,181,92,-1,92,181,182,-1,92,182,178,-1,94,178,183,-1,94,183,96,-1,96,183,184,-1,96,184,98,-1,98,184,185,-1,98,185,100,-1,100,185,186,-1,100,186,101,-1,101,186,187,-1,101,187,10,-1,10,187,188,-1,10,188,11,-1,11,188,189,-1,11,189,0,-1,189,190,0,-1,0,190,191,-1,0,191,1,-1,1,191,192,-1,1,192,125,-1,125,192,193,-1,125,193,123,-1,193,194,123,-1,123,194,195,-1,123,195,121,-1,121,195,196,-1,121,196,119,-1,197,38,40,-1,119,196,198,-1,119,198,117,-1,117,198,199,-1,117,199,115,-1,199,200,115,-1,115,200,201,-1,115,201,113,-1,113,201,202,-1,113,202,111,-1,111,202,203,-1,111,203,109,-1,109,203,204,-1,109,204,40,-1,40,204,205,-1,40,205,197,-1,15,38,206,-1,206,38,197,-1,18,15,207,-1,207,15,206,-1,19,18,208,-1,208,18,207,-1,20,19,209,-1,209,19,208,-1,20,209,210,-1,20,210,51,-1,51,210,211,-1,51,211,33,-1,33,211,212,-1,33,212,34,-1,34,212,213,-1,34,213,35,-1,35,213,214,-1,35,214,23,-1,23,214,215,-1,23,215,25,-1,25,215,216,-1,25,216,27,-1,27,216,217,-1,27,217,29,-1,29,217,218,-1,29,218,2,-1,2,218,219,-1,2,219,9,-1,9,219,220,-1,9,220,99,-1,99,220,221,-1,99,221,97,-1,97,221,222,-1,97,222,95,-1,95,222,223,-1,95,223,93,-1,91,93,224,-1,224,93,223,-1,224,225,91,-1,91,225,226,-1,91,226,106,-1,106,226,227,-1,106,227,104,-1,104,227,228,-1,104,228,3,-1,3,228,229,-1,3,229,4,-1,4,229,230,-1,4,230,46,-1,46,230,231,-1,46,231,47,-1,47,231,232,-1,47,232,49,-1,49,232,233,-1,49,233,50,-1,50,233,234,-1,50,234,7,-1,7,234,235,-1,7,235,8,-1,8,235,236,-1,8,236,42,-1,42,236,237,-1,42,237,44,-1,44,237,238,-1,44,238,129,-1,129,238,239,-1,129,239,131,-1,131,239,240,-1,131,240,133,-1,133,240,241,-1,133,241,135,-1,135,241,242,-1,135,242,136,-1,136,242,243,-1,136,243,87,-1,87,243,244,-1,87,244,89,-1,89,244,245,-1,89,245,90,-1,90,245,246,-1,90,246,65,-1,66,65,247,-1,247,65,246,-1,66,247,248,-1,66,248,68,-1,68,248,249,-1,68,249,70,-1,70,249,250,-1,70,250,72,-1,72,250,251,-1,72,251,74,-1,74,251,252,-1,74,252,76,-1,252,253,76,-1,76,253,254,-1,76,254,78,-1,78,254,255,-1,78,255,80,-1,80,255,256,-1,80,256,82,-1,82,256,257,-1,82,257,84,-1,84,257,258,-1,84,258,85,-1,85,258,259,-1,85,259,53,-1,53,259,260,-1,53,260,55,-1,55,260,261,-1,55,261,57,-1,57,261,262,-1,57,262,59,-1,61,59,263,-1,263,59,262,-1,61,263,264,-1,61,264,140,-1,140,264,265,-1,140,265,137,-1,137,265,266,-1,137,266,151,-1,151,266,267,-1,151,267,145,-1,145,267,268,-1,145,268,146,-1,146,268,269,-1,146,269,148,-1,148,269,270,-1,148,270,149,-1,149,270,271,-1,149,271,150,-1,150,271,272,-1,150,272,147,-1,147,272,273,-1,147,273,142,-1,142,273,274,-1,142,274,143,-1,143,274,275,-1,143,275,144,-1,144,275,276,-1,144,276,138,-1,138,276,277,-1,138,277,139,-1,139,277,278,-1,139,278,141,-1,141,278,279,-1,141,279,62,-1,62,279,280,-1,62,280,60,-1,58,60,281,-1,281,60,280,-1,58,281,282,-1,58,282,56,-1,56,282,283,-1,56,283,54,-1,54,283,284,-1,54,284,52,-1,52,284,285,-1,52,285,83,-1,83,285,286,-1,83,286,81,-1,81,286,152,-1,81,152,79,-1,21,287,288,-1,21,288,13,-1,13,288,289,-1,13,289,14,-1,14,289,290,-1,14,290,16,-1,16,290,291,-1,16,291,17,-1,17,291,292,-1,17,292,36,-1,36,292,293,-1,36,293,37,-1,37,293,294,-1,37,294,39,-1,39,294,295,-1,39,295,110,-1,110,295,296,-1,110,296,112,-1,112,296,297,-1,112,297,114,-1,114,297,298,-1,114,298,116,-1,116,298,299,-1,116,299,118,-1,118,299,300,-1,118,300,120,-1,120,300,301,-1,120,301,122,-1,122,301,302,-1,122,302,124,-1,124,302,303,-1,124,303,126,-1,126,303,304,-1,126,304,127,-1,127,304,305,-1,127,305,64,-1,64,305,306,-1,64,306,63,-1,63,306,307,-1,63,307,32,-1,32,307,308,-1,32,308,31,-1,31,308,309,-1,31,309,30,-1,30,309,310,-1,30,310,28,-1,28,310,311,-1,28,311,26,-1,26,311,312,-1,26,312,24,-1,24,312,313,-1,24,313,22,-1,22,313,287,-1,22,287,21,-1,
        ]
    }
}
Shape{
    appearance Appearance {
        material  Material 	{
            diffuseColor 0.6666666666666666 0.6666666666666666 0.6666666666666666
            specularColor 0.4666666666666667 0.4666666666666667 0.4666666666666667
            ambientIntensity 0.6667
            transparency 0.0
            shininess 0.5
        }
    }
    geometry IndexedFaceSet {
        ccw TRUE
        solid FALSE
        coord DEF co Coordinate {
            point [
                -0.4347 4.1457 1.185, -0.4567 4.2064 1.185, -0.4603 4.2026 1.185, -0.4241 4.1468 1.185, -0.4164 4.1499 1.185, -0.4257 4.2148 1.185, -0.4331 4.2156 1.185, -0.4419 4.2145 1.185, -0.4497 4.2114 1.185, -0.4663 4.1696 1.185, -0.4628 4.1621 1.185, -0.4577 4.1557 1.185, -0.4331 4.1457 1.185, -0.4649 4.1952 1.185, -0.4675 4.1868 1.185, -0.468 4.178 1.185, -0.4508 4.1505 1.185, -0.4427 4.147 1.185, -0.4096 4.1548 1.185, -0.4047 4.1603 1.185, -0.4005 4.168 1.185, -0.3984 4.1766 1.185, -0.3984 4.1848 1.185, -0.4005 4.1931 1.185, -0.4043 4.2005 1.185, -0.4101 4.2069 1.185, -0.4173 4.2118 1.185
            ]
        }
        coordIndex [
            0,1,2,-1,3,4,5,-1,6,7,0,-1,0,7,8,-1,0,8,1,-1,9,10,2,-1,2,10,11,-1,6,0,5,-1,5,0,12,-1,5,12,3,-1,13,14,2,-1,2,14,15,-1,2,15,9,-1,11,16,2,-1,2,16,17,-1,2,17,0,-1,4,18,5,-1,5,18,19,-1,5,19,20,-1,20,21,5,-1,5,21,22,-1,5,22,23,-1,23,24,5,-1,5,24,25,-1,5,25,26,-1,
        ]
    }
}
Shape{
    appearance Appearance {
        material  Material 	{
            diffuseColor 0.0 0.0 0.0
            specularColor 0.0 0.0 0.0
            ambientIntensity 0.0
            transparency 0.0
            shininess 0.5
        }
    }
    geometry IndexedFaceSet {
        ccw TRUE
        solid FALSE
        coord DEF co Coordinate {
            point [
                0.4068 4.4476 1.1854, 0.4202 4.4557 1.1854, 0.4031 4.4512 1.1854, 0.4151 4.4609 1.1854, 0.3934 4.4576 1.1854, 0.4026 4.4695 1.1854, 0.3824 4.4614 1.1854, 0.3875 4.4753 1.1854, 0.3667 4.4631 1.1854, 0.3674 4.4776 1.1854, 0.3477 4.4631 1.1854, 0.3314 4.4776 1.1854, 0.3477 4.3659 1.1854, 0.3314 4.3515 1.1854, 0.366 4.3659 1.1854, 0.3661 4.3515 1.1854, 0.3823 4.3677 1.1854, 0.3841 4.3533 1.1854, 0.393 4.3716 1.1854, 0.3992 4.3584 1.1854, 0.4013 4.377 1.1854, 0.4117 4.3663 1.1854, 0.4035 4.379 1.1854, 0.4151 4.3692 1.1854, 0.4101 4.3873 1.1854, 0.4244 4.3803 1.1854, 0.4143 4.3968 1.1854, 0.4306 4.3933 1.1854, 0.4166 4.4085 1.1854, 0.4337 4.408 1.1854, 0.417 4.4157 1.1854, 0.4341 4.4162 1.1854, 0.4152 4.4311 1.1854, 0.4323 4.4322 1.1854, 0.4117 4.4404 1.1854, 0.4279 4.4445 1.1854, 0.4151 4.3692 1.185, 0.4244 4.3803 1.185, 0.4306 4.3933 1.185, 0.4337 4.408 1.185, 0.4341 4.4162 1.185, 0.4323 4.4322 1.185, 0.4279 4.4445 1.185, 0.4202 4.4557 1.185, 0.4151 4.4609 1.185, 0.3674 4.4776 1.185, 0.4026 4.4695 1.185, 0.3892 4.4746 1.185, 0.3875 4.4753 1.185, 0.3314 4.4776 1.185, 0.3314 4.3515 1.185, 0.3661 4.3515 1.185, 0.3841 4.3533 1.185, 0.3892 4.355 1.185, 0.3992 4.3584 1.185, 0.4117 4.3663 1.185, 0.4031 4.4512 1.185, 0.4068 4.4476 1.185, 0.4117 4.4404 1.185, 0.4152 4.4311 1.185, 0.417 4.4157 1.185, 0.3667 4.4631 1.185, 0.3824 4.4614 1.185, 0.3934 4.4576 1.185, 0.3477 4.4631 1.185, 0.3477 4.3659 1.185, 0.366 4.3659 1.185, 0.4035 4.379 1.185, 0.4013 4.377 1.185, 0.393 4.3716 1.185, 0.3823 4.3677 1.185, 0.4166 4.4085 1.185, 0.4143 4.3968 1.185, 0.4101 4.3873 1.185
            ]
        }
        coordIndex [
            0,1,2,-1,2,1,3,-1,2,3,4,-1,4,3,5,-1,4,5,6,-1,6,5,7,-1,6,7,8,-1,8,7,9,-1,8,9,10,-1,10,9,11,-1,10,11,12,-1,12,11,13,-1,12,13,14,-1,14,13,15,-1,14,15,16,-1,16,15,17,-1,16,17,18,-1,18,17,19,-1,18,19,20,-1,20,19,21,-1,20,21,22,-1,22,21,23,-1,22,23,24,-1,24,23,25,-1,24,25,26,-1,26,25,27,-1,26,27,28,-1,28,27,29,-1,28,29,30,-1,30,29,31,-1,30,31,32,-1,32,31,33,-1,32,33,34,-1,34,33,35,-1,34,35,0,-1,0,35,1,-1,23,36,37,-1,23,37,25,-1,25,37,38,-1,25,38,27,-1,27,38,39,-1,27,39,29,-1,29,39,40,-1,29,40,31,-1,31,40,41,-1,31,41,33,-1,33,41,42,-1,33,42,35,-1,35,42,43,-1,35,43,1,-1,1,43,44,-1,1,44,3,-1,45,9,7,-1,3,44,46,-1,3,46,5,-1,5,46,47,-1,5,47,7,-1,7,47,48,-1,7,48,45,-1,11,9,49,-1,49,9,45,-1,13,11,50,-1,50,11,49,-1,15,13,51,-1,51,13,50,-1,15,51,52,-1,15,52,17,-1,17,52,53,-1,17,53,19,-1,53,54,19,-1,19,54,55,-1,19,55,21,-1,21,55,36,-1,21,36,23,-1,2,56,57,-1,2,57,0,-1,0,57,58,-1,0,58,34,-1,34,58,59,-1,34,59,32,-1,32,59,60,-1,32,60,30,-1,8,61,62,-1,8,62,6,-1,6,62,63,-1,6,63,4,-1,4,63,56,-1,4,56,2,-1,8,10,61,-1,61,10,64,-1,10,12,64,-1,64,12,65,-1,12,14,65,-1,65,14,66,-1,22,67,68,-1,22,68,20,-1,20,68,69,-1,20,69,18,-1,18,69,70,-1,18,70,16,-1,16,70,66,-1,16,66,14,-1,30,60,71,-1,30,71,28,-1,28,71,72,-1,28,72,26,-1,26,72,73,-1,26,73,24,-1,24,73,67,-1,24,67,22,-1,
        ]
    }
}
Shape{
    appearance Appearance {
        material  Material 	{
            diffuseColor 0.6666666666666666 0.6666666666666666 0.6666666666666666
            specularColor 0.4666666666666667 0.4666666666666667 0.4666666666666667
            ambientIntensity 0.6667
            transparency 0.0
            shininess 0.5
        }
    }
    geometry IndexedFaceSet {
        ccw TRUE
        solid FALSE
        coord DEF co Coordinate {
            point [
                0.3477 4.4631 1.185, 0.3477 4.3659 1.185, 0.3667 4.4631 1.185, 0.366 4.3659 1.185, 0.4013 4.377 1.185, 0.4035 4.379 1.185, 0.3823 4.3677 1.185, 0.393 4.3716 1.185, 0.4101 4.3873 1.185, 0.4143 4.3968 1.185, 0.4166 4.4085 1.185, 0.417 4.4157 1.185, 0.4152 4.4311 1.185, 0.4117 4.4404 1.185, 0.4068 4.4476 1.185, 0.4031 4.4512 1.185, 0.3824 4.4614 1.185, 0.3934 4.4576 1.185
            ]
        }
        coordIndex [
            0,1,2,-1,2,1,3,-1,2,4,5,-1,3,6,2,-1,2,6,7,-1,2,7,4,-1,5,8,2,-1,2,8,9,-1,2,9,10,-1,10,11,2,-1,2,11,12,-1,2,12,13,-1,13,14,2,-1,2,14,15,-1,2,15,16,-1,16,15,17,-1,
        ]
    }
}
Shape{
    appearance Appearance {
        material  Material 	{
            diffuseColor 0.0 0.0 0.0
            specularColor 0.0 0.0 0.0
            ambientIntensity 0.0
            transparency 0.0
            shininess 0.5
        }
    }
    geometry IndexedFaceSet {
        ccw TRUE
        solid FALSE
        coord DEF co Coordinate {
            point [
                0.182 4.3639 1.1854, 0.182 4.3639 1.185, 0.1702 4.3652 1.185, 0.1702 4.3652 1.1854, 0.161 4.3685 1.185, 0.161 4.3685 1.1854, 0.1526 4.3742 1.185, 0.1526 4.3742 1.1854, 0.1496 4.3772 1.185, 0.1496 4.3772 1.1854, 0.1432 4.3862 1.185, 0.1432 4.3862 1.1854, 0.1392 4.3965 1.185, 0.1392 4.3965 1.1854, 0.1372 4.412 1.185, 0.1372 4.412 1.1854, 0.1372 4.4131 1.185, 0.1372 4.4131 1.1854, 0.139 4.4293 1.185, 0.139 4.4293 1.1854, 0.143 4.4405 1.185, 0.143 4.4405 1.1854, 0.149 4.4494 1.185, 0.149 4.4494 1.1854, 0.1505 4.451 1.185, 0.1505 4.451 1.1854, 0.1585 4.4578 1.185, 0.1585 4.4578 1.1854, 0.1684 4.4625 1.185, 0.1684 4.4625 1.1854, 0.1792 4.4648 1.185, 0.1792 4.4648 1.1854, 0.1848 4.465 1.185, 0.1848 4.465 1.1854, 0.2001 4.4633 1.185, 0.2001 4.4633 1.1854, 0.2129 4.4584 1.185, 0.2129 4.4584 1.1854, 0.2145 4.4576 1.185, 0.2145 4.4576 1.1854, 0.2145 4.4746 1.1854, 0.2145 4.4746 1.185, 0.1847 4.4797 1.185, 0.1847 4.4797 1.1854, 0.1858 4.4797 1.1854, 0.2021 4.4783 1.185, 0.2021 4.4783 1.1854, 0.1976 4.4787 1.185, 0.1858 4.4797 1.185, 0.1682 4.4779 1.1854, 0.1748 4.4787 1.185, 0.1682 4.4779 1.185, 0.1547 4.4732 1.185, 0.1547 4.4732 1.1854, 0.1423 4.4649 1.185, 0.1423 4.4649 1.1854, 0.1383 4.4612 1.185, 0.1383 4.4612 1.1854, 0.1294 4.4495 1.185, 0.1294 4.4495 1.1854, 0.1258 4.4412 1.185, 0.1233 4.4356 1.1854, 0.1233 4.4356 1.185, 0.1204 4.4192 1.185, 0.1204 4.4192 1.1854, 0.1201 4.4122 1.185, 0.1201 4.4122 1.1854, 0.1219 4.3945 1.185, 0.1219 4.3945 1.1854, 0.1258 4.3832 1.185, 0.1266 4.3807 1.1854, 0.1266 4.3807 1.185, 0.1337 4.3696 1.185, 0.1337 4.3696 1.1854, 0.1363 4.3666 1.185, 0.1363 4.3666 1.1854, 0.1469 4.3579 1.185, 0.1469 4.3579 1.1854, 0.1589 4.3524 1.185, 0.1589 4.3524 1.1854, 0.1726 4.3497 1.185, 0.1726 4.3497 1.1854, 0.1796 4.3494 1.185, 0.1796 4.3494 1.1854, 0.1988 4.3512 1.185, 0.1988 4.3512 1.1854, 0.2124 4.3557 1.185, 0.2124 4.3557 1.1854, 0.2145 4.3567 1.185, 0.2145 4.3567 1.1854, 0.2145 4.3723 1.1854, 0.2145 4.3723 1.185, 0.2019 4.3667 1.185, 0.2019 4.3667 1.1854, 0.1876 4.3641 1.185, 0.1876 4.3641 1.1854, 0.6342 4.2002 1.1854, 0.6291 4.186 1.1854, 0.6766 4.2002 1.1854, 0.6816 4.186 1.1854, 0.6531 4.2526 1.1854, 0.647 4.2776 1.1854, 0.599 4.1515 1.1854, 0.617 4.1515 1.1854, 0.6542 4.2564 1.1854, 0.6552 4.2615 1.1854, 0.6644 4.2776 1.1854, 0.6555 4.2615 1.1854, 0.6566 4.2561 1.1854, 0.6575 4.2526 1.1854, 0.7124 4.1515 1.1854, 0.6944 4.1515 1.1854, 0.647 4.2776 1.185, 0.6644 4.2776 1.185, 0.599 4.1515 1.185, 0.617 4.1515 1.185, 0.6291 4.186 1.185, 0.6816 4.186 1.185, 0.6944 4.1515 1.185, 0.7124 4.1515 1.185, 0.6531 4.2526 1.185, 0.6542 4.2564 1.185, 0.6552 4.2615 1.185, 0.6342 4.2002 1.185, 0.6766 4.2002 1.185, 0.6575 4.2526 1.185, 0.6555 4.2615 1.185, 0.6566 4.2561 1.185
            ]
        }
        coordIndex [
            0,1,2,-1,0,2,3,-1,3,2,4,-1,3,4,5,-1,5,4,6,-1,5,6,7,-1,7,6,8,-1,7,8,9,-1,9,8,10,-1,9,10,11,-1,11,10,12,-1,11,12,13,-1,13,12,14,-1,13,14,15,-1,15,14,16,-1,15,16,17,-1,17,16,18,-1,17,18,19,-1,19,18,20,-1,19,20,21,-1,21,20,22,-1,21,22,23,-1,23,22,24,-1,23,24,25,-1,25,24,26,-1,25,26,27,-1,27,26,28,-1,27,28,29,-1,29,28,30,-1,29,30,31,-1,31,30,32,-1,31,32,33,-1,33,32,34,-1,33,34,35,-1,35,34,36,-1,35,36,37,-1,37,36,38,-1,37,38,39,-1,40,39,41,-1,41,39,38,-1,42,43,44,-1,40,41,45,-1,40,45,46,-1,46,45,47,-1,46,47,44,-1,44,47,48,-1,44,48,42,-1,49,43,50,-1,50,43,42,-1,50,51,49,-1,49,51,52,-1,49,52,53,-1,53,52,54,-1,53,54,55,-1,55,54,56,-1,55,56,57,-1,57,56,58,-1,57,58,59,-1,59,58,60,-1,59,60,61,-1,60,62,61,-1,61,62,63,-1,61,63,64,-1,64,63,65,-1,64,65,66,-1,66,65,67,-1,66,67,68,-1,68,67,69,-1,68,69,70,-1,69,71,70,-1,70,71,72,-1,70,72,73,-1,73,72,74,-1,73,74,75,-1,75,74,76,-1,75,76,77,-1,77,76,78,-1,77,78,79,-1,79,78,80,-1,79,80,81,-1,81,80,82,-1,81,82,83,-1,83,82,84,-1,83,84,85,-1,85,84,86,-1,85,86,87,-1,87,86,88,-1,87,88,89,-1,90,89,91,-1,91,89,88,-1,90,91,92,-1,90,92,93,-1,93,92,94,-1,93,94,95,-1,95,94,1,-1,95,1,0,-1,37,39,40,-1,11,13,68,-1,89,90,87,-1,87,90,93,-1,68,13,66,-1,37,40,35,-1,35,40,46,-1,35,46,33,-1,33,46,44,-1,33,44,31,-1,31,44,43,-1,31,43,29,-1,29,43,49,-1,29,49,27,-1,68,70,11,-1,11,70,73,-1,11,73,9,-1,9,73,75,-1,9,75,7,-1,7,75,77,-1,7,77,5,-1,5,77,79,-1,5,79,3,-1,3,79,81,-1,3,81,0,-1,0,81,83,-1,0,83,95,-1,13,15,66,-1,66,15,17,-1,66,17,64,-1,64,17,19,-1,64,19,61,-1,57,25,55,-1,55,25,27,-1,55,27,53,-1,53,27,49,-1,61,19,59,-1,59,19,21,-1,59,21,57,-1,57,21,23,-1,57,23,25,-1,95,83,93,-1,93,83,85,-1,93,85,87,-1,96,97,98,-1,98,97,99,-1,100,101,96,-1,96,101,102,-1,96,102,97,-1,97,102,103,-1,100,104,101,-1,101,104,105,-1,101,105,106,-1,106,105,107,-1,106,107,108,-1,108,109,106,-1,106,109,98,-1,106,98,110,-1,110,98,99,-1,110,99,111,-1,101,106,112,-1,112,106,113,-1,102,101,114,-1,114,101,112,-1,103,102,115,-1,115,102,114,-1,97,103,116,-1,116,103,115,-1,99,97,117,-1,117,97,116,-1,111,99,118,-1,118,99,117,-1,110,111,119,-1,119,111,118,-1,106,110,113,-1,113,110,119,-1,100,120,121,-1,100,121,104,-1,104,121,122,-1,104,122,105,-1,100,96,120,-1,120,96,123,-1,96,98,123,-1,123,98,124,-1,98,109,124,-1,124,109,125,-1,107,126,127,-1,107,127,108,-1,108,127,125,-1,108,125,109,-1,107,105,126,-1,126,105,122,-1,
        ]
    }
}
Shape{
    appearance Appearance {
        material  Material 	{
            diffuseColor 0.6666666666666666 0.6666666666666666 0.6666666666666666
            specularColor 0.4666666666666667 0.4666666666666667 0.4666666666666667
            ambientIntensity 0.6667
            transparency 0.0
            shininess 0.5
        }
    }
    geometry IndexedFaceSet {
        ccw TRUE
        solid FALSE
        coord DEF co Coordinate {
            point [
                0.6555 4.2615 1.185, 0.6552 4.2615 1.185, 0.6566 4.2561 1.185, 0.6542 4.2564 1.185, 0.6575 4.2526 1.185, 0.6531 4.2526 1.185, 0.6766 4.2002 1.185, 0.6342 4.2002 1.185
            ]
        }
        coordIndex [
            0,1,2,-1,2,1,3,-1,2,3,4,-1,4,3,5,-1,4,5,6,-1,6,5,7,-1,
        ]
    }
}
Shape{
    appearance Appearance {
        material  Material 	{
            diffuseColor 0.0 0.0 0.0
            specularColor 0.0 0.0 0.0
            ambientIntensity 0.0
            transparency 0.0
            shininess 0.5
        }
    }
    geometry IndexedFaceSet {
        ccw TRUE
        solid FALSE
        coord DEF co Coordinate {
            point [
                0.414 4.1659 1.185, 0.414 4.1659 1.1854, 0.4376 4.1659 1.185, 0.4655 4.1659 1.1854, 0.4655 4.1659 1.185, 0.414 4.2083 1.1854, 0.414 4.2083 1.185, 0.4591 4.2083 1.185, 0.4591 4.2083 1.1854, 0.4376 4.2083 1.185, 0.4591 4.2227 1.1854, 0.4591 4.2227 1.185, 0.414 4.2227 1.185, 0.414 4.2227 1.1854, 0.4376 4.2227 1.185, 0.414 4.2631 1.1854, 0.414 4.2631 1.185, 0.4626 4.2631 1.185, 0.4626 4.2631 1.1854, 0.4376 4.2631 1.185, 0.4626 4.2776 1.1854, 0.4626 4.2776 1.185, 0.3977 4.2776 1.185, 0.3977 4.2776 1.1854, 0.4376 4.2776 1.185, 0.3977 4.1515 1.1854, 0.3977 4.1515 1.185, 0.4655 4.1515 1.185, 0.4655 4.1515 1.1854, 0.4376 4.1515 1.185, 0.0648 4.1659 1.1854, 0.1163 4.1659 1.1854, 0.0648 4.1659 1.185, 0.1163 4.1659 1.185, 0.0648 4.2083 1.1854, 0.0648 4.2083 1.185, 0.1098 4.2083 1.1854, 0.1098 4.2083 1.185, 0.1098 4.2227 1.1854, 0.1098 4.2227 1.185, 0.0648 4.2227 1.1854, 0.0648 4.2227 1.185, 0.0648 4.2631 1.1854, 0.0648 4.2631 1.185, 0.1134 4.2631 1.1854, 0.1134 4.2631 1.185, 0.1134 4.2776 1.1854, 0.1134 4.2776 1.185, 0.0485 4.2776 1.1854, 0.0485 4.2776 1.185, 0.0485 4.1515 1.1854, 0.0485 4.1515 1.185, 0.1163 4.1515 1.1854, 0.1163 4.1515 1.185, 0.4763 4.4002 1.1854, 0.4712 4.386 1.1854, 0.5187 4.4002 1.1854, 0.5237 4.386 1.1854, 0.4952 4.4527 1.1854, 0.4891 4.4776 1.1854, 0.4411 4.3515 1.1854, 0.4591 4.3515 1.1854, 0.4963 4.4564 1.1854, 0.4972 4.4615 1.1854, 0.5065 4.4776 1.1854, 0.4976 4.4615 1.1854, 0.4987 4.4562 1.1854, 0.4996 4.4527 1.1854, 0.5545 4.3515 1.1854, 0.5365 4.3515 1.1854, 0.4891 4.4776 1.185, 0.5065 4.4776 1.185, 0.4411 4.3515 1.185, 0.4774 4.4469 1.185, 0.4591 4.3515 1.185, 0.4712 4.386 1.185, 0.5237 4.386 1.185, 0.4774 4.386 1.185, 0.5365 4.3515 1.185, 0.5545 4.3515 1.185, 0.4952 4.4527 1.185, 0.4963 4.4564 1.185, 0.4972 4.4615 1.185, 0.4763 4.4002 1.185, 0.5187 4.4002 1.185, 0.4996 4.4527 1.185, 0.4976 4.4615 1.185, 0.4987 4.4562 1.185
            ]
        }
        coordIndex [
            0,1,2,-1,2,1,3,-1,2,3,4,-1,5,1,6,-1,6,1,0,-1,7,8,9,-1,9,8,5,-1,9,5,6,-1,10,8,11,-1,11,8,7,-1,12,13,14,-1,14,13,10,-1,14,10,11,-1,15,13,16,-1,16,13,12,-1,17,18,19,-1,19,18,15,-1,19,15,16,-1,20,18,21,-1,21,18,17,-1,22,23,24,-1,24,23,20,-1,24,20,21,-1,25,23,26,-1,26,23,22,-1,27,28,29,-1,29,28,25,-1,29,25,26,-1,3,28,4,-1,4,28,27,-1,25,28,3,-1,3,1,25,-1,25,1,5,-1,25,5,23,-1,18,20,15,-1,15,20,23,-1,15,23,13,-1,13,23,5,-1,13,5,10,-1,10,5,8,-1,30,31,32,-1,32,31,33,-1,34,30,35,-1,35,30,32,-1,36,34,37,-1,37,34,35,-1,38,36,39,-1,39,36,37,-1,40,38,41,-1,41,38,39,-1,42,40,43,-1,43,40,41,-1,44,42,45,-1,45,42,43,-1,46,44,47,-1,47,44,45,-1,48,46,49,-1,49,46,47,-1,50,48,51,-1,51,48,49,-1,52,50,53,-1,53,50,51,-1,31,52,33,-1,33,52,53,-1,50,52,31,-1,31,30,50,-1,50,30,34,-1,50,34,48,-1,44,46,42,-1,42,46,48,-1,42,48,40,-1,40,48,34,-1,40,34,38,-1,38,34,36,-1,54,55,56,-1,56,55,57,-1,58,59,54,-1,54,59,60,-1,54,60,55,-1,55,60,61,-1,58,62,59,-1,59,62,63,-1,59,63,64,-1,64,63,65,-1,64,65,66,-1,66,67,64,-1,64,67,56,-1,64,56,68,-1,68,56,57,-1,68,57,69,-1,59,64,70,-1,70,64,71,-1,72,60,73,-1,73,60,59,-1,73,59,70,-1,61,60,74,-1,74,60,72,-1,55,61,75,-1,75,61,74,-1,76,57,77,-1,77,57,55,-1,77,55,75,-1,69,57,78,-1,78,57,76,-1,68,69,79,-1,79,69,78,-1,64,68,71,-1,71,68,79,-1,58,80,81,-1,58,81,62,-1,62,81,82,-1,62,82,63,-1,58,54,80,-1,80,54,83,-1,54,56,83,-1,83,56,84,-1,56,67,84,-1,84,67,85,-1,65,86,87,-1,65,87,66,-1,66,87,85,-1,66,85,67,-1,65,63,86,-1,86,63,82,-1,
        ]
    }
}
Shape{
    appearance Appearance {
        material  Material 	{
            diffuseColor 0.6666666666666666 0.6666666666666666 0.6666666666666666
            specularColor 0.4666666666666667 0.4666666666666667 0.4666666666666667
            ambientIntensity 0.6667
            transparency 0.0
            shininess 0.5
        }
    }
    geometry IndexedFaceSet {
        ccw TRUE
        solid FALSE
        coord DEF co Coordinate {
            point [
                0.4976 4.4615 1.185, 0.4972 4.4615 1.185, 0.4987 4.4562 1.185, 0.4963 4.4564 1.185, 0.4996 4.4527 1.185, 0.4952 4.4527 1.185, 0.5187 4.4002 1.185, 0.4763 4.4002 1.185
            ]
        }
        coordIndex [
            0,1,2,-1,2,1,3,-1,2,3,4,-1,4,3,5,-1,4,5,6,-1,6,5,7,-1,
        ]
    }
}
Shape{
    appearance Appearance {
        material  Material 	{
            diffuseColor 0.0 0.0 0.0
            specularColor 0.0 0.0 0.0
            ambientIntensity 0.0
            transparency 0.0
            shininess 0.5
        }
    }
    geometry IndexedFaceSet {
        ccw TRUE
        solid FALSE
        coord DEF co Coordinate {
            point [
                0.2561 4.3659 1.185, 0.2561 4.3659 1.1854, 0.2901 4.3659 1.185, 0.3076 4.3659 1.1854, 0.3076 4.3659 1.185, 0.2561 4.4083 1.1854, 0.2561 4.4083 1.185, 0.3011 4.4083 1.185, 0.3011 4.4083 1.1854, 0.2901 4.4083 1.185, 0.3011 4.4227 1.1854, 0.3011 4.4227 1.185, 0.2561 4.4227 1.185, 0.2561 4.4227 1.1854, 0.2901 4.4227 1.185, 0.2561 4.4631 1.1854, 0.2561 4.4631 1.185, 0.3047 4.4631 1.185, 0.3047 4.4631 1.1854, 0.2901 4.4631 1.185, 0.3047 4.4776 1.1854, 0.3047 4.4776 1.185, 0.2398 4.4776 1.185, 0.2398 4.4776 1.1854, 0.2901 4.4776 1.185, 0.2398 4.3515 1.1854, 0.2398 4.3515 1.185, 0.3076 4.3515 1.185, 0.3076 4.3515 1.1854, 0.2901 4.3515 1.185, 0.0648 4.3659 1.1854, 0.115 4.3659 1.1854, 0.0648 4.3659 1.185, 0.115 4.3659 1.185, 0.0648 4.4776 1.1854, 0.0648 4.4776 1.185, 0.0485 4.4776 1.1854, 0.0485 4.4776 1.185, 0.0485 4.3515 1.1854, 0.0485 4.3515 1.185, 0.115 4.3515 1.1854, 0.115 4.3515 1.185
            ]
        }
        coordIndex [
            0,1,2,-1,2,1,3,-1,2,3,4,-1,5,1,6,-1,6,1,0,-1,7,8,9,-1,9,8,5,-1,9,5,6,-1,10,8,11,-1,11,8,7,-1,12,13,14,-1,14,13,10,-1,14,10,11,-1,15,13,16,-1,16,13,12,-1,17,18,19,-1,19,18,15,-1,19,15,16,-1,20,18,21,-1,21,18,17,-1,22,23,24,-1,24,23,20,-1,24,20,21,-1,25,23,26,-1,26,23,22,-1,27,28,29,-1,29,28,25,-1,29,25,26,-1,3,28,4,-1,4,28,27,-1,25,28,3,-1,3,1,25,-1,25,1,5,-1,25,5,23,-1,18,20,15,-1,15,20,23,-1,15,23,13,-1,13,23,5,-1,13,5,10,-1,10,5,8,-1,30,31,32,-1,32,31,33,-1,34,30,35,-1,35,30,32,-1,36,34,37,-1,37,34,35,-1,38,36,39,-1,39,36,37,-1,40,38,41,-1,41,38,39,-1,31,40,33,-1,33,40,41,-1,34,36,30,-1,30,36,38,-1,30,38,31,-1,31,38,40,-1,
        ]
    }
}